startyear,cruiseseries,cruise,callsignal,platformname,missionid,n_stations,n_records,included,excluded_records,exclusion_reason
1981,BSS,1981010,LLZG,G.O.Sars,1981_12,6,18,TRUE,0,NA
1981,Other,1981003,LMNJ,Vikheim,1981_5,93,279,TRUE,0,NA
1981,Other,1981010,LHUW,Michael Sars,1981_8,69,207,TRUE,0,NA
1981,WinterS,1981001,LMNJ,Vikheim,1981_4,115,345,FALSE,1,Russian EEZ
1981,WinterS,1981001,LNYT,Vårberget,1981_3,118,354,FALSE,1,Russian EEZ
1981,WinterS,1981002,LLZG,G.O.Sars,1981_13,77,231,FALSE,1,Russian EEZ
1982,Other,1982002,LMNJ,Vikheim,1982_4,89,267,TRUE,0,NA
1982,Other,1982011,LHUW,Michael Sars,1982_7,77,231,TRUE,0,NA
1982,WinterS,1982001,LMCT,Masi,1982_1,145,435,FALSE,1,Russian EEZ
1982,WinterS,1982001,LMNJ,Vikheim,1982_2,141,423,FALSE,1,Russian EEZ
1982,WinterS,1982002,LLZG,G.O.Sars,1982_12,68,204,FALSE,1,Russian EEZ
1983,Other,1983001,LHLU,Bøtrål IV,1983_15,127,381,TRUE,0,NA
1983,Other,1983011,LHYB,Eldjarn,1983_4,68,204,TRUE,0,NA
1983,WinterS,1983001,JXTZ,Stallo,1983_14,125,375,FALSE,1,Russian EEZ
1983,WinterS,1983001,LNIF,Hagbart Kræmer,1983_12,132,396,FALSE,1,Russian EEZ
1983,WinterS,1983002,LLZG,G.O.Sars,1983_6,62,186,FALSE,1,Russian EEZ
1984,BSS,1984003,LJIT,Håkon Mosby,1984_10,1,3,TRUE,0,NA
1984,BSS,1984010,LLZG,G.O.Sars,1984_11,1,3,TRUE,0,NA
1984,Other,1984001,JXTZ,Stallo,1984_5,185,555,FALSE,1,Russian EEZ
1984,Other,1984013,LHYB,Eldjarn,1984_13,86,258,TRUE,0,NA
1984,WinterS,1984001,LNNS,Vesttind,1984_3,110,330,FALSE,1,Russian EEZ
1984,WinterS,1984002,LLZG,G.O.Sars,1984_12,74,222,FALSE,1,Russian EEZ
1984,WinterS,1984002,LMCT,Masi,1984_4,135,405,FALSE,1,Russian EEZ
1985,CoastalS,1985013,LLZG,G.O.Sars,1985_16,21,63,TRUE,0,NA
1985,Other,1985001,LAMC,Raiti,1985_5,106,318,TRUE,0,NA
1985,Other,1985012,LHYB,Eldjarn,1985_20,96,288,TRUE,0,NA
1985,WinterS,1985001,JXTZ,Stallo,1985_3,129,387,FALSE,1,Russian EEZ
1985,WinterS,1985002,LLZG,G.O.Sars,1985_19,21,63,FALSE,1,Russian EEZ
1985,WinterS,1985002,LMCT,Masi,1985_9,134,402,FALSE,1,Russian EEZ
1986,BSS,1986012,LHYB,Eldjarn,1986_22,53,159,FALSE,1,Russian EEZ
1986,CoastalS,1986006,LLZG,G.O.Sars,1986_29,32,96,TRUE,0,NA
1986,Other,1986001,LIZY,Anny Kræmer,1986_37,189,567,TRUE,0,NA
1986,Other,1986001,LJIT,Håkon Mosby,1986_5,14,42,TRUE,0,NA
1986,WinterS,1986002,LAMC,Raiti,1986_38,127,381,FALSE,1,Russian EEZ
1986,WinterS,1986002,LHUW,Michael Sars,1986_26,24,72,FALSE,1,Russian EEZ
1986,WinterS,1986002,LLZG,G.O.Sars,1986_21,38,114,FALSE,1,Russian EEZ
1987,BSS,1987008,LHYB,Eldjarn,1987_13,8,24,TRUE,0,NA
1987,BSS,1987009,LHYB,Eldjarn,1987_14,104,312,TRUE,0,NA
1987,BSS,1987011,LHUW,Michael Sars,1987_23,50,150,TRUE,0,NA
1987,BSS,1987011,LLZG,G.O.Sars,1987_19,60,180,FALSE,1,Russian EEZ
1987,CoastalS,1987012,LLZG,G.O.Sars,1987_20,32,96,TRUE,0,NA
1987,WinterS,1987001,LMCT,Masi,1987_28,113,339,FALSE,1,Russian EEZ
1987,WinterS,1987002,LLZG,G.O.Sars,1987_16,60,180,FALSE,1,Russian EEZ
1987,WinterS,1987003,LHUW,Michael Sars,1987_22,49,147,FALSE,1,Russian EEZ
1988,BSS,1988010,LHUW,Michael Sars,1988_5,30,90,TRUE,0,NA
1988,BSS,1988012,LHYB,Eldjarn,1988_36,42,126,FALSE,1,Russian EEZ
1988,BSS,1988012,LLZG,G.O.Sars,1988_46,27,81,TRUE,0,NA
1988,CoastalS,1988014,LLZG,G.O.Sars,1988_40,29,87,TRUE,0,NA
1988,Other,1988001,LIZY,Anny Kræmer,1988_51,217,651,TRUE,0,NA
1988,WinterS,1988001,LHVR,T.O.Senior,1988_53,129,387,FALSE,1,Russian EEZ
1988,WinterS,1988002,LHUW,Michael Sars,1988_41,80,240,FALSE,1,Russian EEZ
1988,WinterS,1988002,LLZG,G.O.Sars,1988_44,109,327,FALSE,1,Russian EEZ
1989,BSS,1989001,JWOD,Kasfjord,1989_69,38,114,TRUE,0,NA
1989,BSS,1989001,JXQN,Atlantic,1989_64,27,81,TRUE,0,NA
1989,BSS,1989001,JXQZ,Eldborgtrål,1989_16,29,87,FALSE,1,Russian EEZ
1989,BSS,1989001,JXRD,Andenesfisk II,1989_13,15,45,TRUE,0,NA
1989,BSS,1989001,JXTY,Bjørnøy,1989_72,26,78,TRUE,0,NA
1989,BSS,1989001,JXUS,Havstrand,1989_67,28,84,FALSE,1,Russian EEZ
1989,BSS,1989001,LAMY,Juvel,1989_73,29,87,TRUE,0,NA
1989,BSS,1989001,LCYA,Nord Rollnes,1989_17,18,54,TRUE,0,NA
1989,BSS,1989001,LGFE,Ole Sætremyr,1989_70,24,72,TRUE,0,NA
1989,BSS,1989001,LHLU,Bøtrål IV,1989_10,32,96,TRUE,0,NA
1989,BSS,1989001,LHXV,Nordstar,1989_65,30,90,TRUE,0,NA
1989,BSS,1989001,LJIH,Peder Huse,1989_71,28,84,FALSE,1,Russian EEZ
1989,BSS,1989003,LIZY,Anny Kræmer,1989_63,29,87,FALSE,1,Russian EEZ
1989,BSS,1989011,LHYB,Eldjarn,1989_40,2,6,TRUE,0,NA
1989,BSS,1989011,LLZG,G.O.Sars,1989_44,3,9,TRUE,0,NA
1989,BSS,1989012,LHUW,Michael Sars,1989_60,7,21,FALSE,1,Russian EEZ
1989,BSS,1989012,LHYB,Eldjarn,1989_54,3,9,TRUE,0,NA
1989,BSS,1989012,LLZG,G.O.Sars,1989_45,29,87,FALSE,1,Russian EEZ
1989,BSS,1989014,LHYB,Eldjarn,1989_55,19,57,TRUE,0,NA
1989,CoastalS,1989013,LLZG,G.O.Sars,1989_59,35,105,TRUE,0,NA
1989,Other,1989001,LIZY,Anny Kræmer,1989_66,180,540,TRUE,0,NA
1989,Other,1989006,LHUW,Michael Sars,1989_18,6,18,TRUE,0,NA
1989,Other,1989010,LHUW,Michael Sars,1989_32,110,330,TRUE,0,NA
1989,WinterS,1989002,LHUW,Michael Sars,1989_46,28,84,FALSE,1,Russian EEZ
1989,WinterS,1989002,LIZY,Anny Kræmer,1989_68,128,384,FALSE,1,Russian EEZ
1989,WinterS,1989002,LLZG,G.O.Sars,1989_43,46,138,FALSE,1,Russian EEZ
1990,BSS,1990001,JWOD,Kasfjord,1990_111,46,138,FALSE,1,Russian EEZ
1990,BSS,1990001,JXHR,Myrefisk I,1990_108,39,117,FALSE,1,Russian EEZ
1990,BSS,1990001,JXRD,Andenesfisk II,1990_2,48,144,TRUE,0,NA
1990,BSS,1990001,LCYA,Nord Rollnes,1990_8,37,111,FALSE,1,Russian EEZ
1990,BSS,1990001,LMXC,Håkøy II,1990_7,43,129,TRUE,0,NA
1990,BSS,1990008,LHUW,Michael Sars,1990_103,2,6,TRUE,0,NA
1990,BSS,1990009,LHUW,Michael Sars,1990_104,38,114,FALSE,1,Russian EEZ
1990,BSS,1990010,LLZG,G.O.Sars,1990_91,23,69,FALSE,1,Russian EEZ
1990,BSS,1990013,LHYB,Eldjarn,1990_98,91,273,FALSE,1,Russian EEZ
1990,Other,1990001,LIZY,Anny Kræmer,1990_112,206,618,TRUE,0,NA
1990,Other,1990005,LHUW,Michael Sars,1990_4,136,408,FALSE,1,Russian EEZ
1990,Other,1990007,LHUW,Michael Sars,1990_6,138,414,TRUE,0,NA
1990,Other,1990011,LLZG,G.O.Sars,1990_92,1,3,TRUE,0,NA
1990,WinterS,1990002,LHUW,Michael Sars,1990_101,6,18,TRUE,0,NA
1990,WinterS,1990002,LIZY,Anny Kræmer,1990_110,165,495,FALSE,1,Russian EEZ
1990,WinterS,1990002,LLZG,G.O.Sars,1990_100,58,174,FALSE,1,Russian EEZ
1991,BSS,1991001,JWWB,Gargia,1991_33,50,150,FALSE,1,Russian EEZ
1991,BSS,1991001,JXRD,Andenesfisk II,1991_9,56,168,FALSE,1,Russian EEZ
1991,BSS,1991001,JXWX,Varegg,1991_29,49,147,TRUE,0,NA
1991,BSS,1991001,LGEB,Jergul,1991_34,62,186,FALSE,1,Russian EEZ
1991,BSS,1991001,LMXC,Håkøy II,1991_31,52,156,TRUE,0,NA
1991,BSS,1991003,LIZY,Anny Kræmer,1991_28,27,81,FALSE,1,Russian EEZ
1991,BSS,1991009,LHUW,Michael Sars,1991_25,69,207,FALSE,1,Russian EEZ
1991,BSS,1991011,LLZG,G.O.Sars,1991_15,38,114,TRUE,0,NA
1991,BSS,1991012,LDGJ,Johan Hjort,1991_22,1,3,TRUE,0,NA
1991,CoastalS,1991014,LDGJ,Johan Hjort,1991_23,54,162,TRUE,0,NA
1991,Other,1991001,LIZY,Anny Kræmer,1991_30,218,654,TRUE,0,NA
1991,Other,1991005,LHUW,Michael Sars,1991_5,127,381,FALSE,1,Russian EEZ
1991,Other,1991006,LLZG,G.O.Sars,1991_120,1,3,TRUE,0,NA
1991,Other,1991017,LDGJ,Johan Hjort,1991_8,12,36,TRUE,0,NA
1991,WinterS,1991002,LIZY,Anny Kræmer,1991_32,172,516,FALSE,1,Russian EEZ
1991,WinterS,1991002,LLZG,G.O.Sars,1991_14,89,267,FALSE,1,Russian EEZ
1991,WinterS,1991003,LDGJ,Johan Hjort,1991_21,41,123,FALSE,1,Russian EEZ
1992,BSS,1992001,JXNA,Prestfjord,1992_34,44,132,FALSE,1,Russian EEZ
1992,BSS,1992001,JXTZ,Stallo,1992_49,41,123,FALSE,1,Russian EEZ
1992,BSS,1992001,JXWX,Varegg,1992_46,44,132,TRUE,0,NA
1992,BSS,1992001,LMNJ,Skjervøyfisk,1992_36,41,123,TRUE,0,NA
1992,BSS,1992002,JWWB,Gargia,1992_47,38,114,TRUE,0,NA
1992,BSS,1992003,LIZY,Anny Kræmer,1992_48,46,138,FALSE,1,Russian EEZ
1992,BSS,1992011,LDGJ,Johan Hjort,1992_24,1,3,TRUE,0,NA
1992,BSS,1992013,LHUW,Michael Sars,1992_27,79,237,FALSE,1,Russian EEZ
1992,BSS,1992013,LLZG,G.O.Sars,1992_20,29,87,TRUE,0,NA
1992,CoastalS,1992013,LDGJ,Johan Hjort,1992_25,64,192,TRUE,0,NA
1992,Other,1992001,JWWB,Gargia,1992_31,161,483,TRUE,0,NA
1992,Other,1992001,LIZY,Anny Kræmer,1992_44,180,540,TRUE,0,NA
1992,Other,1992003,LHUW,Michael Sars,1992_150,2,6,TRUE,0,NA
1992,Other,1992003,LLZG,G.O.Sars,1992_158,6,18,TRUE,0,NA
1992,Other,1992011,LEDR,Johan Ruud,1992_53,125,375,TRUE,0,NA
1992,Other,1992014,LLZG,G.O.Sars,1992_2,3,9,TRUE,0,NA
1992,WinterS,1992002,LDGJ,Johan Hjort,1992_22,56,168,FALSE,1,Russian EEZ
1992,WinterS,1992002,LIZY,Anny Kræmer,1992_50,162,486,FALSE,1,Russian EEZ
1993,BHtokt,BAR1993.SPD,LAHV,Jan Mayen,1993_1001,1,1,TRUE,0,NA
1993,BHtokt,BAR1993.SPD,LAHV,Jan Mayen,1993_1002,1,1,TRUE,0,NA
1993,BHtokt,BAR1993.SPD,LAHV,Jan Mayen,1993_1003,1,1,TRUE,0,NA
1993,BHtokt,BAR1993.SPD,LAHV,Jan Mayen,1993_1004,1,1,TRUE,0,NA
1993,BHtokt,BAR1993.SPD,LAHV,Jan Mayen,1993_1005,1,1,TRUE,0,NA
1993,BHtokt,BAR1993.SPD,LAHV,Jan Mayen,1993_1006,1,1,TRUE,0,NA
1993,BHtokt,BAR1993.SPD,LAHV,Jan Mayen,1993_1007,1,1,TRUE,0,NA
1993,BHtokt,BAR1993.SPD,LAHV,Jan Mayen,1993_1008,1,1,TRUE,0,NA
1993,BHtokt,BAR1993.SPD,LAHV,Jan Mayen,1993_1009,1,1,TRUE,0,NA
1993,BHtokt,BAR1993.SPD,LAHV,Jan Mayen,1993_1010,1,1,TRUE,0,NA
1993,BHtokt,BAR1993.SPD,LAHV,Jan Mayen,1993_1011,1,1,TRUE,0,NA
1993,BHtokt,BAR1993.SPD,LAHV,Jan Mayen,1993_1012,1,1,TRUE,0,NA
1993,BHtokt,BAR1993.SPD,LAHV,Jan Mayen,1993_1013,1,1,TRUE,0,NA
1993,BHtokt,BAR1993.SPD,LAHV,Jan Mayen,1993_1014,1,1,TRUE,0,NA
1993,BHtokt,BAR1993.SPD,LAHV,Jan Mayen,1993_1015,1,1,TRUE,0,NA
1993,BHtokt,BAR1993.SPD,LAHV,Jan Mayen,1993_1016,1,1,TRUE,0,NA
1993,BHtokt,BAR1993.SPD,LAHV,Jan Mayen,1993_1017,1,1,TRUE,0,NA
1993,BHtokt,BAR1993.SPD,LAHV,Jan Mayen,1993_1018,1,1,TRUE,0,NA
1993,BHtokt,BAR1993.SPD,LAHV,Jan Mayen,1993_1019,1,1,TRUE,0,NA
1993,BHtokt,BAR1993.SPD,LAHV,Jan Mayen,1993_1020,1,1,TRUE,0,NA
1993,BHtokt,BAR1993.SPD,LAHV,Jan Mayen,1993_1021,1,1,TRUE,0,NA
1993,BHtokt,BAR1993.SPD,LAHV,Jan Mayen,1993_1022,1,1,TRUE,0,NA
1993,BHtokt,BAR1993.SPD,LAHV,Jan Mayen,1993_1023,1,1,TRUE,0,NA
1993,BHtokt,BAR1993.SPD,LAHV,Jan Mayen,1993_1024,1,1,TRUE,0,NA
1993,BHtokt,BAR1993.SPD,LAHV,Jan Mayen,1993_1025,1,1,TRUE,0,NA
1993,BHtokt,BAR1993.SPD,LAHV,Jan Mayen,1993_1026,1,1,TRUE,0,NA
1993,BHtokt,BAR1993.SPD,LAHV,Jan Mayen,1993_1027,1,1,TRUE,0,NA
1993,BHtokt,BAR1993.SPD,LAHV,Jan Mayen,1993_1028,1,1,TRUE,0,NA
1993,BHtokt,BAR1993.SPD,LAHV,Jan Mayen,1993_1029,1,1,TRUE,0,NA
1993,BHtokt,BAR1993.SPD,LAHV,Jan Mayen,1993_1030,1,1,TRUE,0,NA
1993,BHtokt,BAR1993.SPD,LAHV,Jan Mayen,1993_1031,1,1,TRUE,0,NA
1993,BHtokt,BAR1993.SPD,LAHV,Jan Mayen,1993_1032,1,1,TRUE,0,NA
1993,BHtokt,BAR1993.SPD,LAHV,Jan Mayen,1993_1033,1,1,TRUE,0,NA
1993,BHtokt,BAR1993.SPD,LAHV,Jan Mayen,1993_1034,1,1,TRUE,0,NA
1993,BHtokt,BAR1993.SPD,LAHV,Jan Mayen,1993_1035,1,1,TRUE,0,NA
1993,BHtokt,BAR1993.SPD,LAHV,Jan Mayen,1993_1036,1,1,TRUE,0,NA
1993,BHtokt,BAR1993.SPD,LAHV,Jan Mayen,1993_1037,1,1,TRUE,0,NA
1993,BHtokt,BAR1993.SPD,LAHV,Jan Mayen,1993_1038,1,1,TRUE,0,NA
1993,BHtokt,BAR1993.SPD,LAHV,Jan Mayen,1993_1039,1,1,TRUE,0,NA
1993,BHtokt,BAR1993.SPD,LAHV,Jan Mayen,1993_1040,1,1,TRUE,0,NA
1993,BHtokt,BAR1993.SPD,LAHV,Jan Mayen,1993_1041,1,1,TRUE,0,NA
1993,BHtokt,BAR1993.SPD,LAHV,Jan Mayen,1993_1042,1,1,TRUE,0,NA
1993,BHtokt,BAR1993.SPD,LAHV,Jan Mayen,1993_1043,1,1,TRUE,0,NA
1993,BHtokt,BAR1993.SPD,LAHV,Jan Mayen,1993_1044,1,1,TRUE,0,NA
1993,BHtokt,BAR1993.SPD,LAHV,Jan Mayen,1993_1045,1,1,TRUE,0,NA
1993,BHtokt,BAR1993.SPD,LAHV,Jan Mayen,1993_1046,1,1,TRUE,0,NA
1993,BHtokt,BAR1993.SPD,LAHV,Jan Mayen,1993_1047,1,1,TRUE,0,NA
1993,BHtokt,BAR1993.SPD,LAHV,Jan Mayen,1993_1048,1,1,TRUE,0,NA
1993,BHtokt,BAR1993.SPD,LAHV,Jan Mayen,1993_1049,1,1,TRUE,0,NA
1993,BHtokt,BAR1993.SPD,LAHV,Jan Mayen,1993_1050,1,1,TRUE,0,NA
1993,BHtokt,BAR1993.SPD,LAHV,Jan Mayen,1993_1051,1,1,TRUE,0,NA
1993,BHtokt,BAR1993.SPD,LAHV,Jan Mayen,1993_1052,1,1,TRUE,0,NA
1993,BHtokt,BAR1993.SPD,LAHV,Jan Mayen,1993_1053,1,1,TRUE,0,NA
1993,BHtokt,BAR1993.SPD,LAHV,Jan Mayen,1993_1054,1,1,TRUE,0,NA
1993,BHtokt,BAR1993.SPD,LAHV,Jan Mayen,1993_1055,1,1,TRUE,0,NA
1993,BHtokt,BAR1993.SPD,LAHV,Jan Mayen,1993_1056,1,1,TRUE,0,NA
1993,BHtokt,BAR1993.SPD,LAHV,Jan Mayen,1993_1057,1,1,TRUE,0,NA
1993,BHtokt,BAR1993.SPD,LAHV,Jan Mayen,1993_1058,1,1,TRUE,0,NA
1993,BHtokt,BAR1993.SPD,LAHV,Jan Mayen,1993_1059,1,1,TRUE,0,NA
1993,BHtokt,BAR1993.SPD,LAHV,Jan Mayen,1993_1060,1,1,TRUE,0,NA
1993,BHtokt,BAR1993.SPD,LAHV,Jan Mayen,1993_1061,1,1,TRUE,0,NA
1993,BHtokt,BAR1993.SPD,LAHV,Jan Mayen,1993_1062,1,1,TRUE,0,NA
1993,BHtokt,BAR1993.SPD,LAHV,Jan Mayen,1993_1063,1,1,TRUE,0,NA
1993,BHtokt,BAR1993.SPD,LAHV,Jan Mayen,1993_1064,1,1,TRUE,0,NA
1993,BHtokt,BAR1993.SPD,LAHV,Jan Mayen,1993_1065,1,1,TRUE,0,NA
1993,BHtokt,BAR1993.SPD,LAHV,Jan Mayen,1993_1066,1,1,TRUE,0,NA
1993,BHtokt,BAR1993.SPD,LAHV,Jan Mayen,1993_1067,1,1,TRUE,0,NA
1993,BHtokt,BAR1993.SPD,LAHV,Jan Mayen,1993_1068,1,1,TRUE,0,NA
1993,BHtokt,BAR1993.SPD,LAHV,Jan Mayen,1993_1069,1,1,TRUE,0,NA
1993,BHtokt,BAR1993.SPD,LAHV,Jan Mayen,1993_1070,1,1,TRUE,0,NA
1993,BHtokt,BAR1993.SPD,LAHV,Jan Mayen,1993_1071,1,1,TRUE,0,NA
1993,BHtokt,BAR1993.SPD,LAHV,Jan Mayen,1993_1072,1,1,TRUE,0,NA
1993,BHtokt,BAR1993.SPD,LAHV,Jan Mayen,1993_1073,1,1,TRUE,0,NA
1993,BHtokt,BAR1993.SPD,LAHV,Jan Mayen,1993_1074,1,1,TRUE,0,NA
1993,BHtokt,BAR1993.SPD,LAHV,Jan Mayen,1993_1075,1,1,TRUE,0,NA
1993,BHtokt,BAR1993.SPD,LAHV,Jan Mayen,1993_1298,1,1,TRUE,0,NA
1993,BHtokt,BAR1993.SPD,LAHV,Jan Mayen,1993_1299,1,1,TRUE,0,NA
1993,BHtokt,BAR1993.SPD,LAHV,Jan Mayen,1993_1300,1,1,TRUE,0,NA
1993,BHtokt,BAR1993.SPD,LAHV,Jan Mayen,1993_1301,1,1,TRUE,0,NA
1993,BHtokt,BAR1993.SPD,LAHV,Jan Mayen,1993_1302,1,1,TRUE,0,NA
1993,BHtokt,BAR1993.SPD,LAHV,Jan Mayen,1993_1303,1,1,TRUE,0,NA
1993,BHtokt,BAR1993.SPD,LAHV,Jan Mayen,1993_1304,1,1,TRUE,0,NA
1993,BHtokt,BAR1993.SPD,LAHV,Jan Mayen,1993_1305,1,1,TRUE,0,NA
1993,BHtokt,BAR1993.SPD,LAHV,Jan Mayen,1993_1306,1,1,TRUE,0,NA
1993,BHtokt,BAR1993.SPD,LAHV,Jan Mayen,1993_1307,1,1,TRUE,0,NA
1993,BHtokt,BAR1993.SPD,LAHV,Jan Mayen,1993_1308,1,1,TRUE,0,NA
1993,BHtokt,BAR1993.SPD,LAHV,Jan Mayen,1993_1309,1,1,TRUE,0,NA
1993,BHtokt,BAR1993.SPD,LAHV,Jan Mayen,1993_1310,1,1,TRUE,0,NA
1993,BHtokt,BAR1993.SPD,LAHV,Jan Mayen,1993_1311,1,1,TRUE,0,NA
1993,BHtokt,BAR1993.SPD,LAHV,Jan Mayen,1993_1312,1,1,TRUE,0,NA
1993,BHtokt,BAR1993.SPD,LAHV,Jan Mayen,1993_1313,1,1,TRUE,0,NA
1993,BHtokt,BAR1993.SPD,LAHV,Jan Mayen,1993_1314,1,1,TRUE,0,NA
1993,BHtokt,BAR1993.SPD,LAHV,Jan Mayen,1993_1315,1,1,TRUE,0,NA
1993,BHtokt,BAR1993.SPD,LAHV,Jan Mayen,1993_1316,1,1,TRUE,0,NA
1993,BHtokt,BAR1993.SPD,LAHV,Jan Mayen,1993_1317,1,1,TRUE,0,NA
1993,BHtokt,BAR1993.SPD,LAHV,Jan Mayen,1993_1318,1,1,TRUE,0,NA
1993,BHtokt,BAR1993.SPD,LAHV,Jan Mayen,1993_1319,1,1,TRUE,0,NA
1993,BHtokt,BAR1993.SPD,LAHV,Jan Mayen,1993_1320,1,1,TRUE,0,NA
1993,BHtokt,BAR1993.SPD,LAHV,Jan Mayen,1993_1321,1,1,TRUE,0,NA
1993,BHtokt,BAR1993.SPD,LAHV,Jan Mayen,1993_1322,1,1,TRUE,0,NA
1993,BHtokt,BAR1993.SPD,LAHV,Jan Mayen,1993_1323,1,1,TRUE,0,NA
1993,BHtokt,BAR1993.SPD,LAHV,Jan Mayen,1993_1324,1,1,TRUE,0,NA
1993,BHtokt,BAR1993.SPD,LAHV,Jan Mayen,1993_1325,1,1,TRUE,0,NA
1993,BHtokt,BAR1993.SPD,LAHV,Jan Mayen,1993_1326,1,1,TRUE,0,NA
1993,BHtokt,BAR1993.SPD,LAHV,Jan Mayen,1993_1327,1,1,TRUE,0,NA
1993,BHtokt,BAR1993.SPD,LAHV,Jan Mayen,1993_1328,1,1,TRUE,0,NA
1993,BHtokt,BAR1993.SPD,LAHV,Jan Mayen,1993_1329,1,1,TRUE,0,NA
1993,BHtokt,BAR1993.SPD,LAHV,Jan Mayen,1993_1330,1,1,TRUE,0,NA
1993,BHtokt,BAR1993.SPD,LAHV,Jan Mayen,1993_1331,1,1,TRUE,0,NA
1993,BHtokt,BAR1993.SPD,LAHV,Jan Mayen,1993_1332,1,1,TRUE,0,NA
1993,BHtokt,BAR1993.SPD,LAHV,Jan Mayen,1993_1333,1,1,TRUE,0,NA
1993,BHtokt,BAR1993.SPD,LAHV,Jan Mayen,1993_1334,1,1,TRUE,0,NA
1993,BHtokt,BAR1993.SPD,LAHV,Jan Mayen,1993_1335,1,1,TRUE,0,NA
1993,BHtokt,BAR1993.SPD,LAHV,Jan Mayen,1993_1336,1,1,TRUE,0,NA
1993,BHtokt,BAR1993.SPD,LAHV,Jan Mayen,1993_1337,1,1,TRUE,0,NA
1993,BHtokt,BAR1993.SPD,LAHV,Jan Mayen,1993_1338,1,1,TRUE,0,NA
1993,BHtokt,BAR1993.SPD,LAHV,Jan Mayen,1993_1339,1,1,TRUE,0,NA
1993,BHtokt,BAR1993.SPD,LAHV,Jan Mayen,1993_1340,1,1,TRUE,0,NA
1993,BHtokt,BAR1993.SPD,LAHV,Jan Mayen,1993_1341,1,1,TRUE,0,NA
1993,BHtokt,BAR1993.SPD,LAHV,Jan Mayen,1993_1342,1,1,TRUE,0,NA
1993,BHtokt,BAR1993.SPD,LAHV,Jan Mayen,1993_1343,1,1,TRUE,0,NA
1993,BHtokt,BAR1993.SPD,LAHV,Jan Mayen,1993_1344,1,1,TRUE,0,NA
1993,BHtokt,BAR1993.SPD,LAHV,Jan Mayen,1993_1345,1,1,TRUE,0,NA
1993,BHtokt,BAR1993.SPD,LAHV,Jan Mayen,1993_1346,1,1,TRUE,0,NA
1993,BHtokt,BAR1993.SPD,LAHV,Jan Mayen,1993_1347,1,1,TRUE,0,NA
1993,BHtokt,BAR1993.SPD,LAHV,Jan Mayen,1993_1348,1,1,TRUE,0,NA
1993,BHtokt,BAR1993.SPD,LAHV,Jan Mayen,1993_1349,1,1,TRUE,0,NA
1993,BHtokt,BAR1993.SPD,LAHV,Jan Mayen,1993_1350,1,1,TRUE,0,NA
1993,BHtokt,BAR1993.SPD,LAHV,Jan Mayen,1993_1351,1,1,TRUE,0,NA
1993,BHtokt,BAR1993.SPD,LAHV,Jan Mayen,1993_1352,1,1,TRUE,0,NA
1993,BHtokt,BAR1993.SPD,LAHV,Jan Mayen,1993_1353,1,1,TRUE,0,NA
1993,BHtokt,BAR1993.SPD,LAHV,Jan Mayen,1993_1354,1,1,TRUE,0,NA
1993,BHtokt,BAR1993.SPD,LAHV,Jan Mayen,1993_1355,1,1,TRUE,0,NA
1993,BHtokt,BAR1993.SPD,LAHV,Jan Mayen,1993_1356,1,1,TRUE,0,NA
1993,BHtokt,BAR1993.SPD,LAHV,Jan Mayen,1993_1357,1,1,TRUE,0,NA
1993,BHtokt,BAR1993.SPD,LAHV,Jan Mayen,1993_1358,1,1,TRUE,0,NA
1993,BHtokt,BAR1993.SPD,LAHV,Jan Mayen,1993_1359,1,1,TRUE,0,NA
1993,BHtokt,BAR1993.SPD,LAHV,Jan Mayen,1993_1360,1,1,TRUE,0,NA
1993,BHtokt,BAR1993.SPD,LAHV,Jan Mayen,1993_1361,1,1,TRUE,0,NA
1993,BHtokt,BAR1993.SPD,LAHV,Jan Mayen,1993_1362,1,1,TRUE,0,NA
1993,BHtokt,BAR1993.SPD,LAHV,Jan Mayen,1993_1363,1,1,TRUE,0,NA
1993,BHtokt,BAR1993.SPD,LAHV,Jan Mayen,1993_1364,1,1,TRUE,0,NA
1993,BHtokt,BAR1993.SPD,LAHV,Jan Mayen,1993_1365,1,1,TRUE,0,NA
1993,BHtokt,BAR1993.SPD,LAHV,Jan Mayen,1993_1366,1,1,TRUE,0,NA
1993,BHtokt,BAR1993.SPD,LAHV,Jan Mayen,1993_1367,1,1,TRUE,0,NA
1993,BHtokt,BAR1993.SPD,LAHV,Jan Mayen,1993_1368,1,1,TRUE,0,NA
1993,BHtokt,BAR1993.SPD,LAHV,Jan Mayen,1993_1369,1,1,TRUE,0,NA
1993,BHtokt,BAR1993.SPD,LAHV,Jan Mayen,1993_1370,1,1,TRUE,0,NA
1993,BHtokt,BAR1993.SPD,LAHV,Jan Mayen,1993_1371,1,1,TRUE,0,NA
1993,BHtokt,BAR1993.SPD,LAHV,Jan Mayen,1993_1372,1,1,TRUE,0,NA
1993,BHtokt,BAR1993.SPD,LAHV,Jan Mayen,1993_1373,1,1,TRUE,0,NA
1993,BHtokt,BAR1993.SPD,LAHV,Jan Mayen,1993_1374,1,1,TRUE,0,NA
1993,BHtokt,BAR1993.SPD,LAHV,Jan Mayen,1993_1375,1,1,TRUE,0,NA
1993,BHtokt,BAR1993.SPD,LAHV,Jan Mayen,1993_1376,1,1,TRUE,0,NA
1993,BHtokt,BAR1993.SPD,LAHV,Jan Mayen,1993_1377,1,1,TRUE,0,NA
1993,BHtokt,BAR1993.SPD,LAHV,Jan Mayen,1993_1378,1,1,TRUE,0,NA
1993,BHtokt,BAR1993.SPD,LAHV,Jan Mayen,1993_1379,1,1,TRUE,0,NA
1993,BHtokt,BAR1993.SPD,LAHV,Jan Mayen,1993_1380,1,1,TRUE,0,NA
1993,BHtokt,BAR1993.SPD,LAHV,Jan Mayen,1993_1381,1,1,TRUE,0,NA
1993,BHtokt,BAR1993.SPD,LAHV,Jan Mayen,1993_1382,1,1,TRUE,0,NA
1993,BHtokt,BAR1993.SPD,LAHV,Jan Mayen,1993_1383,1,1,TRUE,0,NA
1993,BHtokt,BAR1993.SPD,LAHV,Jan Mayen,1993_1384,1,1,TRUE,0,NA
1993,BHtokt,BAR1993.SPD,LAHV,Jan Mayen,1993_1385,1,1,TRUE,0,NA
1993,BHtokt,BAR1993.SPD,LAHV,Jan Mayen,1993_1386,1,1,TRUE,0,NA
1993,BHtokt,BAR1993.SPD,LAHV,Jan Mayen,1993_1387,1,1,TRUE,0,NA
1993,BHtokt,BAR1993.SPD,LAHV,Jan Mayen,1993_1388,1,1,TRUE,0,NA
1993,BHtokt,BAR1993.SPD,LAHV,Jan Mayen,1993_1389,1,1,TRUE,0,NA
1993,BHtokt,BAR1993.SPD,LAHV,Jan Mayen,1993_1390,1,1,TRUE,0,NA
1993,BHtokt,BAR1993.SPD,LAHV,Jan Mayen,1993_1391,1,1,TRUE,0,NA
1993,BHtokt,BAR1993.SPD,LAHV,Jan Mayen,1993_1392,1,1,TRUE,0,NA
1993,BHtokt,BAR1993.SPD,LAHV,Jan Mayen,1993_1393,1,1,TRUE,0,NA
1993,BHtokt,BAR1993.SPD,LAHV,Jan Mayen,1993_1394,1,1,TRUE,0,NA
1993,BHtokt,BAR1993.SPD,LAHV,Jan Mayen,1993_1395,1,1,TRUE,0,NA
1993,BHtokt,BAR1993.SPD,LAHV,Jan Mayen,1993_1396,1,1,TRUE,0,NA
1993,BHtokt,BAR1993.SPD,LAHV,Jan Mayen,1993_1397,1,1,TRUE,0,NA
1993,BHtokt,BAR1993.SPD,LAHV,Jan Mayen,1993_1398,1,1,TRUE,0,NA
1993,BHtokt,BAR1993.SPD,LAHV,Jan Mayen,1993_1399,1,1,TRUE,0,NA
1993,BHtokt,BAR1993.SPD,LAHV,Jan Mayen,1993_1400,1,1,TRUE,0,NA
1993,BHtokt,BAR1993.SPD,LAHV,Jan Mayen,1993_1401,1,1,TRUE,0,NA
1993,BHtokt,BAR1993.SPD,LAHV,Jan Mayen,1993_1402,1,1,TRUE,0,NA
1993,BHtokt,BAR1993.SPD,LAHV,Jan Mayen,1993_1403,1,1,TRUE,0,NA
1993,BHtokt,BAR1993.SPD,LAHV,Jan Mayen,1993_1404,1,1,TRUE,0,NA
1993,BHtokt,BAR1993.SPD,LAHV,Jan Mayen,1993_1405,1,1,TRUE,0,NA
1993,BHtokt,BAR1993.SPD,LAHV,Jan Mayen,1993_1406,1,1,TRUE,0,NA
1993,BHtokt,BAR1993.SPD,LAHV,Jan Mayen,1993_1407,1,1,TRUE,0,NA
1993,BHtokt,BAR1993.SPD,LAHV,Jan Mayen,1993_1408,1,1,TRUE,0,NA
1993,BHtokt,BAR1993.SPD,LAHV,Jan Mayen,1993_1409,1,1,TRUE,0,NA
1993,BHtokt,BAR1993.SPD,LAHV,Jan Mayen,1993_1410,1,1,TRUE,0,NA
1993,BHtokt,BAR1993.SPD,LAHV,Jan Mayen,1993_1411,1,1,TRUE,0,NA
1993,BHtokt,BAR1993.SPD,LAHV,Jan Mayen,1993_1412,1,1,TRUE,0,NA
1993,BHtokt,BAR1993.SPD,LAHV,Jan Mayen,1993_1413,1,1,TRUE,0,NA
1993,BHtokt,BAR1993.SPD,LAHV,Jan Mayen,1993_1414,1,1,TRUE,0,NA
1993,BHtokt,BAR1993.SPD,LAHV,Jan Mayen,1993_1415,1,1,TRUE,0,NA
1993,BHtokt,BAR1993.SPD,LAHV,Jan Mayen,1993_1416,1,1,FALSE,1,Russian EEZ
1993,BHtokt,BAR1993.SPD,LAHV,Jan Mayen,1993_1417,1,1,FALSE,1,Russian EEZ
1993,BHtokt,BAR1993.SPD,LAHV,Jan Mayen,1993_1418,1,1,FALSE,1,Russian EEZ
1993,BHtokt,BAR1993.SPD,LAHV,Jan Mayen,1993_1419,1,1,FALSE,1,Russian EEZ
1993,BHtokt,BAR1993.SPD,LAHV,Jan Mayen,1993_1420,1,1,TRUE,0,NA
1993,BHtokt,BAR1993.SPD,LAHV,Jan Mayen,1993_1421,1,1,TRUE,0,NA
1993,BHtokt,BAR1993.SPD,LAHV,Jan Mayen,1993_1422,1,1,TRUE,0,NA
1993,BHtokt,BAR1993.SPD,LAHV,Jan Mayen,1993_1423,1,1,TRUE,0,NA
1993,BHtokt,BAR1993.SPD,LAHV,Jan Mayen,1993_1424,1,1,TRUE,0,NA
1993,BHtokt,BAR1993.SPD,LAHV,Jan Mayen,1993_1425,1,1,TRUE,0,NA
1993,BHtokt,BAR1993.SPD,LAHV,Jan Mayen,1993_1426,1,1,TRUE,0,NA
1993,BHtokt,BAR1993.SPD,LAHV,Jan Mayen,1993_1427,1,1,TRUE,0,NA
1993,BHtokt,BAR1993.SPD,LAHV,Jan Mayen,1993_1428,1,1,TRUE,0,NA
1993,BHtokt,BAR1993.SPD,LAHV,Jan Mayen,1993_1429,1,1,TRUE,0,NA
1993,BHtokt,BAR1993.SPD,LAHV,Jan Mayen,1993_1430,1,1,TRUE,0,NA
1993,BHtokt,BAR1993.SPD,LAHV,Jan Mayen,1993_1431,1,1,TRUE,0,NA
1993,BHtokt,BAR1993.SPD,LAHV,Jan Mayen,1993_1432,1,1,TRUE,0,NA
1993,BHtokt,BAR1993.SPD,LAHV,Jan Mayen,1993_1433,1,1,TRUE,0,NA
1993,BHtokt,BAR1993.SPD,LAHV,Jan Mayen,1993_1434,1,1,TRUE,0,NA
1993,BHtokt,BAR1993.SPD,LAHV,Jan Mayen,1993_1435,1,1,TRUE,0,NA
1993,BHtokt,BAR1993.SPD,LAHV,Jan Mayen,1993_1436,1,1,TRUE,0,NA
1993,BHtokt,BAR1993.SPD,LAHV,Jan Mayen,1993_1437,1,1,TRUE,0,NA
1993,BHtokt,BAR1993.SPD,LAHV,Jan Mayen,1993_1438,1,1,TRUE,0,NA
1993,BHtokt,BAR1993.SPD,LAHV,Jan Mayen,1993_1439,1,1,TRUE,0,NA
1993,BHtokt,BAR1993.SPD,LAHV,Jan Mayen,1993_1440,1,1,TRUE,0,NA
1993,BHtokt,BAR1993.SPD,LAHV,Jan Mayen,1993_1441,1,1,TRUE,0,NA
1993,BHtokt,BAR1993.SPD,LAHV,Jan Mayen,1993_1442,1,1,TRUE,0,NA
1993,BHtokt,BAR1993.SPD,LAHV,Jan Mayen,1993_1443,1,1,TRUE,0,NA
1993,BHtokt,BAR1993.SPD,LAHV,Jan Mayen,1993_1444,1,1,TRUE,0,NA
1993,BHtokt,BAR1993.SPD,LAHV,Jan Mayen,1993_1445,1,1,TRUE,0,NA
1993,BHtokt,BAR1993.SPD,LAHV,Jan Mayen,1993_1446,1,1,TRUE,0,NA
1993,BHtokt,BAR1993.SPD,LAHV,Jan Mayen,1993_1447,1,1,TRUE,0,NA
1993,BHtokt,BAR1993.SPD,LAHV,Jan Mayen,1993_1448,1,1,TRUE,0,NA
1993,BHtokt,BAR1993.SPD,LAHV,Jan Mayen,1993_1449,1,1,TRUE,0,NA
1993,BHtokt,BAR1993.SPD,LAHV,Jan Mayen,1993_1450,1,1,TRUE,0,NA
1993,BHtokt,BAR1993.SPD,LAHV,Jan Mayen,1993_1451,1,1,TRUE,0,NA
1993,BHtokt,BAR1993.SPD,LAHV,Jan Mayen,1993_1452,1,1,TRUE,0,NA
1993,BHtokt,BAR1993.SPD,LAHV,Jan Mayen,1993_1453,1,1,TRUE,0,NA
1993,BHtokt,BAR1993.SPD,LAHV,Jan Mayen,1993_1454,1,1,TRUE,0,NA
1993,BHtokt,BAR1993.SPD,LAHV,Jan Mayen,1993_1455,1,1,TRUE,0,NA
1993,BHtokt,BAR1993.SPD,LAHV,Jan Mayen,1993_1456,1,1,TRUE,0,NA
1993,BHtokt,BAR1993.SPD,LAHV,Jan Mayen,1993_1457,1,1,TRUE,0,NA
1993,BHtokt,BAR1993.SPD,LAHV,Jan Mayen,1993_1458,1,1,TRUE,0,NA
1993,BHtokt,BAR1993.SPD,LAHV,Jan Mayen,1993_1459,1,1,TRUE,0,NA
1993,BHtokt,BAR1993.SPD,LAHV,Jan Mayen,1993_1460,1,1,TRUE,0,NA
1993,BHtokt,BAR1993.SPD,LAHV,Jan Mayen,1993_1461,1,1,TRUE,0,NA
1993,BHtokt,BAR1993.SPD,LAHV,Jan Mayen,1993_1462,1,1,TRUE,0,NA
1993,BHtokt,BAR1993.SPD,LAHV,Jan Mayen,1993_1463,1,1,TRUE,0,NA
1993,BHtokt,BAR1993.SPD,LAHV,Jan Mayen,1993_1464,1,1,TRUE,0,NA
1993,BHtokt,BAR1993.SPD,LAHV,Jan Mayen,1993_1465,1,1,TRUE,0,NA
1993,BHtokt,BAR1993.SPD,LAHV,Jan Mayen,1993_1466,1,1,TRUE,0,NA
1993,BHtokt,BAR1993.SPD,LAHV,Jan Mayen,1993_1467,1,1,TRUE,0,NA
1993,BHtokt,BAR1993.SPD,LAHV,Jan Mayen,1993_1468,1,1,TRUE,0,NA
1993,BHtokt,BAR1993.SPD,LAHV,Jan Mayen,1993_1469,1,1,TRUE,0,NA
1993,BHtokt,BAR1993.SPD,LAHV,Jan Mayen,1993_1470,1,1,TRUE,0,NA
1993,BHtokt,BAR1993.SPD,LAHV,Jan Mayen,1993_1471,1,1,TRUE,0,NA
1993,BHtokt,BAR1993.SPD,LAHV,Jan Mayen,1993_1472,1,1,TRUE,0,NA
1993,BHtokt,BAR1993.SPD,LAHV,Jan Mayen,1993_1473,1,1,TRUE,0,NA
1993,BHtokt,BAR1993.SPD,LAHV,Jan Mayen,1993_1474,1,1,TRUE,0,NA
1993,BHtokt,BAR1993.SPD,LAHV,Jan Mayen,1993_1475,1,1,TRUE,0,NA
1993,BHtokt,BAR1993.SPD,LAHV,Jan Mayen,1993_1476,1,1,TRUE,0,NA
1993,BHtokt,BAR1993.SPD,LAHV,Jan Mayen,1993_1477,1,1,TRUE,0,NA
1993,BHtokt,BAR1993.SPD,LAHV,Jan Mayen,1993_1478,1,1,TRUE,0,NA
1993,BHtokt,BAR1993.SPD,LAHV,Jan Mayen,1993_1479,1,1,TRUE,0,NA
1993,BHtokt,BAR1993.SPD,LAHV,Jan Mayen,1993_1480,1,1,TRUE,0,NA
1993,BHtokt,BAR1993.SPD,LAHV,Jan Mayen,1993_1481,1,1,TRUE,0,NA
1993,BHtokt,BAR1993.SPD,LAHV,Jan Mayen,1993_1482,1,1,TRUE,0,NA
1993,BHtokt,BAR1993.SPD,LAHV,Jan Mayen,1993_1483,1,1,TRUE,0,NA
1993,BHtokt,BAR1993.SPD,LAHV,Jan Mayen,1993_1484,1,1,TRUE,0,NA
1993,BHtokt,BAR1993.SPD,LAHV,Jan Mayen,1993_1485,1,1,TRUE,0,NA
1993,BHtokt,BAR1993.SPD,LAHV,Jan Mayen,1993_1486,1,1,TRUE,0,NA
1993,BHtokt,BAR1993.SPD,LAHV,Jan Mayen,1993_1487,1,1,TRUE,0,NA
1993,BHtokt,BAR1993.SPD,LAHV,Jan Mayen,1993_1488,1,1,TRUE,0,NA
1993,BHtokt,BAR1993.SPD,LAHV,Jan Mayen,1993_1489,1,1,TRUE,0,NA
1993,BHtokt,BAR1993.SPD,LAHV,Jan Mayen,1993_1490,1,1,TRUE,0,NA
1993,BHtokt,BAR1993.SPD,LAHV,Jan Mayen,1993_1491,1,1,TRUE,0,NA
1993,BHtokt,BAR1993.SPD,LAHV,Jan Mayen,1993_1492,1,1,TRUE,0,NA
1993,BHtokt,BAR1993.SPD,LAHV,Jan Mayen,1993_1493,1,1,TRUE,0,NA
1993,BHtokt,BAR1993.SPD,LAHV,Jan Mayen,1993_1494,1,1,TRUE,0,NA
1993,BHtokt,BAR1993.SPD,LAHV,Jan Mayen,1993_1495,1,1,TRUE,0,NA
1993,BHtokt,BAR1993.SPD,LAHV,Jan Mayen,1993_1496,1,1,TRUE,0,NA
1993,BSS,1993001,LAHV,Jan Mayen,1993_209,43,129,FALSE,1,Russian EEZ
1993,BSS,1993001,LHNX,Vadsøjenta,1993_208,35,105,TRUE,0,NA
1993,BSS,1993001,LIZY,Anny Kræmer,1993_196,45,135,FALSE,1,Russian EEZ
1993,BSS,1993001,LMNJ,Skjervøyfisk,1993_210,39,117,TRUE,0,NA
1993,BSS,1993001,LNYG,Syltefjord,1993_211,46,138,FALSE,1,Russian EEZ
1993,BSS,1993009,LLZG,G.O.Sars,1993_179,80,240,FALSE,1,Russian EEZ
1993,BSS,1993802,LHXV,Nordstar,1993_215,35,105,TRUE,0,NA
1993,CoastalS,1993010,LDGJ,Johan Hjort,1993_184,7,21,FALSE,1,Russian EEZ
1993,CoastalS,1993010,LHUW,Michael Sars,1993_219,158,474,TRUE,0,NA
1993,CoastalS,1993012,LDGJ,Johan Hjort,1993_183,55,165,TRUE,0,NA
1993,Other,1993011,LHUW,Michael Sars,1993_186,20,60,TRUE,0,NA
1993,Other,1993801,LIZY,Anny Kræmer,1993_216,216,648,TRUE,0,NA
1993,Other,1993901,LDGJ,Johan Hjort,1993_10,28,84,FALSE,1,Russian EEZ
1993,Svalbardtokt,SVA1993.SPD,LAHV,Jan Mayen,1993_1164,1,1,TRUE,0,NA
1993,Svalbardtokt,SVA1993.SPD,LAHV,Jan Mayen,1993_1165,1,1,TRUE,0,NA
1993,Svalbardtokt,SVA1993.SPD,LAHV,Jan Mayen,1993_1166,1,1,TRUE,0,NA
1993,Svalbardtokt,SVA1993.SPD,LAHV,Jan Mayen,1993_1167,1,1,TRUE,0,NA
1993,Svalbardtokt,SVA1993.SPD,LAHV,Jan Mayen,1993_1168,1,1,TRUE,0,NA
1993,Svalbardtokt,SVA1993.SPD,LAHV,Jan Mayen,1993_1169,1,1,TRUE,0,NA
1993,Svalbardtokt,SVA1993.SPD,LAHV,Jan Mayen,1993_1170,1,1,TRUE,0,NA
1993,Svalbardtokt,SVA1993.SPD,LAHV,Jan Mayen,1993_1171,1,1,TRUE,0,NA
1993,Svalbardtokt,SVA1993.SPD,LAHV,Jan Mayen,1993_1172,1,1,TRUE,0,NA
1993,Svalbardtokt,SVA1993.SPD,LAHV,Jan Mayen,1993_1173,1,1,TRUE,0,NA
1993,Svalbardtokt,SVA1993.SPD,LAHV,Jan Mayen,1993_1174,1,1,TRUE,0,NA
1993,Svalbardtokt,SVA1993.SPD,LAHV,Jan Mayen,1993_1175,1,1,TRUE,0,NA
1993,Svalbardtokt,SVA1993.SPD,LAHV,Jan Mayen,1993_1176,1,1,TRUE,0,NA
1993,Svalbardtokt,SVA1993.SPD,LAHV,Jan Mayen,1993_1177,1,1,TRUE,0,NA
1993,Svalbardtokt,SVA1993.SPD,LAHV,Jan Mayen,1993_1178,1,1,TRUE,0,NA
1993,Svalbardtokt,SVA1993.SPD,LAHV,Jan Mayen,1993_1179,1,1,TRUE,0,NA
1993,Svalbardtokt,SVA1993.SPD,LAHV,Jan Mayen,1993_1180,1,1,TRUE,0,NA
1993,Svalbardtokt,SVA1993.SPD,LAHV,Jan Mayen,1993_1181,1,1,TRUE,0,NA
1993,Svalbardtokt,SVA1993.SPD,LAHV,Jan Mayen,1993_1182,1,1,TRUE,0,NA
1993,Svalbardtokt,SVA1993.SPD,LAHV,Jan Mayen,1993_1183,1,1,TRUE,0,NA
1993,Svalbardtokt,SVA1993.SPD,LAHV,Jan Mayen,1993_1184,1,1,TRUE,0,NA
1993,Svalbardtokt,SVA1993.SPD,LAHV,Jan Mayen,1993_1185,1,1,TRUE,0,NA
1993,Svalbardtokt,SVA1993.SPD,LAHV,Jan Mayen,1993_1186,1,1,TRUE,0,NA
1993,Svalbardtokt,SVA1993.SPD,LAHV,Jan Mayen,1993_1187,1,1,TRUE,0,NA
1993,Svalbardtokt,SVA1993.SPD,LAHV,Jan Mayen,1993_1188,1,1,TRUE,0,NA
1993,Svalbardtokt,SVA1993.SPD,LAHV,Jan Mayen,1993_1189,1,1,TRUE,0,NA
1993,Svalbardtokt,SVA1993.SPD,LAHV,Jan Mayen,1993_1190,1,1,TRUE,0,NA
1993,Svalbardtokt,SVA1993.SPD,LAHV,Jan Mayen,1993_1191,1,1,TRUE,0,NA
1993,Svalbardtokt,SVA1993.SPD,LAHV,Jan Mayen,1993_1192,1,1,TRUE,0,NA
1993,Svalbardtokt,SVA1993.SPD,LAHV,Jan Mayen,1993_1193,1,1,TRUE,0,NA
1993,Svalbardtokt,SVA1993.SPD,LAHV,Jan Mayen,1993_1194,1,1,TRUE,0,NA
1993,Svalbardtokt,SVA1993.SPD,LAHV,Jan Mayen,1993_1195,1,1,TRUE,0,NA
1993,Svalbardtokt,SVA1993.SPD,LAHV,Jan Mayen,1993_1196,1,1,TRUE,0,NA
1993,Svalbardtokt,SVA1993.SPD,LAHV,Jan Mayen,1993_1197,1,1,TRUE,0,NA
1993,Svalbardtokt,SVA1993.SPD,LAHV,Jan Mayen,1993_1198,1,1,TRUE,0,NA
1993,Svalbardtokt,SVA1993.SPD,LAHV,Jan Mayen,1993_1199,1,1,TRUE,0,NA
1993,Svalbardtokt,SVA1993.SPD,LAHV,Jan Mayen,1993_1200,1,1,TRUE,0,NA
1993,Svalbardtokt,SVA1993.SPD,LAHV,Jan Mayen,1993_1201,1,1,TRUE,0,NA
1993,Svalbardtokt,SVA1993.SPD,LAHV,Jan Mayen,1993_1202,1,1,TRUE,0,NA
1993,Svalbardtokt,SVA1993.SPD,LAHV,Jan Mayen,1993_1203,1,1,TRUE,0,NA
1993,Svalbardtokt,SVA1993.SPD,LAHV,Jan Mayen,1993_1204,1,1,TRUE,0,NA
1993,Svalbardtokt,SVA1993.SPD,LAHV,Jan Mayen,1993_1205,1,1,TRUE,0,NA
1993,Svalbardtokt,SVA1993.SPD,LAHV,Jan Mayen,1993_1206,1,1,TRUE,0,NA
1993,Svalbardtokt,SVA1993.SPD,LAHV,Jan Mayen,1993_1207,1,1,TRUE,0,NA
1993,Svalbardtokt,SVA1993.SPD,LAHV,Jan Mayen,1993_1208,1,1,TRUE,0,NA
1993,Svalbardtokt,SVA1993.SPD,LAHV,Jan Mayen,1993_1209,1,1,TRUE,0,NA
1993,Svalbardtokt,SVA1993.SPD,LAHV,Jan Mayen,1993_1210,1,1,TRUE,0,NA
1993,Svalbardtokt,SVA1993.SPD,LAHV,Jan Mayen,1993_1211,1,1,TRUE,0,NA
1993,Svalbardtokt,SVA1993.SPD,LAHV,Jan Mayen,1993_1212,1,1,TRUE,0,NA
1993,Svalbardtokt,SVA1993.SPD,LAHV,Jan Mayen,1993_1213,1,1,TRUE,0,NA
1993,Svalbardtokt,SVA1993.SPD,LAHV,Jan Mayen,1993_1214,1,1,TRUE,0,NA
1993,Svalbardtokt,SVA1993.SPD,LAHV,Jan Mayen,1993_1215,1,1,TRUE,0,NA
1993,Svalbardtokt,SVA1993.SPD,LAHV,Jan Mayen,1993_1216,1,1,TRUE,0,NA
1993,Svalbardtokt,SVA1993.SPD,LAHV,Jan Mayen,1993_1217,1,1,TRUE,0,NA
1993,Svalbardtokt,SVA1993.SPD,LAHV,Jan Mayen,1993_1218,1,1,TRUE,0,NA
1993,Svalbardtokt,SVA1993.SPD,LAHV,Jan Mayen,1993_1219,1,1,TRUE,0,NA
1993,Svalbardtokt,SVA1993.SPD,LAHV,Jan Mayen,1993_1220,1,1,TRUE,0,NA
1993,Svalbardtokt,SVA1993.SPD,LAHV,Jan Mayen,1993_1221,1,1,TRUE,0,NA
1993,Svalbardtokt,SVA1993.SPD,LAHV,Jan Mayen,1993_1222,1,1,TRUE,0,NA
1993,Svalbardtokt,SVA1993.SPD,LAHV,Jan Mayen,1993_1223,1,1,TRUE,0,NA
1993,Svalbardtokt,SVA1993.SPD,LAHV,Jan Mayen,1993_1224,1,1,TRUE,0,NA
1993,Svalbardtokt,SVA1993.SPD,LAHV,Jan Mayen,1993_1225,1,1,TRUE,0,NA
1993,Svalbardtokt,SVA1993.SPD,LAHV,Jan Mayen,1993_1226,1,1,TRUE,0,NA
1993,Svalbardtokt,SVA1993.SPD,LAHV,Jan Mayen,1993_1227,1,1,TRUE,0,NA
1993,Svalbardtokt,SVA1993.SPD,LAHV,Jan Mayen,1993_1228,1,1,TRUE,0,NA
1993,Svalbardtokt,SVA1993.SPD,LAHV,Jan Mayen,1993_1229,1,1,TRUE,0,NA
1993,Svalbardtokt,SVA1993.SPD,LAHV,Jan Mayen,1993_1230,1,1,TRUE,0,NA
1993,Svalbardtokt,SVA1993.SPD,LAHV,Jan Mayen,1993_1231,1,1,TRUE,0,NA
1993,Svalbardtokt,SVA1993.SPD,LAHV,Jan Mayen,1993_1232,1,1,TRUE,0,NA
1993,Svalbardtokt,SVA1993.SPD,LAHV,Jan Mayen,1993_1233,1,1,TRUE,0,NA
1993,Svalbardtokt,SVA1993.SPD,LAHV,Jan Mayen,1993_1234,1,1,TRUE,0,NA
1993,Svalbardtokt,SVA1993.SPD,LAHV,Jan Mayen,1993_1235,1,1,TRUE,0,NA
1993,Svalbardtokt,SVA1993.SPD,LAHV,Jan Mayen,1993_1236,1,1,TRUE,0,NA
1993,Svalbardtokt,SVA1993.SPD,LAHV,Jan Mayen,1993_1237,1,1,TRUE,0,NA
1993,Svalbardtokt,SVA1993.SPD,LAHV,Jan Mayen,1993_1238,1,1,TRUE,0,NA
1993,Svalbardtokt,SVA1993.SPD,LAHV,Jan Mayen,1993_1239,1,1,TRUE,0,NA
1993,Svalbardtokt,SVA1993.SPD,LAHV,Jan Mayen,1993_1240,1,1,TRUE,0,NA
1993,Svalbardtokt,SVA1993.SPD,LAHV,Jan Mayen,1993_1241,1,1,TRUE,0,NA
1993,Svalbardtokt,SVA1993.SPD,LAHV,Jan Mayen,1993_1242,1,1,TRUE,0,NA
1993,Svalbardtokt,SVA1993.SPD,LAHV,Jan Mayen,1993_1243,1,1,TRUE,0,NA
1993,Svalbardtokt,SVA1993.SPD,LAHV,Jan Mayen,1993_1244,1,1,TRUE,0,NA
1993,Svalbardtokt,SVA1993.SPD,LAHV,Jan Mayen,1993_1245,1,1,TRUE,0,NA
1993,Svalbardtokt,SVA1993.SPD,LAHV,Jan Mayen,1993_1246,1,1,TRUE,0,NA
1993,Svalbardtokt,SVA1993.SPD,LAHV,Jan Mayen,1993_1247,1,1,TRUE,0,NA
1993,Svalbardtokt,SVA1993.SPD,LAHV,Jan Mayen,1993_1248,1,1,TRUE,0,NA
1993,Svalbardtokt,SVA1993.SPD,LAHV,Jan Mayen,1993_1249,1,1,TRUE,0,NA
1993,Svalbardtokt,SVA1993.SPD,LAHV,Jan Mayen,1993_1250,1,1,TRUE,0,NA
1993,Svalbardtokt,SVA1993.SPD,LAHV,Jan Mayen,1993_1251,1,1,TRUE,0,NA
1993,Svalbardtokt,SVA1993.SPD,LAHV,Jan Mayen,1993_1252,1,1,TRUE,0,NA
1993,Svalbardtokt,SVA1993.SPD,LAHV,Jan Mayen,1993_1253,1,1,TRUE,0,NA
1993,Svalbardtokt,SVA1993.SPD,LAHV,Jan Mayen,1993_1254,1,1,TRUE,0,NA
1993,Svalbardtokt,SVA1993.SPD,LAHV,Jan Mayen,1993_1255,1,1,TRUE,0,NA
1993,Svalbardtokt,SVA1993.SPD,LAHV,Jan Mayen,1993_1256,1,1,TRUE,0,NA
1993,Svalbardtokt,SVA1993.SPD,LAHV,Jan Mayen,1993_1257,1,1,TRUE,0,NA
1993,Svalbardtokt,SVA1993.SPD,LAHV,Jan Mayen,1993_1258,1,1,TRUE,0,NA
1993,Svalbardtokt,SVA1993.SPD,LAHV,Jan Mayen,1993_1259,1,1,TRUE,0,NA
1993,Svalbardtokt,SVA1993.SPD,LAHV,Jan Mayen,1993_1260,1,1,TRUE,0,NA
1993,Svalbardtokt,SVA1993.SPD,LAHV,Jan Mayen,1993_1261,1,1,TRUE,0,NA
1993,Svalbardtokt,SVA1993.SPD,LAHV,Jan Mayen,1993_1262,1,1,TRUE,0,NA
1993,Svalbardtokt,SVA1993.SPD,LAHV,Jan Mayen,1993_1263,1,1,TRUE,0,NA
1993,Svalbardtokt,SVA1993.SPD,LAHV,Jan Mayen,1993_1264,1,1,TRUE,0,NA
1993,Svalbardtokt,SVA1993.SPD,LAHV,Jan Mayen,1993_1265,1,1,TRUE,0,NA
1993,Svalbardtokt,SVA1993.SPD,LAHV,Jan Mayen,1993_1266,1,1,TRUE,0,NA
1993,Svalbardtokt,SVA1993.SPD,LAHV,Jan Mayen,1993_1267,1,1,TRUE,0,NA
1993,Svalbardtokt,SVA1993.SPD,LAHV,Jan Mayen,1993_1268,1,1,TRUE,0,NA
1993,Svalbardtokt,SVA1993.SPD,LAHV,Jan Mayen,1993_1269,1,1,TRUE,0,NA
1993,Svalbardtokt,SVA1993.SPD,LAHV,Jan Mayen,1993_1270,1,1,TRUE,0,NA
1993,Svalbardtokt,SVA1993.SPD,LAHV,Jan Mayen,1993_1271,1,1,TRUE,0,NA
1993,Svalbardtokt,SVA1993.SPD,LAHV,Jan Mayen,1993_1272,1,1,TRUE,0,NA
1993,Svalbardtokt,SVA1993.SPD,LAHV,Jan Mayen,1993_1273,1,1,TRUE,0,NA
1993,Svalbardtokt,SVA1993.SPD,LAHV,Jan Mayen,1993_1274,1,1,TRUE,0,NA
1993,Svalbardtokt,SVA1993.SPD,LAHV,Jan Mayen,1993_1275,1,1,TRUE,0,NA
1993,Svalbardtokt,SVA1993.SPD,LAHV,Jan Mayen,1993_1276,1,1,TRUE,0,NA
1993,Svalbardtokt,SVA1993.SPD,LAHV,Jan Mayen,1993_1277,1,1,TRUE,0,NA
1993,Svalbardtokt,SVA1993.SPD,LAHV,Jan Mayen,1993_1278,1,1,TRUE,0,NA
1993,Svalbardtokt,SVA1993.SPD,LAHV,Jan Mayen,1993_1279,1,1,TRUE,0,NA
1993,Svalbardtokt,SVA1993.SPD,LAHV,Jan Mayen,1993_1280,1,1,TRUE,0,NA
1993,Svalbardtokt,SVA1993.SPD,LAHV,Jan Mayen,1993_1281,1,1,TRUE,0,NA
1993,Svalbardtokt,SVA1993.SPD,LAHV,Jan Mayen,1993_1282,1,1,TRUE,0,NA
1993,Svalbardtokt,SVA1993.SPD,LAHV,Jan Mayen,1993_1283,1,1,TRUE,0,NA
1993,Svalbardtokt,SVA1993.SPD,LAHV,Jan Mayen,1993_1284,1,1,TRUE,0,NA
1993,Svalbardtokt,SVA1993.SPD,LAHV,Jan Mayen,1993_1285,1,1,TRUE,0,NA
1993,Svalbardtokt,SVA1993.SPD,LAHV,Jan Mayen,1993_1286,1,1,TRUE,0,NA
1993,Svalbardtokt,SVA1993.SPD,LAHV,Jan Mayen,1993_1287,1,1,TRUE,0,NA
1993,Svalbardtokt,SVA1993.SPD,LAHV,Jan Mayen,1993_1288,1,1,TRUE,0,NA
1993,Svalbardtokt,SVA1993.SPD,LAHV,Jan Mayen,1993_1289,1,1,TRUE,0,NA
1993,Svalbardtokt,SVA1993.SPD,LAHV,Jan Mayen,1993_1290,1,1,TRUE,0,NA
1993,Svalbardtokt,SVA1993.SPD,LAHV,Jan Mayen,1993_1291,1,1,TRUE,0,NA
1993,Svalbardtokt,SVA1993.SPD,LAHV,Jan Mayen,1993_1292,1,1,TRUE,0,NA
1993,Svalbardtokt,SVA1993.SPD,LAHV,Jan Mayen,1993_1293,1,1,TRUE,0,NA
1993,Svalbardtokt,SVA1993.SPD,LAHV,Jan Mayen,1993_1294,1,1,TRUE,0,NA
1993,Svalbardtokt,SVA1993.SPD,LAHV,Jan Mayen,1993_1295,1,1,TRUE,0,NA
1993,Svalbardtokt,SVA1993.SPD,LAHV,Jan Mayen,1993_1296,1,1,TRUE,0,NA
1993,Svalbardtokt,SVA1993.SPD,LAHV,Jan Mayen,1993_1297,1,1,TRUE,0,NA
1993,Svalbardtokt,SVA1993.SPD,LAHV,Jan Mayen,1993_1298,1,1,TRUE,0,NA
1993,Svalbardtokt,SVA1993.SPD,LAHV,Jan Mayen,1993_1299,1,1,TRUE,0,NA
1993,Svalbardtokt,SVA1993.SPD,LAHV,Jan Mayen,1993_1300,1,1,TRUE,0,NA
1993,Svalbardtokt,SVA1993.SPD,LAHV,Jan Mayen,1993_1301,1,1,TRUE,0,NA
1993,Svalbardtokt,SVA1993.SPD,LAHV,Jan Mayen,1993_1302,1,1,TRUE,0,NA
1993,Svalbardtokt,SVA1993.SPD,LAHV,Jan Mayen,1993_1303,1,1,TRUE,0,NA
1993,Svalbardtokt,SVA1993.SPD,LAHV,Jan Mayen,1993_1304,1,1,TRUE,0,NA
1993,Svalbardtokt,SVA1993.SPD,LAHV,Jan Mayen,1993_1305,1,1,TRUE,0,NA
1993,Svalbardtokt,SVA1993.SPD,LAHV,Jan Mayen,1993_1306,1,1,TRUE,0,NA
1993,Svalbardtokt,SVA1993.SPD,LAHV,Jan Mayen,1993_1307,1,1,TRUE,0,NA
1993,Svalbardtokt,SVA1993.SPD,LAHV,Jan Mayen,1993_1308,1,1,TRUE,0,NA
1993,Svalbardtokt,SVA1993.SPD,LAHV,Jan Mayen,1993_1309,1,1,TRUE,0,NA
1993,Svalbardtokt,SVA1993.SPD,LAHV,Jan Mayen,1993_1310,1,1,TRUE,0,NA
1993,Svalbardtokt,SVA1993.SPD,LAHV,Jan Mayen,1993_1311,1,1,TRUE,0,NA
1993,Svalbardtokt,SVA1993.SPD,LAHV,Jan Mayen,1993_1312,1,1,TRUE,0,NA
1993,Svalbardtokt,SVA1993.SPD,LAHV,Jan Mayen,1993_1313,1,1,TRUE,0,NA
1993,Svalbardtokt,SVA1993.SPD,LAHV,Jan Mayen,1993_1314,1,1,TRUE,0,NA
1993,Svalbardtokt,SVA1993.SPD,LAHV,Jan Mayen,1993_1315,1,1,TRUE,0,NA
1993,Svalbardtokt,SVA1993.SPD,LAHV,Jan Mayen,1993_1316,1,1,TRUE,0,NA
1993,Svalbardtokt,SVA1993.SPD,LAHV,Jan Mayen,1993_1317,1,1,TRUE,0,NA
1993,Svalbardtokt,SVA1993.SPD,LAHV,Jan Mayen,1993_1318,1,1,TRUE,0,NA
1993,Svalbardtokt,SVA1993.SPD,LAHV,Jan Mayen,1993_1319,1,1,TRUE,0,NA
1993,Svalbardtokt,SVA1993.SPD,LAHV,Jan Mayen,1993_1320,1,1,TRUE,0,NA
1993,Svalbardtokt,SVA1993.SPD,LAHV,Jan Mayen,1993_1321,1,1,TRUE,0,NA
1993,Svalbardtokt,SVA1993.SPD,LAHV,Jan Mayen,1993_1322,1,1,TRUE,0,NA
1993,Svalbardtokt,SVA1993.SPD,LAHV,Jan Mayen,1993_1323,1,1,TRUE,0,NA
1993,Svalbardtokt,SVA1993.SPD,LAHV,Jan Mayen,1993_1324,1,1,TRUE,0,NA
1993,Svalbardtokt,SVA1993.SPD,LAHV,Jan Mayen,1993_1325,1,1,TRUE,0,NA
1993,Svalbardtokt,SVA1993.SPD,LAHV,Jan Mayen,1993_1326,1,1,TRUE,0,NA
1993,Svalbardtokt,SVA1993.SPD,LAHV,Jan Mayen,1993_1327,1,1,TRUE,0,NA
1993,Svalbardtokt,SVA1993.SPD,LAHV,Jan Mayen,1993_1328,1,1,TRUE,0,NA
1993,Svalbardtokt,SVA1993.SPD,LAHV,Jan Mayen,1993_1329,1,1,TRUE,0,NA
1993,Svalbardtokt,SVA1993.SPD,LAHV,Jan Mayen,1993_1330,1,1,TRUE,0,NA
1993,Svalbardtokt,SVA1993.SPD,LAHV,Jan Mayen,1993_1331,1,1,TRUE,0,NA
1993,Svalbardtokt,SVA1993.SPD,LAHV,Jan Mayen,1993_1332,1,1,TRUE,0,NA
1993,Svalbardtokt,SVA1993.SPD,LAHV,Jan Mayen,1993_1333,1,1,TRUE,0,NA
1993,Svalbardtokt,SVA1993.SPD,LAHV,Jan Mayen,1993_1334,1,1,TRUE,0,NA
1993,Svalbardtokt,SVA1993.SPD,LAHV,Jan Mayen,1993_1335,1,1,TRUE,0,NA
1993,Svalbardtokt,SVA1993.SPD,LAHV,Jan Mayen,1993_1336,1,1,TRUE,0,NA
1993,Svalbardtokt,SVA1993.SPD,LAHV,Jan Mayen,1993_1337,1,1,TRUE,0,NA
1993,Svalbardtokt,SVA1993.SPD,LAHV,Jan Mayen,1993_1338,1,1,TRUE,0,NA
1993,Svalbardtokt,SVA1993.SPD,LAHV,Jan Mayen,1993_1339,1,1,TRUE,0,NA
1993,Svalbardtokt,SVA1993.SPD,LAHV,Jan Mayen,1993_1340,1,1,TRUE,0,NA
1993,Svalbardtokt,SVA1993.SPD,LAHV,Jan Mayen,1993_1341,1,1,TRUE,0,NA
1993,Svalbardtokt,SVA1993.SPD,LAHV,Jan Mayen,1993_1342,1,1,TRUE,0,NA
1993,Svalbardtokt,SVA1993.SPD,LAHV,Jan Mayen,1993_1343,1,1,TRUE,0,NA
1993,Svalbardtokt,SVA1993.SPD,LAHV,Jan Mayen,1993_1344,1,1,TRUE,0,NA
1993,Svalbardtokt,SVA1993.SPD,LAHV,Jan Mayen,1993_1345,1,1,TRUE,0,NA
1993,Svalbardtokt,SVA1993.SPD,LAHV,Jan Mayen,1993_1346,1,1,TRUE,0,NA
1993,Svalbardtokt,SVA1993.SPD,LAHV,Jan Mayen,1993_1347,1,1,TRUE,0,NA
1993,Svalbardtokt,SVA1993.SPD,LAHV,Jan Mayen,1993_1348,1,1,TRUE,0,NA
1993,Svalbardtokt,SVA1993.SPD,LAHV,Jan Mayen,1993_1349,1,1,TRUE,0,NA
1993,Svalbardtokt,SVA1993.SPD,LAHV,Jan Mayen,1993_1350,1,1,TRUE,0,NA
1993,Svalbardtokt,SVA1993.SPD,LAHV,Jan Mayen,1993_1351,1,1,TRUE,0,NA
1993,Svalbardtokt,SVA1993.SPD,LAHV,Jan Mayen,1993_1352,1,1,TRUE,0,NA
1993,Svalbardtokt,SVA1993.SPD,LAHV,Jan Mayen,1993_1353,1,1,TRUE,0,NA
1993,Svalbardtokt,SVA1993.SPD,LAHV,Jan Mayen,1993_1354,1,1,TRUE,0,NA
1993,Svalbardtokt,SVA1993.SPD,LAHV,Jan Mayen,1993_1355,1,1,TRUE,0,NA
1993,Svalbardtokt,SVA1993.SPD,LAHV,Jan Mayen,1993_1356,1,1,TRUE,0,NA
1993,Svalbardtokt,SVA1993.SPD,LAHV,Jan Mayen,1993_1357,1,1,TRUE,0,NA
1993,Svalbardtokt,SVA1993.SPD,LAHV,Jan Mayen,1993_1358,1,1,TRUE,0,NA
1993,Svalbardtokt,SVA1993.SPD,LAHV,Jan Mayen,1993_1359,1,1,TRUE,0,NA
1993,Svalbardtokt,SVA1993.SPD,LAHV,Jan Mayen,1993_1360,1,1,TRUE,0,NA
1993,Svalbardtokt,SVA1993.SPD,LAHV,Jan Mayen,1993_1361,1,1,TRUE,0,NA
1993,Svalbardtokt,SVA1993.SPD,LAHV,Jan Mayen,1993_1362,1,1,TRUE,0,NA
1993,Svalbardtokt,SVA1993.SPD,LAHV,Jan Mayen,1993_1363,1,1,TRUE,0,NA
1993,Svalbardtokt,SVA1993.SPD,LAHV,Jan Mayen,1993_1364,1,1,TRUE,0,NA
1993,Svalbardtokt,SVA1993.SPD,LAHV,Jan Mayen,1993_1365,1,1,TRUE,0,NA
1993,Svalbardtokt,SVA1993.SPD,LAHV,Jan Mayen,1993_1366,1,1,TRUE,0,NA
1993,Svalbardtokt,SVA1993.SPD,LAHV,Jan Mayen,1993_1367,1,1,TRUE,0,NA
1993,Svalbardtokt,SVA1993.SPD,LAHV,Jan Mayen,1993_1368,1,1,TRUE,0,NA
1993,Svalbardtokt,SVA1993.SPD,LAHV,Jan Mayen,1993_1369,1,1,TRUE,0,NA
1993,Svalbardtokt,SVA1993.SPD,LAHV,Jan Mayen,1993_1370,1,1,TRUE,0,NA
1993,Svalbardtokt,SVA1993.SPD,LAHV,Jan Mayen,1993_1371,1,1,TRUE,0,NA
1993,Svalbardtokt,SVA1993.SPD,LAHV,Jan Mayen,1993_1374,1,1,TRUE,0,NA
1993,Svalbardtokt,SVA1993.SPD,LAHV,Jan Mayen,1993_1375,1,1,TRUE,0,NA
1993,Svalbardtokt,SVA1993.SPD,LAHV,Jan Mayen,1993_1376,1,1,TRUE,0,NA
1993,Svalbardtokt,SVA1993.SPD,LAHV,Jan Mayen,1993_1377,1,1,TRUE,0,NA
1993,Svalbardtokt,SVA1993.SPD,LAHV,Jan Mayen,1993_1378,1,1,TRUE,0,NA
1993,Svalbardtokt,SVA1993.SPD,LAHV,Jan Mayen,1993_1379,1,1,TRUE,0,NA
1993,Svalbardtokt,SVA1993.SPD,LAHV,Jan Mayen,1993_1380,1,1,TRUE,0,NA
1993,Svalbardtokt,SVA1993.SPD,LAHV,Jan Mayen,1993_1381,1,1,TRUE,0,NA
1993,Svalbardtokt,SVA1993.SPD,LAHV,Jan Mayen,1993_1382,1,1,TRUE,0,NA
1993,Svalbardtokt,SVA1993.SPD,LAHV,Jan Mayen,1993_1383,1,1,TRUE,0,NA
1993,Svalbardtokt,SVA1993.SPD,LAHV,Jan Mayen,1993_1386,1,1,TRUE,0,NA
1993,Svalbardtokt,SVA1993.SPD,LAHV,Jan Mayen,1993_1387,1,1,TRUE,0,NA
1993,Svalbardtokt,SVA1993.SPD,LAHV,Jan Mayen,1993_1388,1,1,TRUE,0,NA
1993,Svalbardtokt,SVA1993.SPD,LAHV,Jan Mayen,1993_1389,1,1,TRUE,0,NA
1993,Svalbardtokt,SVA1993.SPD,LAHV,Jan Mayen,1993_1390,1,1,TRUE,0,NA
1993,Svalbardtokt,SVA1993.SPD,LAHV,Jan Mayen,1993_1391,1,1,TRUE,0,NA
1993,Svalbardtokt,SVA1993.SPD,LAHV,Jan Mayen,1993_1392,1,1,TRUE,0,NA
1993,Svalbardtokt,SVA1993.SPD,LAHV,Jan Mayen,1993_1393,1,1,TRUE,0,NA
1993,Svalbardtokt,SVA1993.SPD,LAHV,Jan Mayen,1993_1394,1,1,TRUE,0,NA
1993,Svalbardtokt,SVA1993.SPD,LAHV,Jan Mayen,1993_1395,1,1,TRUE,0,NA
1993,Svalbardtokt,SVA1993.SPD,LAHV,Jan Mayen,1993_1396,1,1,TRUE,0,NA
1993,Svalbardtokt,SVA1993.SPD,LAHV,Jan Mayen,1993_1397,1,1,TRUE,0,NA
1993,Svalbardtokt,SVA1993.SPD,LAHV,Jan Mayen,1993_1398,1,1,TRUE,0,NA
1993,Svalbardtokt,SVA1993.SPD,LAHV,Jan Mayen,1993_1399,1,1,TRUE,0,NA
1993,Svalbardtokt,SVA1993.SPD,LAHV,Jan Mayen,1993_1400,1,1,TRUE,0,NA
1993,Svalbardtokt,SVA1993.SPD,LAHV,Jan Mayen,1993_1401,1,1,TRUE,0,NA
1993,Svalbardtokt,SVA1993.SPD,LAHV,Jan Mayen,1993_1402,1,1,TRUE,0,NA
1993,Svalbardtokt,SVA1993.SPD,LAHV,Jan Mayen,1993_1403,1,1,TRUE,0,NA
1993,Svalbardtokt,SVA1993.SPD,LAHV,Jan Mayen,1993_1404,1,1,TRUE,0,NA
1993,Svalbardtokt,SVA1993.SPD,LAHV,Jan Mayen,1993_1405,1,1,TRUE,0,NA
1993,Svalbardtokt,SVA1993.SPD,LAHV,Jan Mayen,1993_1406,1,1,TRUE,0,NA
1993,Svalbardtokt,SVA1993.SPD,LAHV,Jan Mayen,1993_1407,1,1,TRUE,0,NA
1993,Svalbardtokt,SVA1993.SPD,LAHV,Jan Mayen,1993_1408,1,1,TRUE,0,NA
1993,Svalbardtokt,SVA1993.SPD,LAHV,Jan Mayen,1993_1409,1,1,TRUE,0,NA
1993,Svalbardtokt,SVA1993.SPD,LAHV,Jan Mayen,1993_1410,1,1,TRUE,0,NA
1993,Svalbardtokt,SVA1993.SPD,LAHV,Jan Mayen,1993_1411,1,1,TRUE,0,NA
1993,Svalbardtokt,SVA1993.SPD,LAHV,Jan Mayen,1993_1412,1,1,TRUE,0,NA
1993,Svalbardtokt,SVA1993.SPD,LAHV,Jan Mayen,1993_1413,1,1,TRUE,0,NA
1993,Svalbardtokt,SVA1993.SPD,LAHV,Jan Mayen,1993_1414,1,1,TRUE,0,NA
1993,Svalbardtokt,SVA1993.SPD,LAHV,Jan Mayen,1993_1415,1,1,TRUE,0,NA
1993,Svalbardtokt,SVA1993.SPD,LAHV,Jan Mayen,1993_1416,1,1,TRUE,0,NA
1993,Svalbardtokt,SVA1993.SPD,LAHV,Jan Mayen,1993_1417,1,1,TRUE,0,NA
1993,Svalbardtokt,SVA1993.SPD,LAHV,Jan Mayen,1993_1418,1,1,TRUE,0,NA
1993,Svalbardtokt,SVA1993.SPD,LAHV,Jan Mayen,1993_1419,1,1,TRUE,0,NA
1993,Svalbardtokt,SVA1993.SPD,LAHV,Jan Mayen,1993_1420,1,1,TRUE,0,NA
1993,Svalbardtokt,SVA1993.SPD,LAHV,Jan Mayen,1993_1421,1,1,TRUE,0,NA
1993,Svalbardtokt,SVA1993.SPD,LAHV,Jan Mayen,1993_1422,1,1,TRUE,0,NA
1993,Svalbardtokt,SVA1993.SPD,LAHV,Jan Mayen,1993_1423,1,1,TRUE,0,NA
1993,Svalbardtokt,SVA1993.SPD,LAHV,Jan Mayen,1993_1424,1,1,TRUE,0,NA
1993,Svalbardtokt,SVA1993.SPD,LAHV,Jan Mayen,1993_1425,1,1,TRUE,0,NA
1993,Svalbardtokt,SVA1993.SPD,LAHV,Jan Mayen,1993_1426,1,1,TRUE,0,NA
1993,Svalbardtokt,SVA1993.SPD,LAHV,Jan Mayen,1993_1427,1,1,TRUE,0,NA
1993,Svalbardtokt,SVA1993.SPD,LAHV,Jan Mayen,1993_1428,1,1,TRUE,0,NA
1993,Svalbardtokt,SVA1993.SPD,LAHV,Jan Mayen,1993_1429,1,1,TRUE,0,NA
1993,Svalbardtokt,SVA1993.SPD,LAHV,Jan Mayen,1993_1430,1,1,TRUE,0,NA
1993,Svalbardtokt,SVA1993.SPD,LAHV,Jan Mayen,1993_1431,1,1,TRUE,0,NA
1993,Svalbardtokt,SVA1993.SPD,LAHV,Jan Mayen,1993_1432,1,1,TRUE,0,NA
1993,Svalbardtokt,SVA1993.SPD,LAHV,Jan Mayen,1993_1433,1,1,TRUE,0,NA
1993,Svalbardtokt,SVA1993.SPD,LAHV,Jan Mayen,1993_1434,1,1,TRUE,0,NA
1993,Svalbardtokt,SVA1993.SPD,LAHV,Jan Mayen,1993_1435,1,1,TRUE,0,NA
1993,Svalbardtokt,SVA1993.SPD,LAHV,Jan Mayen,1993_1436,1,1,TRUE,0,NA
1993,Svalbardtokt,SVA1993.SPD,LAHV,Jan Mayen,1993_1437,1,1,TRUE,0,NA
1993,Svalbardtokt,SVA1993.SPD,LAHV,Jan Mayen,1993_1438,1,1,TRUE,0,NA
1993,Svalbardtokt,SVA1993.SPD,LAHV,Jan Mayen,1993_1439,1,1,TRUE,0,NA
1993,Svalbardtokt,SVA1993.SPD,LAHV,Jan Mayen,1993_1440,1,1,TRUE,0,NA
1993,Svalbardtokt,SVA1993.SPD,LAHV,Jan Mayen,1993_1441,1,1,TRUE,0,NA
1993,Svalbardtokt,SVA1993.SPD,LAHV,Jan Mayen,1993_1442,1,1,TRUE,0,NA
1993,Svalbardtokt,SVA1993.SPD,LAHV,Jan Mayen,1993_1443,1,1,TRUE,0,NA
1993,Svalbardtokt,SVA1993.SPD,LAHV,Jan Mayen,1993_1444,1,1,TRUE,0,NA
1993,Svalbardtokt,SVA1993.SPD,LAHV,Jan Mayen,1993_1445,1,1,TRUE,0,NA
1993,Svalbardtokt,SVA1993.SPD,LAHV,Jan Mayen,1993_1446,1,1,TRUE,0,NA
1993,Svalbardtokt,SVA1993.SPD,LAHV,Jan Mayen,1993_1447,1,1,TRUE,0,NA
1993,Svalbardtokt,SVA1993.SPD,LAHV,Jan Mayen,1993_1448,1,1,TRUE,0,NA
1993,Svalbardtokt,SVA1993.SPD,LAHV,Jan Mayen,1993_1449,1,1,TRUE,0,NA
1993,Svalbardtokt,SVA1993.SPD,LAHV,Jan Mayen,1993_1450,1,1,TRUE,0,NA
1993,Svalbardtokt,SVA1993.SPD,LAHV,Jan Mayen,1993_1451,1,1,TRUE,0,NA
1993,Svalbardtokt,SVA1993.SPD,LAHV,Jan Mayen,1993_1452,1,1,TRUE,0,NA
1993,Svalbardtokt,SVA1993.SPD,LAHV,Jan Mayen,1993_1453,1,1,TRUE,0,NA
1993,WinterS,1993001,LDGJ,Johan Hjort,1993_182,36,108,FALSE,1,Russian EEZ
1993,WinterS,1993001,LLZG,G.O.Sars,1993_178,29,87,TRUE,0,NA
1993,WinterS,1993803,LIZY,Anny Kræmer,1993_212,151,453,FALSE,1,Russian EEZ
1994,BHtokt,BAR1994.SPD,LAHV,Jan Mayen,1994_1076,1,1,TRUE,0,NA
1994,BHtokt,BAR1994.SPD,LAHV,Jan Mayen,1994_1077,1,1,TRUE,0,NA
1994,BHtokt,BAR1994.SPD,LAHV,Jan Mayen,1994_1078,1,1,TRUE,0,NA
1994,BHtokt,BAR1994.SPD,LAHV,Jan Mayen,1994_1079,1,1,TRUE,0,NA
1994,BHtokt,BAR1994.SPD,LAHV,Jan Mayen,1994_1080,1,1,TRUE,0,NA
1994,BHtokt,BAR1994.SPD,LAHV,Jan Mayen,1994_1081,1,1,TRUE,0,NA
1994,BHtokt,BAR1994.SPD,LAHV,Jan Mayen,1994_1082,1,1,TRUE,0,NA
1994,BHtokt,BAR1994.SPD,LAHV,Jan Mayen,1994_1083,1,1,TRUE,0,NA
1994,BHtokt,BAR1994.SPD,LAHV,Jan Mayen,1994_1084,1,1,TRUE,0,NA
1994,BHtokt,BAR1994.SPD,LAHV,Jan Mayen,1994_1085,1,1,TRUE,0,NA
1994,BHtokt,BAR1994.SPD,LAHV,Jan Mayen,1994_1086,1,1,TRUE,0,NA
1994,BHtokt,BAR1994.SPD,LAHV,Jan Mayen,1994_1087,1,1,TRUE,0,NA
1994,BHtokt,BAR1994.SPD,LAHV,Jan Mayen,1994_1088,1,1,TRUE,0,NA
1994,BHtokt,BAR1994.SPD,LAHV,Jan Mayen,1994_1089,1,1,TRUE,0,NA
1994,BHtokt,BAR1994.SPD,LAHV,Jan Mayen,1994_1090,1,1,TRUE,0,NA
1994,BHtokt,BAR1994.SPD,LAHV,Jan Mayen,1994_1091,1,1,TRUE,0,NA
1994,BHtokt,BAR1994.SPD,LAHV,Jan Mayen,1994_1092,1,1,TRUE,0,NA
1994,BHtokt,BAR1994.SPD,LAHV,Jan Mayen,1994_1093,1,1,TRUE,0,NA
1994,BHtokt,BAR1994.SPD,LAHV,Jan Mayen,1994_1094,1,1,TRUE,0,NA
1994,BHtokt,BAR1994.SPD,LAHV,Jan Mayen,1994_1095,1,1,TRUE,0,NA
1994,BHtokt,BAR1994.SPD,LAHV,Jan Mayen,1994_1096,1,1,TRUE,0,NA
1994,BHtokt,BAR1994.SPD,LAHV,Jan Mayen,1994_1097,1,1,TRUE,0,NA
1994,BHtokt,BAR1994.SPD,LAHV,Jan Mayen,1994_1098,1,1,TRUE,0,NA
1994,BHtokt,BAR1994.SPD,LAHV,Jan Mayen,1994_1099,1,1,TRUE,0,NA
1994,BHtokt,BAR1994.SPD,LAHV,Jan Mayen,1994_1100,1,1,TRUE,0,NA
1994,BHtokt,BAR1994.SPD,LAHV,Jan Mayen,1994_1101,1,1,TRUE,0,NA
1994,BHtokt,BAR1994.SPD,LAHV,Jan Mayen,1994_1102,1,1,TRUE,0,NA
1994,BHtokt,BAR1994.SPD,LAHV,Jan Mayen,1994_1103,1,1,TRUE,0,NA
1994,BHtokt,BAR1994.SPD,LAHV,Jan Mayen,1994_1104,1,1,FALSE,1,Russian EEZ
1994,BHtokt,BAR1994.SPD,LAHV,Jan Mayen,1994_1105,1,1,FALSE,1,Russian EEZ
1994,BSS,1994109,LHUW,Michael Sars,1994_49,192,576,TRUE,0,NA
1994,CoastalS,1994110,LHUW,Michael Sars,1994_74,103,309,TRUE,0,NA
1994,Other,1994001,LAHV,Jan Mayen,1994_72,259,777,FALSE,1,Russian EEZ
1994,Other,1994007,LLZG,G.O.Sars,1994_15,1,3,TRUE,0,NA
1994,Svalbardtokt,SVA1994.SPD,LAHV,Jan Mayen,1994_1001,1,1,TRUE,0,NA
1994,Svalbardtokt,SVA1994.SPD,LAHV,Jan Mayen,1994_1002,1,1,TRUE,0,NA
1994,Svalbardtokt,SVA1994.SPD,LAHV,Jan Mayen,1994_1003,1,1,TRUE,0,NA
1994,Svalbardtokt,SVA1994.SPD,LAHV,Jan Mayen,1994_1004,1,1,TRUE,0,NA
1994,Svalbardtokt,SVA1994.SPD,LAHV,Jan Mayen,1994_1005,1,1,TRUE,0,NA
1994,Svalbardtokt,SVA1994.SPD,LAHV,Jan Mayen,1994_1006,1,1,TRUE,0,NA
1994,Svalbardtokt,SVA1994.SPD,LAHV,Jan Mayen,1994_1007,1,1,TRUE,0,NA
1994,Svalbardtokt,SVA1994.SPD,LAHV,Jan Mayen,1994_1008,1,1,TRUE,0,NA
1994,Svalbardtokt,SVA1994.SPD,LAHV,Jan Mayen,1994_1009,1,1,TRUE,0,NA
1994,Svalbardtokt,SVA1994.SPD,LAHV,Jan Mayen,1994_1010,1,1,TRUE,0,NA
1994,Svalbardtokt,SVA1994.SPD,LAHV,Jan Mayen,1994_1011,1,1,TRUE,0,NA
1994,Svalbardtokt,SVA1994.SPD,LAHV,Jan Mayen,1994_1012,1,1,TRUE,0,NA
1994,Svalbardtokt,SVA1994.SPD,LAHV,Jan Mayen,1994_1013,1,1,TRUE,0,NA
1994,Svalbardtokt,SVA1994.SPD,LAHV,Jan Mayen,1994_1014,1,1,TRUE,0,NA
1994,Svalbardtokt,SVA1994.SPD,LAHV,Jan Mayen,1994_1015,1,1,TRUE,0,NA
1994,Svalbardtokt,SVA1994.SPD,LAHV,Jan Mayen,1994_1016,1,1,TRUE,0,NA
1994,Svalbardtokt,SVA1994.SPD,LAHV,Jan Mayen,1994_1017,1,1,TRUE,0,NA
1994,Svalbardtokt,SVA1994.SPD,LAHV,Jan Mayen,1994_1018,1,1,TRUE,0,NA
1994,Svalbardtokt,SVA1994.SPD,LAHV,Jan Mayen,1994_1019,1,1,TRUE,0,NA
1994,Svalbardtokt,SVA1994.SPD,LAHV,Jan Mayen,1994_1020,1,1,TRUE,0,NA
1994,Svalbardtokt,SVA1994.SPD,LAHV,Jan Mayen,1994_1021,1,1,TRUE,0,NA
1994,Svalbardtokt,SVA1994.SPD,LAHV,Jan Mayen,1994_1022,1,1,TRUE,0,NA
1994,Svalbardtokt,SVA1994.SPD,LAHV,Jan Mayen,1994_1023,1,1,TRUE,0,NA
1994,Svalbardtokt,SVA1994.SPD,LAHV,Jan Mayen,1994_1024,1,1,TRUE,0,NA
1994,Svalbardtokt,SVA1994.SPD,LAHV,Jan Mayen,1994_1025,1,1,TRUE,0,NA
1994,Svalbardtokt,SVA1994.SPD,LAHV,Jan Mayen,1994_1026,1,1,TRUE,0,NA
1994,Svalbardtokt,SVA1994.SPD,LAHV,Jan Mayen,1994_1027,1,1,TRUE,0,NA
1994,Svalbardtokt,SVA1994.SPD,LAHV,Jan Mayen,1994_1028,1,1,TRUE,0,NA
1994,Svalbardtokt,SVA1994.SPD,LAHV,Jan Mayen,1994_1029,1,1,TRUE,0,NA
1994,Svalbardtokt,SVA1994.SPD,LAHV,Jan Mayen,1994_1030,1,1,TRUE,0,NA
1994,Svalbardtokt,SVA1994.SPD,LAHV,Jan Mayen,1994_1031,1,1,TRUE,0,NA
1994,Svalbardtokt,SVA1994.SPD,LAHV,Jan Mayen,1994_1032,1,1,TRUE,0,NA
1994,Svalbardtokt,SVA1994.SPD,LAHV,Jan Mayen,1994_1033,1,1,TRUE,0,NA
1994,Svalbardtokt,SVA1994.SPD,LAHV,Jan Mayen,1994_1034,1,1,TRUE,0,NA
1994,Svalbardtokt,SVA1994.SPD,LAHV,Jan Mayen,1994_1035,1,1,TRUE,0,NA
1994,Svalbardtokt,SVA1994.SPD,LAHV,Jan Mayen,1994_1036,1,1,TRUE,0,NA
1994,Svalbardtokt,SVA1994.SPD,LAHV,Jan Mayen,1994_1037,1,1,TRUE,0,NA
1994,Svalbardtokt,SVA1994.SPD,LAHV,Jan Mayen,1994_1038,1,1,TRUE,0,NA
1994,Svalbardtokt,SVA1994.SPD,LAHV,Jan Mayen,1994_1039,1,1,TRUE,0,NA
1994,Svalbardtokt,SVA1994.SPD,LAHV,Jan Mayen,1994_1040,1,1,TRUE,0,NA
1994,Svalbardtokt,SVA1994.SPD,LAHV,Jan Mayen,1994_1041,1,1,TRUE,0,NA
1994,Svalbardtokt,SVA1994.SPD,LAHV,Jan Mayen,1994_1042,1,1,TRUE,0,NA
1994,Svalbardtokt,SVA1994.SPD,LAHV,Jan Mayen,1994_1043,1,1,TRUE,0,NA
1994,Svalbardtokt,SVA1994.SPD,LAHV,Jan Mayen,1994_1044,1,1,TRUE,0,NA
1994,Svalbardtokt,SVA1994.SPD,LAHV,Jan Mayen,1994_1045,1,1,TRUE,0,NA
1994,Svalbardtokt,SVA1994.SPD,LAHV,Jan Mayen,1994_1046,1,1,TRUE,0,NA
1994,Svalbardtokt,SVA1994.SPD,LAHV,Jan Mayen,1994_1047,1,1,TRUE,0,NA
1994,Svalbardtokt,SVA1994.SPD,LAHV,Jan Mayen,1994_1048,1,1,TRUE,0,NA
1994,Svalbardtokt,SVA1994.SPD,LAHV,Jan Mayen,1994_1049,1,1,TRUE,0,NA
1994,Svalbardtokt,SVA1994.SPD,LAHV,Jan Mayen,1994_1050,1,1,TRUE,0,NA
1994,Svalbardtokt,SVA1994.SPD,LAHV,Jan Mayen,1994_1051,1,1,TRUE,0,NA
1994,Svalbardtokt,SVA1994.SPD,LAHV,Jan Mayen,1994_1052,1,1,TRUE,0,NA
1994,Svalbardtokt,SVA1994.SPD,LAHV,Jan Mayen,1994_1053,1,1,TRUE,0,NA
1994,Svalbardtokt,SVA1994.SPD,LAHV,Jan Mayen,1994_1054,1,1,TRUE,0,NA
1994,Svalbardtokt,SVA1994.SPD,LAHV,Jan Mayen,1994_1055,1,1,TRUE,0,NA
1994,Svalbardtokt,SVA1994.SPD,LAHV,Jan Mayen,1994_1056,1,1,TRUE,0,NA
1994,Svalbardtokt,SVA1994.SPD,LAHV,Jan Mayen,1994_1057,1,1,TRUE,0,NA
1994,Svalbardtokt,SVA1994.SPD,LAHV,Jan Mayen,1994_1058,1,1,TRUE,0,NA
1994,Svalbardtokt,SVA1994.SPD,LAHV,Jan Mayen,1994_1059,1,1,TRUE,0,NA
1994,Svalbardtokt,SVA1994.SPD,LAHV,Jan Mayen,1994_1060,1,1,TRUE,0,NA
1994,Svalbardtokt,SVA1994.SPD,LAHV,Jan Mayen,1994_1061,1,1,TRUE,0,NA
1994,Svalbardtokt,SVA1994.SPD,LAHV,Jan Mayen,1994_1062,1,1,TRUE,0,NA
1994,Svalbardtokt,SVA1994.SPD,LAHV,Jan Mayen,1994_1063,1,1,TRUE,0,NA
1994,Svalbardtokt,SVA1994.SPD,LAHV,Jan Mayen,1994_1064,1,1,TRUE,0,NA
1994,Svalbardtokt,SVA1994.SPD,LAHV,Jan Mayen,1994_1065,1,1,TRUE,0,NA
1994,Svalbardtokt,SVA1994.SPD,LAHV,Jan Mayen,1994_1066,1,1,TRUE,0,NA
1994,Svalbardtokt,SVA1994.SPD,LAHV,Jan Mayen,1994_1067,1,1,TRUE,0,NA
1994,Svalbardtokt,SVA1994.SPD,LAHV,Jan Mayen,1994_1068,1,1,TRUE,0,NA
1994,Svalbardtokt,SVA1994.SPD,LAHV,Jan Mayen,1994_1069,1,1,TRUE,0,NA
1994,Svalbardtokt,SVA1994.SPD,LAHV,Jan Mayen,1994_1070,1,1,TRUE,0,NA
1994,Svalbardtokt,SVA1994.SPD,LAHV,Jan Mayen,1994_1071,1,1,TRUE,0,NA
1994,Svalbardtokt,SVA1994.SPD,LAHV,Jan Mayen,1994_1072,1,1,TRUE,0,NA
1994,Svalbardtokt,SVA1994.SPD,LAHV,Jan Mayen,1994_1073,1,1,TRUE,0,NA
1994,Svalbardtokt,SVA1994.SPD,LAHV,Jan Mayen,1994_1074,1,1,TRUE,0,NA
1994,Svalbardtokt,SVA1994.SPD,LAHV,Jan Mayen,1994_1075,1,1,TRUE,0,NA
1994,Svalbardtokt,SVA1994.SPD,LAHV,Jan Mayen,1994_1076,1,1,TRUE,0,NA
1994,Svalbardtokt,SVA1994.SPD,LAHV,Jan Mayen,1994_1077,1,1,TRUE,0,NA
1994,Svalbardtokt,SVA1994.SPD,LAHV,Jan Mayen,1994_1078,1,1,TRUE,0,NA
1994,Svalbardtokt,SVA1994.SPD,LAHV,Jan Mayen,1994_1079,1,1,TRUE,0,NA
1994,Svalbardtokt,SVA1994.SPD,LAHV,Jan Mayen,1994_1080,1,1,TRUE,0,NA
1994,Svalbardtokt,SVA1994.SPD,LAHV,Jan Mayen,1994_1081,1,1,TRUE,0,NA
1994,Svalbardtokt,SVA1994.SPD,LAHV,Jan Mayen,1994_1082,1,1,TRUE,0,NA
1994,Svalbardtokt,SVA1994.SPD,LAHV,Jan Mayen,1994_1083,1,1,TRUE,0,NA
1994,Svalbardtokt,SVA1994.SPD,LAHV,Jan Mayen,1994_1084,1,1,TRUE,0,NA
1994,Svalbardtokt,SVA1994.SPD,LAHV,Jan Mayen,1994_1085,1,1,TRUE,0,NA
1994,Svalbardtokt,SVA1994.SPD,LAHV,Jan Mayen,1994_1086,1,1,TRUE,0,NA
1994,Svalbardtokt,SVA1994.SPD,LAHV,Jan Mayen,1994_1087,1,1,TRUE,0,NA
1994,Svalbardtokt,SVA1994.SPD,LAHV,Jan Mayen,1994_1088,1,1,TRUE,0,NA
1994,Svalbardtokt,SVA1994.SPD,LAHV,Jan Mayen,1994_1089,1,1,TRUE,0,NA
1994,Svalbardtokt,SVA1994.SPD,LAHV,Jan Mayen,1994_1090,1,1,TRUE,0,NA
1994,Svalbardtokt,SVA1994.SPD,LAHV,Jan Mayen,1994_1091,1,1,TRUE,0,NA
1994,Svalbardtokt,SVA1994.SPD,LAHV,Jan Mayen,1994_1092,1,1,TRUE,0,NA
1994,Svalbardtokt,SVA1994.SPD,LAHV,Jan Mayen,1994_1093,1,1,TRUE,0,NA
1994,Svalbardtokt,SVA1994.SPD,LAHV,Jan Mayen,1994_1094,1,1,TRUE,0,NA
1994,Svalbardtokt,SVA1994.SPD,LAHV,Jan Mayen,1994_1095,1,1,TRUE,0,NA
1994,Svalbardtokt,SVA1994.SPD,LAHV,Jan Mayen,1994_1096,1,1,TRUE,0,NA
1994,Svalbardtokt,SVA1994.SPD,LAHV,Jan Mayen,1994_1097,1,1,TRUE,0,NA
1994,Svalbardtokt,SVA1994.SPD,LAHV,Jan Mayen,1994_1098,1,1,TRUE,0,NA
1994,Svalbardtokt,SVA1994.SPD,LAHV,Jan Mayen,1994_1099,1,1,TRUE,0,NA
1994,Svalbardtokt,SVA1994.SPD,LAHV,Jan Mayen,1994_1100,1,1,TRUE,0,NA
1994,Svalbardtokt,SVA1994.SPD,LAHV,Jan Mayen,1994_1101,1,1,TRUE,0,NA
1994,Svalbardtokt,SVA1994.SPD,LAHV,Jan Mayen,1994_1102,1,1,TRUE,0,NA
1994,Svalbardtokt,SVA1994.SPD,LAHV,Jan Mayen,1994_1103,1,1,TRUE,0,NA
1994,Svalbardtokt,SVA1994.SPD,LAHV,Jan Mayen,1994_1104,1,1,TRUE,0,NA
1994,Svalbardtokt,SVA1994.SPD,LAHV,Jan Mayen,1994_1105,1,1,TRUE,0,NA
1994,Svalbardtokt,SVA1994.SPD,LAHV,Jan Mayen,1994_1106,1,1,TRUE,0,NA
1994,Svalbardtokt,SVA1994.SPD,LAHV,Jan Mayen,1994_1107,1,1,TRUE,0,NA
1994,Svalbardtokt,SVA1994.SPD,LAHV,Jan Mayen,1994_1108,1,1,TRUE,0,NA
1994,Svalbardtokt,SVA1994.SPD,LAHV,Jan Mayen,1994_1109,1,1,TRUE,0,NA
1994,Svalbardtokt,SVA1994.SPD,LAHV,Jan Mayen,1994_1110,1,1,TRUE,0,NA
1994,Svalbardtokt,SVA1994.SPD,LAHV,Jan Mayen,1994_1111,1,1,TRUE,0,NA
1994,Svalbardtokt,SVA1994.SPD,LAHV,Jan Mayen,1994_1112,1,1,TRUE,0,NA
1994,Svalbardtokt,SVA1994.SPD,LAHV,Jan Mayen,1994_1113,1,1,TRUE,0,NA
1994,Svalbardtokt,SVA1994.SPD,LAHV,Jan Mayen,1994_1114,1,1,TRUE,0,NA
1994,Svalbardtokt,SVA1994.SPD,LAHV,Jan Mayen,1994_1115,1,1,TRUE,0,NA
1994,Svalbardtokt,SVA1994.SPD,LAHV,Jan Mayen,1994_1116,1,1,TRUE,0,NA
1994,Svalbardtokt,SVA1994.SPD,LAHV,Jan Mayen,1994_1117,1,1,TRUE,0,NA
1994,Svalbardtokt,SVA1994.SPD,LAHV,Jan Mayen,1994_1118,1,1,TRUE,0,NA
1994,Svalbardtokt,SVA1994.SPD,LAHV,Jan Mayen,1994_1119,1,1,TRUE,0,NA
1994,Svalbardtokt,SVA1994.SPD,LAHV,Jan Mayen,1994_1120,1,1,TRUE,0,NA
1994,Svalbardtokt,SVA1994.SPD,LAHV,Jan Mayen,1994_1121,1,1,TRUE,0,NA
1994,Svalbardtokt,SVA1994.SPD,LAHV,Jan Mayen,1994_1122,1,1,TRUE,0,NA
1994,Svalbardtokt,SVA1994.SPD,LAHV,Jan Mayen,1994_1123,1,1,TRUE,0,NA
1994,Svalbardtokt,SVA1994.SPD,LAHV,Jan Mayen,1994_1124,1,1,TRUE,0,NA
1994,Svalbardtokt,SVA1994.SPD,LAHV,Jan Mayen,1994_1125,1,1,TRUE,0,NA
1994,Svalbardtokt,SVA1994.SPD,LAHV,Jan Mayen,1994_1126,1,1,TRUE,0,NA
1994,Svalbardtokt,SVA1994.SPD,LAHV,Jan Mayen,1994_1127,1,1,TRUE,0,NA
1994,Svalbardtokt,SVA1994.SPD,LAHV,Jan Mayen,1994_1128,1,1,TRUE,0,NA
1994,Svalbardtokt,SVA1994.SPD,LAHV,Jan Mayen,1994_1129,1,1,TRUE,0,NA
1994,Svalbardtokt,SVA1994.SPD,LAHV,Jan Mayen,1994_1130,1,1,TRUE,0,NA
1994,Svalbardtokt,SVA1994.SPD,LAHV,Jan Mayen,1994_1131,1,1,TRUE,0,NA
1994,Svalbardtokt,SVA1994.SPD,LAHV,Jan Mayen,1994_1132,1,1,TRUE,0,NA
1994,Svalbardtokt,SVA1994.SPD,LAHV,Jan Mayen,1994_1133,1,1,TRUE,0,NA
1994,Svalbardtokt,SVA1994.SPD,LAHV,Jan Mayen,1994_1134,1,1,TRUE,0,NA
1994,Svalbardtokt,SVA1994.SPD,LAHV,Jan Mayen,1994_1135,1,1,TRUE,0,NA
1994,Svalbardtokt,SVA1994.SPD,LAHV,Jan Mayen,1994_1136,1,1,TRUE,0,NA
1994,Svalbardtokt,SVA1994.SPD,LAHV,Jan Mayen,1994_1137,1,1,TRUE,0,NA
1994,Svalbardtokt,SVA1994.SPD,LAHV,Jan Mayen,1994_1138,1,1,TRUE,0,NA
1994,Svalbardtokt,SVA1994.SPD,LAHV,Jan Mayen,1994_1139,1,1,TRUE,0,NA
1994,Svalbardtokt,SVA1994.SPD,LAHV,Jan Mayen,1994_1140,1,1,TRUE,0,NA
1994,Svalbardtokt,SVA1994.SPD,LAHV,Jan Mayen,1994_1141,1,1,TRUE,0,NA
1994,Svalbardtokt,SVA1994.SPD,LAHV,Jan Mayen,1994_1142,1,1,TRUE,0,NA
1994,Svalbardtokt,SVA1994.SPD,LAHV,Jan Mayen,1994_1143,1,1,TRUE,0,NA
1994,Svalbardtokt,SVA1994.SPD,LAHV,Jan Mayen,1994_1144,1,1,TRUE,0,NA
1994,Svalbardtokt,SVA1994.SPD,LAHV,Jan Mayen,1994_1145,1,1,TRUE,0,NA
1994,Svalbardtokt,SVA1994.SPD,LAHV,Jan Mayen,1994_1146,1,1,TRUE,0,NA
1994,Svalbardtokt,SVA1994.SPD,LAHV,Jan Mayen,1994_1147,1,1,TRUE,0,NA
1994,Svalbardtokt,SVA1994.SPD,LAHV,Jan Mayen,1994_1148,1,1,TRUE,0,NA
1994,Svalbardtokt,SVA1994.SPD,LAHV,Jan Mayen,1994_1149,1,1,TRUE,0,NA
1994,Svalbardtokt,SVA1994.SPD,LAHV,Jan Mayen,1994_1150,1,1,TRUE,0,NA
1994,Svalbardtokt,SVA1994.SPD,LAHV,Jan Mayen,1994_1151,1,1,TRUE,0,NA
1994,Svalbardtokt,SVA1994.SPD,LAHV,Jan Mayen,1994_1152,1,1,TRUE,0,NA
1994,Svalbardtokt,SVA1994.SPD,LAHV,Jan Mayen,1994_1153,1,1,TRUE,0,NA
1994,Svalbardtokt,SVA1994.SPD,LAHV,Jan Mayen,1994_1154,1,1,TRUE,0,NA
1994,Svalbardtokt,SVA1994.SPD,LAHV,Jan Mayen,1994_1155,1,1,TRUE,0,NA
1994,Svalbardtokt,SVA1994.SPD,LAHV,Jan Mayen,1994_1156,1,1,TRUE,0,NA
1994,Svalbardtokt,SVA1994.SPD,LAHV,Jan Mayen,1994_1157,1,1,TRUE,0,NA
1994,Svalbardtokt,SVA1994.SPD,LAHV,Jan Mayen,1994_1158,1,1,TRUE,0,NA
1994,Svalbardtokt,SVA1994.SPD,LAHV,Jan Mayen,1994_1159,1,1,TRUE,0,NA
1994,Svalbardtokt,SVA1994.SPD,LAHV,Jan Mayen,1994_1160,1,1,TRUE,0,NA
1994,Svalbardtokt,SVA1994.SPD,LAHV,Jan Mayen,1994_1161,1,1,TRUE,0,NA
1994,Svalbardtokt,SVA1994.SPD,LAHV,Jan Mayen,1994_1162,1,1,TRUE,0,NA
1994,Svalbardtokt,SVA1994.SPD,LAHV,Jan Mayen,1994_1163,1,1,TRUE,0,NA
1994,Svalbardtokt,SVA1994.SPD,LAHV,Jan Mayen,1994_1164,1,1,TRUE,0,NA
1994,Svalbardtokt,SVA1994.SPD,LAHV,Jan Mayen,1994_1165,1,1,TRUE,0,NA
1994,Svalbardtokt,SVA1994.SPD,LAHV,Jan Mayen,1994_1166,1,1,TRUE,0,NA
1994,Svalbardtokt,SVA1994.SPD,LAHV,Jan Mayen,1994_1167,1,1,TRUE,0,NA
1994,Svalbardtokt,SVA1994.SPD,LAHV,Jan Mayen,1994_1168,1,1,TRUE,0,NA
1994,Svalbardtokt,SVA1994.SPD,LAHV,Jan Mayen,1994_1169,1,1,TRUE,0,NA
1994,Svalbardtokt,SVA1994.SPD,LAHV,Jan Mayen,1994_1170,1,1,TRUE,0,NA
1994,Svalbardtokt,SVA1994.SPD,LAHV,Jan Mayen,1994_1171,1,1,TRUE,0,NA
1994,Svalbardtokt,SVA1994.SPD,LAHV,Jan Mayen,1994_1172,1,1,TRUE,0,NA
1994,Svalbardtokt,SVA1994.SPD,LAHV,Jan Mayen,1994_1173,1,1,TRUE,0,NA
1994,Svalbardtokt,SVA1994.SPD,LAHV,Jan Mayen,1994_1174,1,1,TRUE,0,NA
1994,Svalbardtokt,SVA1994.SPD,LAHV,Jan Mayen,1994_1175,1,1,TRUE,0,NA
1994,Svalbardtokt,SVA1994.SPD,LAHV,Jan Mayen,1994_1176,1,1,TRUE,0,NA
1994,Svalbardtokt,SVA1994.SPD,LAHV,Jan Mayen,1994_1177,1,1,TRUE,0,NA
1994,Svalbardtokt,SVA1994.SPD,LAHV,Jan Mayen,1994_1178,1,1,TRUE,0,NA
1994,Svalbardtokt,SVA1994.SPD,LAHV,Jan Mayen,1994_1179,1,1,TRUE,0,NA
1994,Svalbardtokt,SVA1994.SPD,LAHV,Jan Mayen,1994_1180,1,1,TRUE,0,NA
1994,Svalbardtokt,SVA1994.SPD,LAHV,Jan Mayen,1994_1181,1,1,TRUE,0,NA
1994,Svalbardtokt,SVA1994.SPD,LAHV,Jan Mayen,1994_1182,1,1,TRUE,0,NA
1994,Svalbardtokt,SVA1994.SPD,LAHV,Jan Mayen,1994_1183,1,1,TRUE,0,NA
1994,Svalbardtokt,SVA1994.SPD,LAHV,Jan Mayen,1994_1184,1,1,TRUE,0,NA
1994,Svalbardtokt,SVA1994.SPD,LAHV,Jan Mayen,1994_1185,1,1,TRUE,0,NA
1994,Svalbardtokt,SVA1994.SPD,LAHV,Jan Mayen,1994_1186,1,1,TRUE,0,NA
1994,Svalbardtokt,SVA1994.SPD,LAHV,Jan Mayen,1994_1187,1,1,TRUE,0,NA
1994,Svalbardtokt,SVA1994.SPD,LAHV,Jan Mayen,1994_1188,1,1,TRUE,0,NA
1994,Svalbardtokt,SVA1994.SPD,LAHV,Jan Mayen,1994_1189,1,1,TRUE,0,NA
1994,Svalbardtokt,SVA1994.SPD,LAHV,Jan Mayen,1994_1190,1,1,TRUE,0,NA
1994,Svalbardtokt,SVA1994.SPD,LAHV,Jan Mayen,1994_1191,1,1,TRUE,0,NA
1994,Svalbardtokt,SVA1994.SPD,LAHV,Jan Mayen,1994_1192,1,1,TRUE,0,NA
1994,Svalbardtokt,SVA1994.SPD,LAHV,Jan Mayen,1994_1193,1,1,TRUE,0,NA
1994,Svalbardtokt,SVA1994.SPD,LAHV,Jan Mayen,1994_1194,1,1,TRUE,0,NA
1994,Svalbardtokt,SVA1994.SPD,LAHV,Jan Mayen,1994_1195,1,1,TRUE,0,NA
1994,Svalbardtokt,SVA1994.SPD,LAHV,Jan Mayen,1994_1196,1,1,TRUE,0,NA
1994,Svalbardtokt,SVA1994.SPD,LAHV,Jan Mayen,1994_1197,1,1,TRUE,0,NA
1994,Svalbardtokt,SVA1994.SPD,LAHV,Jan Mayen,1994_1198,1,1,TRUE,0,NA
1994,Svalbardtokt,SVA1994.SPD,LAHV,Jan Mayen,1994_1199,1,1,TRUE,0,NA
1994,Svalbardtokt,SVA1994.SPD,LAHV,Jan Mayen,1994_1200,1,1,TRUE,0,NA
1994,Svalbardtokt,SVA1994.SPD,LAHV,Jan Mayen,1994_1201,1,1,TRUE,0,NA
1994,Svalbardtokt,SVA1994.SPD,LAHV,Jan Mayen,1994_1202,1,1,TRUE,0,NA
1994,Svalbardtokt,SVA1994.SPD,LAHV,Jan Mayen,1994_1203,1,1,TRUE,0,NA
1994,Svalbardtokt,SVA1994.SPD,LAHV,Jan Mayen,1994_1204,1,1,TRUE,0,NA
1994,Svalbardtokt,SVA1994.SPD,LAHV,Jan Mayen,1994_1205,1,1,TRUE,0,NA
1994,Svalbardtokt,SVA1994.SPD,LAHV,Jan Mayen,1994_1206,1,1,TRUE,0,NA
1994,Svalbardtokt,SVA1994.SPD,LAHV,Jan Mayen,1994_1207,1,1,TRUE,0,NA
1994,Svalbardtokt,SVA1994.SPD,LAHV,Jan Mayen,1994_1208,1,1,TRUE,0,NA
1994,Svalbardtokt,SVA1994.SPD,LAHV,Jan Mayen,1994_1209,1,1,TRUE,0,NA
1994,Svalbardtokt,SVA1994.SPD,LAHV,Jan Mayen,1994_1210,1,1,TRUE,0,NA
1994,Svalbardtokt,SVA1994.SPD,LAHV,Jan Mayen,1994_1211,1,1,TRUE,0,NA
1994,Svalbardtokt,SVA1994.SPD,LAHV,Jan Mayen,1994_1212,1,1,TRUE,0,NA
1994,Svalbardtokt,SVA1994.SPD,LAHV,Jan Mayen,1994_1213,1,1,TRUE,0,NA
1994,Svalbardtokt,SVA1994.SPD,LAHV,Jan Mayen,1994_1214,1,1,TRUE,0,NA
1994,Svalbardtokt,SVA1994.SPD,LAHV,Jan Mayen,1994_1215,1,1,TRUE,0,NA
1994,Svalbardtokt,SVA1994.SPD,LAHV,Jan Mayen,1994_1216,1,1,TRUE,0,NA
1994,Svalbardtokt,SVA1994.SPD,LAHV,Jan Mayen,1994_1217,1,1,TRUE,0,NA
1994,Svalbardtokt,SVA1994.SPD,LAHV,Jan Mayen,1994_1218,1,1,TRUE,0,NA
1994,Svalbardtokt,SVA1994.SPD,LAHV,Jan Mayen,1994_1219,1,1,TRUE,0,NA
1994,Svalbardtokt,SVA1994.SPD,LAHV,Jan Mayen,1994_1220,1,1,TRUE,0,NA
1994,Svalbardtokt,SVA1994.SPD,LAHV,Jan Mayen,1994_1221,1,1,TRUE,0,NA
1994,Svalbardtokt,SVA1994.SPD,LAHV,Jan Mayen,1994_1222,1,1,TRUE,0,NA
1994,Svalbardtokt,SVA1994.SPD,LAHV,Jan Mayen,1994_1223,1,1,TRUE,0,NA
1994,Svalbardtokt,SVA1994.SPD,LAHV,Jan Mayen,1994_1224,1,1,TRUE,0,NA
1994,Svalbardtokt,SVA1994.SPD,LAHV,Jan Mayen,1994_1225,1,1,TRUE,0,NA
1994,Svalbardtokt,SVA1994.SPD,LAHV,Jan Mayen,1994_1226,1,1,TRUE,0,NA
1994,Svalbardtokt,SVA1994.SPD,LAHV,Jan Mayen,1994_1227,1,1,TRUE,0,NA
1994,Svalbardtokt,SVA1994.SPD,LAHV,Jan Mayen,1994_1228,1,1,TRUE,0,NA
1994,Svalbardtokt,SVA1994.SPD,LAHV,Jan Mayen,1994_1229,1,1,TRUE,0,NA
1994,Svalbardtokt,SVA1994.SPD,LAHV,Jan Mayen,1994_1230,1,1,TRUE,0,NA
1994,Svalbardtokt,SVA1994.SPD,LAHV,Jan Mayen,1994_1231,1,1,TRUE,0,NA
1994,Svalbardtokt,SVA1994.SPD,LAHV,Jan Mayen,1994_1232,1,1,TRUE,0,NA
1994,Svalbardtokt,SVA1994.SPD,LAHV,Jan Mayen,1994_1233,1,1,TRUE,0,NA
1994,Svalbardtokt,SVA1994.SPD,LAHV,Jan Mayen,1994_1234,1,1,TRUE,0,NA
1994,Svalbardtokt,SVA1994.SPD,LAHV,Jan Mayen,1994_1235,1,1,TRUE,0,NA
1994,Svalbardtokt,SVA1994.SPD,LAHV,Jan Mayen,1994_1236,1,1,TRUE,0,NA
1994,Svalbardtokt,SVA1994.SPD,LAHV,Jan Mayen,1994_1237,1,1,TRUE,0,NA
1994,Svalbardtokt,SVA1994.SPD,LAHV,Jan Mayen,1994_1238,1,1,TRUE,0,NA
1994,Svalbardtokt,SVA1994.SPD,LAHV,Jan Mayen,1994_1239,1,1,TRUE,0,NA
1994,Svalbardtokt,SVA1994.SPD,LAHV,Jan Mayen,1994_1240,1,1,TRUE,0,NA
1994,Svalbardtokt,SVA1994.SPD,LAHV,Jan Mayen,1994_1241,1,1,TRUE,0,NA
1994,Svalbardtokt,SVA1994.SPD,LAHV,Jan Mayen,1994_1242,1,1,TRUE,0,NA
1994,Svalbardtokt,SVA1994.SPD,LAHV,Jan Mayen,1994_1243,1,1,TRUE,0,NA
1994,Svalbardtokt,SVA1994.SPD,LAHV,Jan Mayen,1994_1454,1,1,TRUE,0,NA
1994,Svalbardtokt,SVA1994.SPD,LAHV,Jan Mayen,1994_1455,1,1,TRUE,0,NA
1994,Svalbardtokt,SVA1994.SPD,LAHV,Jan Mayen,1994_1456,1,1,TRUE,0,NA
1994,Svalbardtokt,SVA1994.SPD,LAHV,Jan Mayen,1994_1457,1,1,TRUE,0,NA
1994,Svalbardtokt,SVA1994.SPD,LAHV,Jan Mayen,1994_1458,1,1,TRUE,0,NA
1994,Svalbardtokt,SVA1994.SPD,LAHV,Jan Mayen,1994_1459,1,1,TRUE,0,NA
1994,Svalbardtokt,SVA1994.SPD,LAHV,Jan Mayen,1994_1460,1,1,TRUE,0,NA
1994,Svalbardtokt,SVA1994.SPD,LAHV,Jan Mayen,1994_1461,1,1,TRUE,0,NA
1994,Svalbardtokt,SVA1994.SPD,LAHV,Jan Mayen,1994_1462,1,1,TRUE,0,NA
1994,Svalbardtokt,SVA1994.SPD,LAHV,Jan Mayen,1994_1463,1,1,TRUE,0,NA
1994,Svalbardtokt,SVA1994.SPD,LAHV,Jan Mayen,1994_1464,1,1,TRUE,0,NA
1994,Svalbardtokt,SVA1994.SPD,LAHV,Jan Mayen,1994_1465,1,1,TRUE,0,NA
1994,Svalbardtokt,SVA1994.SPD,LAHV,Jan Mayen,1994_1466,1,1,TRUE,0,NA
1994,Svalbardtokt,SVA1994.SPD,LAHV,Jan Mayen,1994_1467,1,1,TRUE,0,NA
1994,Svalbardtokt,SVA1994.SPD,LAHV,Jan Mayen,1994_1468,1,1,TRUE,0,NA
1994,Svalbardtokt,SVA1994.SPD,LAHV,Jan Mayen,1994_1469,1,1,TRUE,0,NA
1994,Svalbardtokt,SVA1994.SPD,LAHV,Jan Mayen,1994_1470,1,1,TRUE,0,NA
1994,Svalbardtokt,SVA1994.SPD,LAHV,Jan Mayen,1994_1471,1,1,TRUE,0,NA
1994,Svalbardtokt,SVA1994.SPD,LAHV,Jan Mayen,1994_1472,1,1,TRUE,0,NA
1994,Svalbardtokt,SVA1994.SPD,LAHV,Jan Mayen,1994_1473,1,1,TRUE,0,NA
1994,Svalbardtokt,SVA1994.SPD,LAHV,Jan Mayen,1994_1474,1,1,TRUE,0,NA
1994,Svalbardtokt,SVA1994.SPD,LAHV,Jan Mayen,1994_1475,1,1,TRUE,0,NA
1994,Svalbardtokt,SVA1994.SPD,LAHV,Jan Mayen,1994_1476,1,1,TRUE,0,NA
1994,Svalbardtokt,SVA1994.SPD,LAHV,Jan Mayen,1994_1477,1,1,TRUE,0,NA
1994,Svalbardtokt,SVA1994.SPD,LAHV,Jan Mayen,1994_1478,1,1,TRUE,0,NA
1994,Svalbardtokt,SVA1994.SPD,LAHV,Jan Mayen,1994_1479,1,1,TRUE,0,NA
1994,Svalbardtokt,SVA1994.SPD,LAHV,Jan Mayen,1994_1480,1,1,TRUE,0,NA
1994,Svalbardtokt,SVA1994.SPD,LAHV,Jan Mayen,1994_1481,1,1,TRUE,0,NA
1994,Svalbardtokt,SVA1994.SPD,LAHV,Jan Mayen,1994_1482,1,1,TRUE,0,NA
1994,Svalbardtokt,SVA1994.SPD,LAHV,Jan Mayen,1994_1483,1,1,TRUE,0,NA
1994,Svalbardtokt,SVA1994.SPD,LAHV,Jan Mayen,1994_1484,1,1,TRUE,0,NA
1994,Svalbardtokt,SVA1994.SPD,LAHV,Jan Mayen,1994_1485,1,1,TRUE,0,NA
1994,Svalbardtokt,SVA1994.SPD,LAHV,Jan Mayen,1994_1486,1,1,TRUE,0,NA
1994,Svalbardtokt,SVA1994.SPD,LAHV,Jan Mayen,1994_1487,1,1,TRUE,0,NA
1994,Svalbardtokt,SVA1994.SPD,LAHV,Jan Mayen,1994_1488,1,1,TRUE,0,NA
1994,Svalbardtokt,SVA1994.SPD,LAHV,Jan Mayen,1994_1489,1,1,TRUE,0,NA
1994,Svalbardtokt,SVA1994.SPD,LAHV,Jan Mayen,1994_1490,1,1,TRUE,0,NA
1994,Svalbardtokt,SVA1994.SPD,LAHV,Jan Mayen,1994_1491,1,1,TRUE,0,NA
1994,Svalbardtokt,SVA1994.SPD,LAHV,Jan Mayen,1994_1492,1,1,TRUE,0,NA
1994,Svalbardtokt,SVA1994.SPD,LAHV,Jan Mayen,1994_1493,1,1,TRUE,0,NA
1994,Svalbardtokt,SVA1994.SPD,LAHV,Jan Mayen,1994_1494,1,1,TRUE,0,NA
1994,Svalbardtokt,SVA1994.SPD,LAHV,Jan Mayen,1994_1495,1,1,TRUE,0,NA
1994,Svalbardtokt,SVA1994.SPD,LAHV,Jan Mayen,1994_1496,1,1,TRUE,0,NA
1994,WinterS,1994001,LIZY,Anny Kræmer,1994_64,149,447,FALSE,1,Russian EEZ
1994,WinterS,1994002,LLZG,G.O.Sars,1994_39,51,153,FALSE,1,Russian EEZ
1994,WinterS,1994901,LDGJ,Johan Hjort,1994_32,89,267,FALSE,1,Russian EEZ
1995,BHtokt,BAR1995.SPD,LAHV,Jan Mayen,1995_1106,1,1,TRUE,0,NA
1995,BHtokt,BAR1995.SPD,LAHV,Jan Mayen,1995_1107,1,1,TRUE,0,NA
1995,BHtokt,BAR1995.SPD,LAHV,Jan Mayen,1995_1108,1,1,TRUE,0,NA
1995,BHtokt,BAR1995.SPD,LAHV,Jan Mayen,1995_1109,1,1,TRUE,0,NA
1995,BHtokt,BAR1995.SPD,LAHV,Jan Mayen,1995_1110,1,1,TRUE,0,NA
1995,BHtokt,BAR1995.SPD,LAHV,Jan Mayen,1995_1111,1,1,TRUE,0,NA
1995,BHtokt,BAR1995.SPD,LAHV,Jan Mayen,1995_1112,1,1,TRUE,0,NA
1995,BHtokt,BAR1995.SPD,LAHV,Jan Mayen,1995_1113,1,1,TRUE,0,NA
1995,BHtokt,BAR1995.SPD,LAHV,Jan Mayen,1995_1114,1,1,TRUE,0,NA
1995,BHtokt,BAR1995.SPD,LAHV,Jan Mayen,1995_1115,1,1,TRUE,0,NA
1995,BHtokt,BAR1995.SPD,LAHV,Jan Mayen,1995_1116,1,1,TRUE,0,NA
1995,BHtokt,BAR1995.SPD,LAHV,Jan Mayen,1995_1117,1,1,TRUE,0,NA
1995,BHtokt,BAR1995.SPD,LAHV,Jan Mayen,1995_1118,1,1,TRUE,0,NA
1995,BHtokt,BAR1995.SPD,LAHV,Jan Mayen,1995_1119,1,1,TRUE,0,NA
1995,BHtokt,BAR1995.SPD,LAHV,Jan Mayen,1995_1120,1,1,TRUE,0,NA
1995,BHtokt,BAR1995.SPD,LAHV,Jan Mayen,1995_1121,1,1,TRUE,0,NA
1995,BHtokt,BAR1995.SPD,LAHV,Jan Mayen,1995_1122,1,1,TRUE,0,NA
1995,BHtokt,BAR1995.SPD,LAHV,Jan Mayen,1995_1123,1,1,TRUE,0,NA
1995,BHtokt,BAR1995.SPD,LAHV,Jan Mayen,1995_1124,1,1,TRUE,0,NA
1995,BHtokt,BAR1995.SPD,LAHV,Jan Mayen,1995_1125,1,1,TRUE,0,NA
1995,BHtokt,BAR1995.SPD,LAHV,Jan Mayen,1995_1126,1,1,TRUE,0,NA
1995,BHtokt,BAR1995.SPD,LAHV,Jan Mayen,1995_1127,1,1,TRUE,0,NA
1995,BHtokt,BAR1995.SPD,LAHV,Jan Mayen,1995_1128,1,1,TRUE,0,NA
1995,BHtokt,BAR1995.SPD,LAHV,Jan Mayen,1995_1129,1,1,TRUE,0,NA
1995,BHtokt,BAR1995.SPD,LAHV,Jan Mayen,1995_1130,1,1,TRUE,0,NA
1995,BHtokt,BAR1995.SPD,LAHV,Jan Mayen,1995_1131,1,1,TRUE,0,NA
1995,BHtokt,BAR1995.SPD,LAHV,Jan Mayen,1995_1132,1,1,TRUE,0,NA
1995,BHtokt,BAR1995.SPD,LAHV,Jan Mayen,1995_1133,1,1,TRUE,0,NA
1995,BHtokt,BAR1995.SPD,LAHV,Jan Mayen,1995_1134,1,1,TRUE,0,NA
1995,BHtokt,BAR1995.SPD,LAHV,Jan Mayen,1995_1135,1,1,TRUE,0,NA
1995,BHtokt,BAR1995.SPD,LAHV,Jan Mayen,1995_1136,1,1,FALSE,1,Russian EEZ
1995,BHtokt,BAR1995.SPD,LAHV,Jan Mayen,1995_1137,1,1,FALSE,1,Russian EEZ
1995,BHtokt,BAR1995.SPD,LAHV,Jan Mayen,1995_1138,1,1,TRUE,0,NA
1995,BHtokt,BAR1995.SPD,LAHV,Jan Mayen,1995_1139,1,1,TRUE,0,NA
1995,BHtokt,BAR1995.SPD,LAHV,Jan Mayen,1995_1140,1,1,TRUE,0,NA
1995,BHtokt,BAR1995.SPD,LAHV,Jan Mayen,1995_1141,1,1,TRUE,0,NA
1995,BHtokt,BAR1995.SPD,LAHV,Jan Mayen,1995_1142,1,1,TRUE,0,NA
1995,BHtokt,BAR1995.SPD,LAHV,Jan Mayen,1995_1143,1,1,TRUE,0,NA
1995,BHtokt,BAR1995.SPD,LAHV,Jan Mayen,1995_1144,1,1,TRUE,0,NA
1995,BHtokt,BAR1995.SPD,LAHV,Jan Mayen,1995_1145,1,1,TRUE,0,NA
1995,BHtokt,BAR1995.SPD,LAHV,Jan Mayen,1995_1146,1,1,TRUE,0,NA
1995,BHtokt,BAR1995.SPD,LAHV,Jan Mayen,1995_1147,1,1,TRUE,0,NA
1995,BHtokt,BAR1995.SPD,LAHV,Jan Mayen,1995_1148,1,1,TRUE,0,NA
1995,BHtokt,BAR1995.SPD,LAHV,Jan Mayen,1995_1149,1,1,TRUE,0,NA
1995,BHtokt,BAR1995.SPD,LAHV,Jan Mayen,1995_1150,1,1,TRUE,0,NA
1995,BHtokt,BAR1995.SPD,LAHV,Jan Mayen,1995_1151,1,1,TRUE,0,NA
1995,BHtokt,BAR1995.SPD,LAHV,Jan Mayen,1995_1152,1,1,TRUE,0,NA
1995,BHtokt,BAR1995.SPD,LAHV,Jan Mayen,1995_1153,1,1,TRUE,0,NA
1995,BHtokt,BAR1995.SPD,LAHV,Jan Mayen,1995_1154,1,1,TRUE,0,NA
1995,BHtokt,BAR1995.SPD,LAHV,Jan Mayen,1995_1155,1,1,TRUE,0,NA
1995,BHtokt,BAR1995.SPD,LAHV,Jan Mayen,1995_1156,1,1,TRUE,0,NA
1995,BHtokt,BAR1995.SPD,LAHV,Jan Mayen,1995_1157,1,1,TRUE,0,NA
1995,BHtokt,BAR1995.SPD,LAHV,Jan Mayen,1995_1158,1,1,TRUE,0,NA
1995,BHtokt,BAR1995.SPD,LAHV,Jan Mayen,1995_1159,1,1,TRUE,0,NA
1995,BHtokt,BAR1995.SPD,LAHV,Jan Mayen,1995_1160,1,1,TRUE,0,NA
1995,BHtokt,BAR1995.SPD,LAHV,Jan Mayen,1995_1161,1,1,TRUE,0,NA
1995,BHtokt,BAR1995.SPD,LAHV,Jan Mayen,1995_1162,1,1,TRUE,0,NA
1995,BHtokt,BAR1995.SPD,LAHV,Jan Mayen,1995_1163,1,1,TRUE,0,NA
1995,BHtokt,BAR1995.SPD,LAHV,Jan Mayen,1995_1164,1,1,TRUE,0,NA
1995,BHtokt,BAR1995.SPD,LAHV,Jan Mayen,1995_1165,1,1,TRUE,0,NA
1995,BHtokt,BAR1995.SPD,LAHV,Jan Mayen,1995_1166,1,1,TRUE,0,NA
1995,BHtokt,BAR1995.SPD,LAHV,Jan Mayen,1995_1167,1,1,TRUE,0,NA
1995,BHtokt,BAR1995.SPD,LAHV,Jan Mayen,1995_1168,1,1,TRUE,0,NA
1995,BHtokt,BAR1995.SPD,LAHV,Jan Mayen,1995_1169,1,1,TRUE,0,NA
1995,BHtokt,BAR1995.SPD,LAHV,Jan Mayen,1995_1170,1,1,TRUE,0,NA
1995,BHtokt,BAR1995.SPD,LAHV,Jan Mayen,1995_1171,1,1,TRUE,0,NA
1995,BHtokt,BAR1995.SPD,LAHV,Jan Mayen,1995_1172,1,1,TRUE,0,NA
1995,BHtokt,BAR1995.SPD,LAHV,Jan Mayen,1995_1173,1,1,TRUE,0,NA
1995,BHtokt,BAR1995.SPD,LAHV,Jan Mayen,1995_1174,1,1,TRUE,0,NA
1995,BHtokt,BAR1995.SPD,LAHV,Jan Mayen,1995_1175,1,1,TRUE,0,NA
1995,BHtokt,BAR1995.SPD,LAHV,Jan Mayen,1995_1176,1,1,TRUE,0,NA
1995,BHtokt,BAR1995.SPD,LAHV,Jan Mayen,1995_1177,1,1,TRUE,0,NA
1995,BHtokt,BAR1995.SPD,LAHV,Jan Mayen,1995_1178,1,1,TRUE,0,NA
1995,BHtokt,BAR1995.SPD,LAHV,Jan Mayen,1995_1179,1,1,TRUE,0,NA
1995,BHtokt,BAR1995.SPD,LAHV,Jan Mayen,1995_1180,1,1,TRUE,0,NA
1995,BHtokt,BAR1995.SPD,LAHV,Jan Mayen,1995_1181,1,1,TRUE,0,NA
1995,BHtokt,BAR1995.SPD,LAHV,Jan Mayen,1995_1182,1,1,TRUE,0,NA
1995,BHtokt,BAR1995.SPD,LAHV,Jan Mayen,1995_1183,1,1,TRUE,0,NA
1995,BHtokt,BAR1995.SPD,LAHV,Jan Mayen,1995_1184,1,1,TRUE,0,NA
1995,BHtokt,BAR1995.SPD,LAHV,Jan Mayen,1995_1185,1,1,TRUE,0,NA
1995,BHtokt,BAR1995.SPD,LAHV,Jan Mayen,1995_1186,1,1,TRUE,0,NA
1995,BHtokt,BAR1995.SPD,LAHV,Jan Mayen,1995_1187,1,1,TRUE,0,NA
1995,BHtokt,BAR1995.SPD,LAHV,Jan Mayen,1995_1188,1,1,TRUE,0,NA
1995,BHtokt,BAR1995.SPD,LAHV,Jan Mayen,1995_1189,1,1,TRUE,0,NA
1995,BHtokt,BAR1995.SPD,LAHV,Jan Mayen,1995_1190,1,1,TRUE,0,NA
1995,BHtokt,BAR1995.SPD,LAHV,Jan Mayen,1995_1191,1,1,TRUE,0,NA
1995,BHtokt,BAR1995.SPD,LAHV,Jan Mayen,1995_1192,1,1,TRUE,0,NA
1995,BHtokt,BAR1995.SPD,LAHV,Jan Mayen,1995_1193,1,1,TRUE,0,NA
1995,BHtokt,BAR1995.SPD,LAHV,Jan Mayen,1995_1194,1,1,TRUE,0,NA
1995,BHtokt,BAR1995.SPD,LAHV,Jan Mayen,1995_1195,1,1,TRUE,0,NA
1995,BHtokt,BAR1995.SPD,LAHV,Jan Mayen,1995_1196,1,1,TRUE,0,NA
1995,BHtokt,BAR1995.SPD,LAHV,Jan Mayen,1995_1197,1,1,TRUE,0,NA
1995,BHtokt,BAR1995.SPD,LAHV,Jan Mayen,1995_1198,1,1,TRUE,0,NA
1995,BHtokt,BAR1995.SPD,LAHV,Jan Mayen,1995_1199,1,1,TRUE,0,NA
1995,BHtokt,BAR1995.SPD,LAHV,Jan Mayen,1995_1200,1,1,TRUE,0,NA
1995,BHtokt,BAR1995.SPD,LAHV,Jan Mayen,1995_1201,1,1,TRUE,0,NA
1995,BHtokt,BAR1995.SPD,LAHV,Jan Mayen,1995_1202,1,1,TRUE,0,NA
1995,BHtokt,BAR1995.SPD,LAHV,Jan Mayen,1995_1203,1,1,TRUE,0,NA
1995,BHtokt,BAR1995.SPD,LAHV,Jan Mayen,1995_1204,1,1,TRUE,0,NA
1995,BHtokt,BAR1995.SPD,LAHV,Jan Mayen,1995_1205,1,1,TRUE,0,NA
1995,BHtokt,BAR1995.SPD,LAHV,Jan Mayen,1995_1206,1,1,TRUE,0,NA
1995,BHtokt,BAR1995.SPD,LAHV,Jan Mayen,1995_1207,1,1,TRUE,0,NA
1995,BHtokt,BAR1995.SPD,LAHV,Jan Mayen,1995_1208,1,1,TRUE,0,NA
1995,BHtokt,BAR1995.SPD,LAHV,Jan Mayen,1995_1209,1,1,TRUE,0,NA
1995,BHtokt,BAR1995.SPD,LAHV,Jan Mayen,1995_1210,1,1,TRUE,0,NA
1995,BHtokt,BAR1995.SPD,LAHV,Jan Mayen,1995_1211,1,1,TRUE,0,NA
1995,BHtokt,BAR1995.SPD,LAHV,Jan Mayen,1995_1212,1,1,TRUE,0,NA
1995,BHtokt,BAR1995.SPD,LAHV,Jan Mayen,1995_1213,1,1,TRUE,0,NA
1995,BHtokt,BAR1995.SPD,LAHV,Jan Mayen,1995_1214,1,1,TRUE,0,NA
1995,BHtokt,BAR1995.SPD,LAHV,Jan Mayen,1995_1215,1,1,TRUE,0,NA
1995,BHtokt,BAR1995.SPD,LAHV,Jan Mayen,1995_1216,1,1,TRUE,0,NA
1995,BHtokt,BAR1995.SPD,LAHV,Jan Mayen,1995_1217,1,1,TRUE,0,NA
1995,BHtokt,BAR1995.SPD,LAHV,Jan Mayen,1995_1218,1,1,TRUE,0,NA
1995,BHtokt,BAR1995.SPD,LAHV,Jan Mayen,1995_1219,1,1,TRUE,0,NA
1995,BHtokt,BAR1995.SPD,LAHV,Jan Mayen,1995_1220,1,1,TRUE,0,NA
1995,BHtokt,BAR1995.SPD,LAHV,Jan Mayen,1995_1221,1,1,TRUE,0,NA
1995,BHtokt,BAR1995.SPD,LAHV,Jan Mayen,1995_1222,1,1,TRUE,0,NA
1995,BHtokt,BAR1995.SPD,LAHV,Jan Mayen,1995_1223,1,1,TRUE,0,NA
1995,BHtokt,BAR1995.SPD,LAHV,Jan Mayen,1995_1224,1,1,TRUE,0,NA
1995,BHtokt,BAR1995.SPD,LAHV,Jan Mayen,1995_1225,1,1,TRUE,0,NA
1995,BHtokt,BAR1995.SPD,LAHV,Jan Mayen,1995_1226,1,1,TRUE,0,NA
1995,BHtokt,BAR1995.SPD,LAHV,Jan Mayen,1995_1227,1,1,TRUE,0,NA
1995,BHtokt,BAR1995.SPD,LAHV,Jan Mayen,1995_1228,1,1,TRUE,0,NA
1995,BHtokt,BAR1995.SPD,LAHV,Jan Mayen,1995_1229,1,1,TRUE,0,NA
1995,BHtokt,BAR1995.SPD,LAHV,Jan Mayen,1995_1230,1,1,TRUE,0,NA
1995,BHtokt,BAR1995.SPD,LAHV,Jan Mayen,1995_1231,1,1,TRUE,0,NA
1995,BHtokt,BAR1995.SPD,LAHV,Jan Mayen,1995_1232,1,1,TRUE,0,NA
1995,BHtokt,BAR1995.SPD,LAHV,Jan Mayen,1995_1233,1,1,TRUE,0,NA
1995,BHtokt,BAR1995.SPD,LAHV,Jan Mayen,1995_1234,1,1,TRUE,0,NA
1995,BHtokt,BAR1995.SPD,LAHV,Jan Mayen,1995_1235,1,1,TRUE,0,NA
1995,BHtokt,BAR1995.SPD,LAHV,Jan Mayen,1995_1236,1,1,TRUE,0,NA
1995,BHtokt,BAR1995.SPD,LAHV,Jan Mayen,1995_1237,1,1,TRUE,0,NA
1995,BHtokt,BAR1995.SPD,LAHV,Jan Mayen,1995_1238,1,1,TRUE,0,NA
1995,BHtokt,BAR1995.SPD,LAHV,Jan Mayen,1995_1239,1,1,TRUE,0,NA
1995,BHtokt,BAR1995.SPD,LAHV,Jan Mayen,1995_1240,1,1,TRUE,0,NA
1995,BHtokt,BAR1995.SPD,LAHV,Jan Mayen,1995_1241,1,1,TRUE,0,NA
1995,BHtokt,BAR1995.SPD,LAHV,Jan Mayen,1995_1242,1,1,TRUE,0,NA
1995,BHtokt,BAR1995.SPD,LAHV,Jan Mayen,1995_1243,1,1,TRUE,0,NA
1995,BHtokt,BAR1995.SPD,LAHV,Jan Mayen,1995_1244,1,1,TRUE,0,NA
1995,BHtokt,BAR1995.SPD,LAHV,Jan Mayen,1995_1245,1,1,TRUE,0,NA
1995,BHtokt,BAR1995.SPD,LAHV,Jan Mayen,1995_1246,1,1,TRUE,0,NA
1995,BHtokt,BAR1995.SPD,LAHV,Jan Mayen,1995_1247,1,1,TRUE,0,NA
1995,BHtokt,BAR1995.SPD,LAHV,Jan Mayen,1995_1248,1,1,TRUE,0,NA
1995,BHtokt,BAR1995.SPD,LAHV,Jan Mayen,1995_1249,1,1,TRUE,0,NA
1995,BHtokt,BAR1995.SPD,LAHV,Jan Mayen,1995_1250,1,1,TRUE,0,NA
1995,BHtokt,BAR1995.SPD,LAHV,Jan Mayen,1995_1251,1,1,TRUE,0,NA
1995,BHtokt,BAR1995.SPD,LAHV,Jan Mayen,1995_1252,1,1,TRUE,0,NA
1995,BHtokt,BAR1995.SPD,LAHV,Jan Mayen,1995_1253,1,1,TRUE,0,NA
1995,BHtokt,BAR1995.SPD,LAHV,Jan Mayen,1995_1254,1,1,TRUE,0,NA
1995,BHtokt,BAR1995.SPD,LAHV,Jan Mayen,1995_1255,1,1,TRUE,0,NA
1995,BHtokt,BAR1995.SPD,LAHV,Jan Mayen,1995_1256,1,1,TRUE,0,NA
1995,BHtokt,BAR1995.SPD,LAHV,Jan Mayen,1995_1257,1,1,TRUE,0,NA
1995,BHtokt,BAR1995.SPD,LAHV,Jan Mayen,1995_1258,1,1,TRUE,0,NA
1995,BHtokt,BAR1995.SPD,LAHV,Jan Mayen,1995_1259,1,1,TRUE,0,NA
1995,BHtokt,BAR1995.SPD,LAHV,Jan Mayen,1995_1260,1,1,TRUE,0,NA
1995,BHtokt,BAR1995.SPD,LAHV,Jan Mayen,1995_1261,1,1,TRUE,0,NA
1995,BHtokt,BAR1995.SPD,LAHV,Jan Mayen,1995_1262,1,1,TRUE,0,NA
1995,BHtokt,BAR1995.SPD,LAHV,Jan Mayen,1995_1263,1,1,TRUE,0,NA
1995,BHtokt,BAR1995.SPD,LAHV,Jan Mayen,1995_1264,1,1,TRUE,0,NA
1995,BHtokt,BAR1995.SPD,LAHV,Jan Mayen,1995_1265,1,1,TRUE,0,NA
1995,BHtokt,BAR1995.SPD,LAHV,Jan Mayen,1995_1266,1,1,TRUE,0,NA
1995,BHtokt,BAR1995.SPD,LAHV,Jan Mayen,1995_1267,1,1,TRUE,0,NA
1995,BHtokt,BAR1995.SPD,LAHV,Jan Mayen,1995_1268,1,1,TRUE,0,NA
1995,BHtokt,BAR1995.SPD,LAHV,Jan Mayen,1995_1269,1,1,TRUE,0,NA
1995,BHtokt,BAR1995.SPD,LAHV,Jan Mayen,1995_1270,1,1,TRUE,0,NA
1995,BHtokt,BAR1995.SPD,LAHV,Jan Mayen,1995_1271,1,1,TRUE,0,NA
1995,BHtokt,BAR1995.SPD,LAHV,Jan Mayen,1995_1272,1,1,TRUE,0,NA
1995,BHtokt,BAR1995.SPD,LAHV,Jan Mayen,1995_1273,1,1,TRUE,0,NA
1995,BHtokt,BAR1995.SPD,LAHV,Jan Mayen,1995_1274,1,1,TRUE,0,NA
1995,BHtokt,BAR1995.SPD,LAHV,Jan Mayen,1995_1275,1,1,TRUE,0,NA
1995,BHtokt,BAR1995.SPD,LAHV,Jan Mayen,1995_1276,1,1,TRUE,0,NA
1995,BHtokt,BAR1995.SPD,LAHV,Jan Mayen,1995_1277,1,1,TRUE,0,NA
1995,BHtokt,BAR1995.SPD,LAHV,Jan Mayen,1995_1278,1,1,TRUE,0,NA
1995,BHtokt,BAR1995.SPD,LAHV,Jan Mayen,1995_1279,1,1,TRUE,0,NA
1995,BHtokt,BAR1995.SPD,LAHV,Jan Mayen,1995_1280,1,1,TRUE,0,NA
1995,BHtokt,BAR1995.SPD,LAHV,Jan Mayen,1995_1281,1,1,TRUE,0,NA
1995,BHtokt,BAR1995.SPD,LAHV,Jan Mayen,1995_1282,1,1,TRUE,0,NA
1995,BHtokt,BAR1995.SPD,LAHV,Jan Mayen,1995_1283,1,1,TRUE,0,NA
1995,BHtokt,BAR1995.SPD,LAHV,Jan Mayen,1995_1284,1,1,TRUE,0,NA
1995,BHtokt,BAR1995.SPD,LAHV,Jan Mayen,1995_1285,1,1,TRUE,0,NA
1995,BHtokt,BAR1995.SPD,LAHV,Jan Mayen,1995_1286,1,1,TRUE,0,NA
1995,BHtokt,BAR1995.SPD,LAHV,Jan Mayen,1995_1287,1,1,TRUE,0,NA
1995,BHtokt,BAR1995.SPD,LAHV,Jan Mayen,1995_1288,1,1,TRUE,0,NA
1995,BHtokt,BAR1995.SPD,LAHV,Jan Mayen,1995_1289,1,1,TRUE,0,NA
1995,BHtokt,BAR1995.SPD,LAHV,Jan Mayen,1995_1290,1,1,TRUE,0,NA
1995,BHtokt,BAR1995.SPD,LAHV,Jan Mayen,1995_1291,1,1,TRUE,0,NA
1995,BHtokt,BAR1995.SPD,LAHV,Jan Mayen,1995_1292,1,1,TRUE,0,NA
1995,BHtokt,BAR1995.SPD,LAHV,Jan Mayen,1995_1293,1,1,TRUE,0,NA
1995,BHtokt,BAR1995.SPD,LAHV,Jan Mayen,1995_1294,1,1,TRUE,0,NA
1995,BHtokt,BAR1995.SPD,LAHV,Jan Mayen,1995_1295,1,1,TRUE,0,NA
1995,BHtokt,BAR1995.SPD,LAHV,Jan Mayen,1995_1296,1,1,TRUE,0,NA
1995,BHtokt,BAR1995.SPD,LAHV,Jan Mayen,1995_1297,1,1,TRUE,0,NA
1995,BHtokt,BAR1995.SPD,LAHV,Jan Mayen,1995_1298,1,1,TRUE,0,NA
1995,BHtokt,BAR1995.SPD,LAHV,Jan Mayen,1995_1299,1,1,TRUE,0,NA
1995,BHtokt,BAR1995.SPD,LAHV,Jan Mayen,1995_1300,1,1,TRUE,0,NA
1995,BHtokt,BAR1995.SPD,LAHV,Jan Mayen,1995_1301,1,1,TRUE,0,NA
1995,BHtokt,BAR1995.SPD,LAHV,Jan Mayen,1995_1302,1,1,TRUE,0,NA
1995,BHtokt,BAR1995.SPD,LAHV,Jan Mayen,1995_1303,1,1,TRUE,0,NA
1995,BHtokt,BAR1995.SPD,LAHV,Jan Mayen,1995_1304,1,1,TRUE,0,NA
1995,BHtokt,BAR1995.SPD,LAHV,Jan Mayen,1995_1305,1,1,TRUE,0,NA
1995,BHtokt,BAR1995.SPD,LAHV,Jan Mayen,1995_1306,1,1,TRUE,0,NA
1995,BHtokt,BAR1995.SPD,LAHV,Jan Mayen,1995_1307,1,1,TRUE,0,NA
1995,BHtokt,BAR1995.SPD,LAHV,Jan Mayen,1995_1308,1,1,TRUE,0,NA
1995,BHtokt,BAR1995.SPD,LAHV,Jan Mayen,1995_1309,1,1,TRUE,0,NA
1995,BHtokt,BAR1995.SPD,LAHV,Jan Mayen,1995_1310,1,1,TRUE,0,NA
1995,BHtokt,BAR1995.SPD,LAHV,Jan Mayen,1995_1311,1,1,TRUE,0,NA
1995,BHtokt,BAR1995.SPD,LAHV,Jan Mayen,1995_1312,1,1,TRUE,0,NA
1995,BHtokt,BAR1995.SPD,LAHV,Jan Mayen,1995_1313,1,1,TRUE,0,NA
1995,BHtokt,BAR1995.SPD,LAHV,Jan Mayen,1995_1314,1,1,TRUE,0,NA
1995,BHtokt,BAR1995.SPD,LAHV,Jan Mayen,1995_1315,1,1,TRUE,0,NA
1995,BHtokt,BAR1995.SPD,LAHV,Jan Mayen,1995_1316,1,1,TRUE,0,NA
1995,BHtokt,BAR1995.SPD,LAHV,Jan Mayen,1995_1317,1,1,TRUE,0,NA
1995,BHtokt,BAR1995.SPD,LAHV,Jan Mayen,1995_1318,1,1,TRUE,0,NA
1995,BHtokt,BAR1995.SPD,LAHV,Jan Mayen,1995_1319,1,1,TRUE,0,NA
1995,BHtokt,BAR1995.SPD,LAHV,Jan Mayen,1995_1320,1,1,TRUE,0,NA
1995,BHtokt,BAR1995.SPD,LAHV,Jan Mayen,1995_1321,1,1,TRUE,0,NA
1995,BHtokt,BAR1995.SPD,LAHV,Jan Mayen,1995_1322,1,1,TRUE,0,NA
1995,BHtokt,BAR1995.SPD,LAHV,Jan Mayen,1995_1323,1,1,TRUE,0,NA
1995,BHtokt,BAR1995.SPD,LAHV,Jan Mayen,1995_1324,1,1,TRUE,0,NA
1995,BHtokt,BAR1995.SPD,LAHV,Jan Mayen,1995_1325,1,1,TRUE,0,NA
1995,BHtokt,BAR1995.SPD,LAHV,Jan Mayen,1995_1326,1,1,TRUE,0,NA
1995,BHtokt,BAR1995.SPD,LAHV,Jan Mayen,1995_1327,1,1,TRUE,0,NA
1995,BHtokt,BAR1995.SPD,LAHV,Jan Mayen,1995_1328,1,1,TRUE,0,NA
1995,BHtokt,BAR1995.SPD,LAHV,Jan Mayen,1995_1329,1,1,TRUE,0,NA
1995,BHtokt,BAR1995.SPD,LAHV,Jan Mayen,1995_1330,1,1,TRUE,0,NA
1995,BHtokt,BAR1995.SPD,LAHV,Jan Mayen,1995_1331,1,1,TRUE,0,NA
1995,BHtokt,BAR1995.SPD,LAHV,Jan Mayen,1995_1332,1,1,TRUE,0,NA
1995,BHtokt,BAR1995.SPD,LAHV,Jan Mayen,1995_1333,1,1,TRUE,0,NA
1995,BHtokt,BAR1995.SPD,LAHV,Jan Mayen,1995_1334,1,1,TRUE,0,NA
1995,BHtokt,BAR1995.SPD,LAHV,Jan Mayen,1995_1335,1,1,TRUE,0,NA
1995,BHtokt,BAR1995.SPD,LAHV,Jan Mayen,1995_1336,1,1,TRUE,0,NA
1995,BHtokt,BAR1995.SPD,LAHV,Jan Mayen,1995_1337,1,1,TRUE,0,NA
1995,BHtokt,BAR1995.SPD,LAHV,Jan Mayen,1995_1338,1,1,TRUE,0,NA
1995,BHtokt,BAR1995.SPD,LAHV,Jan Mayen,1995_1339,1,1,TRUE,0,NA
1995,BHtokt,BAR1995.SPD,LAHV,Jan Mayen,1995_1340,1,1,TRUE,0,NA
1995,BHtokt,BAR1995.SPD,LAHV,Jan Mayen,1995_1341,1,1,TRUE,0,NA
1995,BHtokt,BAR1995.SPD,LAHV,Jan Mayen,1995_1342,1,1,TRUE,0,NA
1995,BHtokt,BAR1995.SPD,LAHV,Jan Mayen,1995_1343,1,1,TRUE,0,NA
1995,BHtokt,BAR1995.SPD,LAHV,Jan Mayen,1995_1344,1,1,TRUE,0,NA
1995,BHtokt,BAR1995.SPD,LAHV,Jan Mayen,1995_1345,1,1,TRUE,0,NA
1995,BHtokt,BAR1995.SPD,LAHV,Jan Mayen,1995_1346,1,1,TRUE,0,NA
1995,BHtokt,BAR1995.SPD,LAHV,Jan Mayen,1995_1347,1,1,TRUE,0,NA
1995,BHtokt,BAR1995.SPD,LAHV,Jan Mayen,1995_1348,1,1,TRUE,0,NA
1995,BHtokt,BAR1995.SPD,LAHV,Jan Mayen,1995_1349,1,1,TRUE,0,NA
1995,BHtokt,BAR1995.SPD,LAHV,Jan Mayen,1995_1350,1,1,TRUE,0,NA
1995,BHtokt,BAR1995.SPD,LAHV,Jan Mayen,1995_1351,1,1,TRUE,0,NA
1995,BHtokt,BAR1995.SPD,LAHV,Jan Mayen,1995_1352,1,1,TRUE,0,NA
1995,BHtokt,BAR1995.SPD,LAHV,Jan Mayen,1995_1353,1,1,TRUE,0,NA
1995,BHtokt,BAR1995.SPD,LAHV,Jan Mayen,1995_1354,1,1,TRUE,0,NA
1995,BHtokt,BAR1995.SPD,LAHV,Jan Mayen,1995_1355,1,1,TRUE,0,NA
1995,BSS,1995001,LIZY,Anny Kræmer,1995_62,79,237,FALSE,1,Russian EEZ
1995,BSS,1995822,JXSZ,Langvin,1995_46,58,174,TRUE,0,NA
1995,BSS,1995822,JXWX,Varegg,1995_9,61,183,TRUE,0,NA
1995,BSS,1995902,LDGJ,Johan Hjort,1995_29,3,9,TRUE,0,NA
1995,BSS,1995902,LLZG,G.O.Sars,1995_25,3,9,TRUE,0,NA
1995,BSS,1995903,LDGJ,Johan Hjort,1995_39,67,201,FALSE,1,Russian EEZ
1995,BSS,1995903,LHUW,Michael Sars,1995_33,93,279,FALSE,1,Russian EEZ
1995,CoastalS,1995111,LHUW,Michael Sars,1995_42,127,381,TRUE,0,NA
1995,CoastalS,1995211,LDGJ,Johan Hjort,1995_28,80,240,TRUE,0,NA
1995,Other,1995001,JXMG,Kongsfjord,1995_173,68,204,TRUE,0,NA
1995,Other,1995004,LLZG,G.O.Sars,1995_18,1,3,TRUE,0,NA
1995,Other,1995005,LLZG,G.O.Sars,1995_185,32,96,TRUE,0,NA
1995,Other,1995842,LJIT,Håkon Mosby,1995_3,2,6,TRUE,0,NA
1995,Svalbardtokt,SVA1995.SPD,LAHV,Jan Mayen,1995_1001,1,1,TRUE,0,NA
1995,Svalbardtokt,SVA1995.SPD,LAHV,Jan Mayen,1995_1002,1,1,TRUE,0,NA
1995,Svalbardtokt,SVA1995.SPD,LAHV,Jan Mayen,1995_1003,1,1,TRUE,0,NA
1995,Svalbardtokt,SVA1995.SPD,LAHV,Jan Mayen,1995_1004,1,1,TRUE,0,NA
1995,Svalbardtokt,SVA1995.SPD,LAHV,Jan Mayen,1995_1005,1,1,TRUE,0,NA
1995,Svalbardtokt,SVA1995.SPD,LAHV,Jan Mayen,1995_1006,1,1,TRUE,0,NA
1995,Svalbardtokt,SVA1995.SPD,LAHV,Jan Mayen,1995_1007,1,1,TRUE,0,NA
1995,Svalbardtokt,SVA1995.SPD,LAHV,Jan Mayen,1995_1008,1,1,TRUE,0,NA
1995,Svalbardtokt,SVA1995.SPD,LAHV,Jan Mayen,1995_1009,1,1,TRUE,0,NA
1995,Svalbardtokt,SVA1995.SPD,LAHV,Jan Mayen,1995_1010,1,1,TRUE,0,NA
1995,Svalbardtokt,SVA1995.SPD,LAHV,Jan Mayen,1995_1011,1,1,TRUE,0,NA
1995,Svalbardtokt,SVA1995.SPD,LAHV,Jan Mayen,1995_1012,1,1,TRUE,0,NA
1995,Svalbardtokt,SVA1995.SPD,LAHV,Jan Mayen,1995_1013,1,1,TRUE,0,NA
1995,Svalbardtokt,SVA1995.SPD,LAHV,Jan Mayen,1995_1014,1,1,TRUE,0,NA
1995,Svalbardtokt,SVA1995.SPD,LAHV,Jan Mayen,1995_1015,1,1,TRUE,0,NA
1995,Svalbardtokt,SVA1995.SPD,LAHV,Jan Mayen,1995_1016,1,1,TRUE,0,NA
1995,Svalbardtokt,SVA1995.SPD,LAHV,Jan Mayen,1995_1017,1,1,TRUE,0,NA
1995,Svalbardtokt,SVA1995.SPD,LAHV,Jan Mayen,1995_1018,1,1,TRUE,0,NA
1995,Svalbardtokt,SVA1995.SPD,LAHV,Jan Mayen,1995_1019,1,1,TRUE,0,NA
1995,Svalbardtokt,SVA1995.SPD,LAHV,Jan Mayen,1995_1020,1,1,TRUE,0,NA
1995,Svalbardtokt,SVA1995.SPD,LAHV,Jan Mayen,1995_1021,1,1,TRUE,0,NA
1995,Svalbardtokt,SVA1995.SPD,LAHV,Jan Mayen,1995_1022,1,1,TRUE,0,NA
1995,Svalbardtokt,SVA1995.SPD,LAHV,Jan Mayen,1995_1023,1,1,TRUE,0,NA
1995,Svalbardtokt,SVA1995.SPD,LAHV,Jan Mayen,1995_1024,1,1,TRUE,0,NA
1995,Svalbardtokt,SVA1995.SPD,LAHV,Jan Mayen,1995_1025,1,1,TRUE,0,NA
1995,Svalbardtokt,SVA1995.SPD,LAHV,Jan Mayen,1995_1026,1,1,TRUE,0,NA
1995,Svalbardtokt,SVA1995.SPD,LAHV,Jan Mayen,1995_1027,1,1,TRUE,0,NA
1995,Svalbardtokt,SVA1995.SPD,LAHV,Jan Mayen,1995_1028,1,1,TRUE,0,NA
1995,Svalbardtokt,SVA1995.SPD,LAHV,Jan Mayen,1995_1029,1,1,TRUE,0,NA
1995,Svalbardtokt,SVA1995.SPD,LAHV,Jan Mayen,1995_1030,1,1,TRUE,0,NA
1995,Svalbardtokt,SVA1995.SPD,LAHV,Jan Mayen,1995_1031,1,1,TRUE,0,NA
1995,Svalbardtokt,SVA1995.SPD,LAHV,Jan Mayen,1995_1032,1,1,TRUE,0,NA
1995,Svalbardtokt,SVA1995.SPD,LAHV,Jan Mayen,1995_1033,1,1,TRUE,0,NA
1995,Svalbardtokt,SVA1995.SPD,LAHV,Jan Mayen,1995_1034,1,1,TRUE,0,NA
1995,Svalbardtokt,SVA1995.SPD,LAHV,Jan Mayen,1995_1035,1,1,TRUE,0,NA
1995,Svalbardtokt,SVA1995.SPD,LAHV,Jan Mayen,1995_1036,1,1,TRUE,0,NA
1995,Svalbardtokt,SVA1995.SPD,LAHV,Jan Mayen,1995_1037,1,1,TRUE,0,NA
1995,Svalbardtokt,SVA1995.SPD,LAHV,Jan Mayen,1995_1038,1,1,TRUE,0,NA
1995,Svalbardtokt,SVA1995.SPD,LAHV,Jan Mayen,1995_1039,1,1,TRUE,0,NA
1995,Svalbardtokt,SVA1995.SPD,LAHV,Jan Mayen,1995_1040,1,1,TRUE,0,NA
1995,Svalbardtokt,SVA1995.SPD,LAHV,Jan Mayen,1995_1041,1,1,TRUE,0,NA
1995,Svalbardtokt,SVA1995.SPD,LAHV,Jan Mayen,1995_1042,1,1,TRUE,0,NA
1995,Svalbardtokt,SVA1995.SPD,LAHV,Jan Mayen,1995_1043,1,1,TRUE,0,NA
1995,Svalbardtokt,SVA1995.SPD,LAHV,Jan Mayen,1995_1044,1,1,TRUE,0,NA
1995,Svalbardtokt,SVA1995.SPD,LAHV,Jan Mayen,1995_1045,1,1,TRUE,0,NA
1995,Svalbardtokt,SVA1995.SPD,LAHV,Jan Mayen,1995_1046,1,1,TRUE,0,NA
1995,Svalbardtokt,SVA1995.SPD,LAHV,Jan Mayen,1995_1047,1,1,TRUE,0,NA
1995,Svalbardtokt,SVA1995.SPD,LAHV,Jan Mayen,1995_1048,1,1,TRUE,0,NA
1995,Svalbardtokt,SVA1995.SPD,LAHV,Jan Mayen,1995_1049,1,1,TRUE,0,NA
1995,Svalbardtokt,SVA1995.SPD,LAHV,Jan Mayen,1995_1050,1,1,TRUE,0,NA
1995,Svalbardtokt,SVA1995.SPD,LAHV,Jan Mayen,1995_1051,1,1,TRUE,0,NA
1995,Svalbardtokt,SVA1995.SPD,LAHV,Jan Mayen,1995_1052,1,1,TRUE,0,NA
1995,Svalbardtokt,SVA1995.SPD,LAHV,Jan Mayen,1995_1053,1,1,TRUE,0,NA
1995,Svalbardtokt,SVA1995.SPD,LAHV,Jan Mayen,1995_1054,1,1,TRUE,0,NA
1995,Svalbardtokt,SVA1995.SPD,LAHV,Jan Mayen,1995_1055,1,1,TRUE,0,NA
1995,Svalbardtokt,SVA1995.SPD,LAHV,Jan Mayen,1995_1056,1,1,TRUE,0,NA
1995,Svalbardtokt,SVA1995.SPD,LAHV,Jan Mayen,1995_1057,1,1,TRUE,0,NA
1995,Svalbardtokt,SVA1995.SPD,LAHV,Jan Mayen,1995_1058,1,1,TRUE,0,NA
1995,Svalbardtokt,SVA1995.SPD,LAHV,Jan Mayen,1995_1059,1,1,TRUE,0,NA
1995,Svalbardtokt,SVA1995.SPD,LAHV,Jan Mayen,1995_1060,1,1,TRUE,0,NA
1995,Svalbardtokt,SVA1995.SPD,LAHV,Jan Mayen,1995_1061,1,1,TRUE,0,NA
1995,Svalbardtokt,SVA1995.SPD,LAHV,Jan Mayen,1995_1062,1,1,TRUE,0,NA
1995,Svalbardtokt,SVA1995.SPD,LAHV,Jan Mayen,1995_1063,1,1,TRUE,0,NA
1995,Svalbardtokt,SVA1995.SPD,LAHV,Jan Mayen,1995_1064,1,1,TRUE,0,NA
1995,Svalbardtokt,SVA1995.SPD,LAHV,Jan Mayen,1995_1065,1,1,TRUE,0,NA
1995,Svalbardtokt,SVA1995.SPD,LAHV,Jan Mayen,1995_1066,1,1,TRUE,0,NA
1995,Svalbardtokt,SVA1995.SPD,LAHV,Jan Mayen,1995_1067,1,1,TRUE,0,NA
1995,Svalbardtokt,SVA1995.SPD,LAHV,Jan Mayen,1995_1068,1,1,TRUE,0,NA
1995,Svalbardtokt,SVA1995.SPD,LAHV,Jan Mayen,1995_1069,1,1,TRUE,0,NA
1995,Svalbardtokt,SVA1995.SPD,LAHV,Jan Mayen,1995_1070,1,1,TRUE,0,NA
1995,Svalbardtokt,SVA1995.SPD,LAHV,Jan Mayen,1995_1071,1,1,TRUE,0,NA
1995,Svalbardtokt,SVA1995.SPD,LAHV,Jan Mayen,1995_1244,1,1,TRUE,0,NA
1995,Svalbardtokt,SVA1995.SPD,LAHV,Jan Mayen,1995_1245,1,1,TRUE,0,NA
1995,Svalbardtokt,SVA1995.SPD,LAHV,Jan Mayen,1995_1246,1,1,TRUE,0,NA
1995,Svalbardtokt,SVA1995.SPD,LAHV,Jan Mayen,1995_1247,1,1,TRUE,0,NA
1995,Svalbardtokt,SVA1995.SPD,LAHV,Jan Mayen,1995_1248,1,1,TRUE,0,NA
1995,Svalbardtokt,SVA1995.SPD,LAHV,Jan Mayen,1995_1249,1,1,TRUE,0,NA
1995,Svalbardtokt,SVA1995.SPD,LAHV,Jan Mayen,1995_1250,1,1,TRUE,0,NA
1995,Svalbardtokt,SVA1995.SPD,LAHV,Jan Mayen,1995_1251,1,1,TRUE,0,NA
1995,Svalbardtokt,SVA1995.SPD,LAHV,Jan Mayen,1995_1252,1,1,TRUE,0,NA
1995,Svalbardtokt,SVA1995.SPD,LAHV,Jan Mayen,1995_1253,1,1,TRUE,0,NA
1995,Svalbardtokt,SVA1995.SPD,LAHV,Jan Mayen,1995_1254,1,1,TRUE,0,NA
1995,Svalbardtokt,SVA1995.SPD,LAHV,Jan Mayen,1995_1255,1,1,TRUE,0,NA
1995,Svalbardtokt,SVA1995.SPD,LAHV,Jan Mayen,1995_1256,1,1,TRUE,0,NA
1995,Svalbardtokt,SVA1995.SPD,LAHV,Jan Mayen,1995_1257,1,1,TRUE,0,NA
1995,Svalbardtokt,SVA1995.SPD,LAHV,Jan Mayen,1995_1258,1,1,TRUE,0,NA
1995,Svalbardtokt,SVA1995.SPD,LAHV,Jan Mayen,1995_1259,1,1,TRUE,0,NA
1995,Svalbardtokt,SVA1995.SPD,LAHV,Jan Mayen,1995_1260,1,1,TRUE,0,NA
1995,Svalbardtokt,SVA1995.SPD,LAHV,Jan Mayen,1995_1261,1,1,TRUE,0,NA
1995,Svalbardtokt,SVA1995.SPD,LAHV,Jan Mayen,1995_1262,1,1,TRUE,0,NA
1995,Svalbardtokt,SVA1995.SPD,LAHV,Jan Mayen,1995_1263,1,1,TRUE,0,NA
1995,Svalbardtokt,SVA1995.SPD,LAHV,Jan Mayen,1995_1264,1,1,TRUE,0,NA
1995,Svalbardtokt,SVA1995.SPD,LAHV,Jan Mayen,1995_1265,1,1,TRUE,0,NA
1995,Svalbardtokt,SVA1995.SPD,LAHV,Jan Mayen,1995_1266,1,1,TRUE,0,NA
1995,Svalbardtokt,SVA1995.SPD,LAHV,Jan Mayen,1995_1267,1,1,TRUE,0,NA
1995,Svalbardtokt,SVA1995.SPD,LAHV,Jan Mayen,1995_1268,1,1,TRUE,0,NA
1995,Svalbardtokt,SVA1995.SPD,LAHV,Jan Mayen,1995_1269,1,1,TRUE,0,NA
1995,Svalbardtokt,SVA1995.SPD,LAHV,Jan Mayen,1995_1270,1,1,TRUE,0,NA
1995,Svalbardtokt,SVA1995.SPD,LAHV,Jan Mayen,1995_1271,1,1,TRUE,0,NA
1995,Svalbardtokt,SVA1995.SPD,LAHV,Jan Mayen,1995_1272,1,1,TRUE,0,NA
1995,Svalbardtokt,SVA1995.SPD,LAHV,Jan Mayen,1995_1273,1,1,TRUE,0,NA
1995,Svalbardtokt,SVA1995.SPD,LAHV,Jan Mayen,1995_1274,1,1,TRUE,0,NA
1995,Svalbardtokt,SVA1995.SPD,LAHV,Jan Mayen,1995_1275,1,1,TRUE,0,NA
1995,Svalbardtokt,SVA1995.SPD,LAHV,Jan Mayen,1995_1276,1,1,TRUE,0,NA
1995,Svalbardtokt,SVA1995.SPD,LAHV,Jan Mayen,1995_1277,1,1,TRUE,0,NA
1995,Svalbardtokt,SVA1995.SPD,LAHV,Jan Mayen,1995_1278,1,1,TRUE,0,NA
1995,Svalbardtokt,SVA1995.SPD,LAHV,Jan Mayen,1995_1279,1,1,TRUE,0,NA
1995,Svalbardtokt,SVA1995.SPD,LAHV,Jan Mayen,1995_1280,1,1,TRUE,0,NA
1995,Svalbardtokt,SVA1995.SPD,LAHV,Jan Mayen,1995_1281,1,1,TRUE,0,NA
1995,Svalbardtokt,SVA1995.SPD,LAHV,Jan Mayen,1995_1282,1,1,TRUE,0,NA
1995,Svalbardtokt,SVA1995.SPD,LAHV,Jan Mayen,1995_1283,1,1,TRUE,0,NA
1995,Svalbardtokt,SVA1995.SPD,LAHV,Jan Mayen,1995_1284,1,1,TRUE,0,NA
1995,Svalbardtokt,SVA1995.SPD,LAHV,Jan Mayen,1995_1285,1,1,TRUE,0,NA
1995,Svalbardtokt,SVA1995.SPD,LAHV,Jan Mayen,1995_1286,1,1,TRUE,0,NA
1995,Svalbardtokt,SVA1995.SPD,LAHV,Jan Mayen,1995_1287,1,1,TRUE,0,NA
1995,Svalbardtokt,SVA1995.SPD,LAHV,Jan Mayen,1995_1288,1,1,TRUE,0,NA
1995,Svalbardtokt,SVA1995.SPD,LAHV,Jan Mayen,1995_1289,1,1,TRUE,0,NA
1995,Svalbardtokt,SVA1995.SPD,LAHV,Jan Mayen,1995_1290,1,1,TRUE,0,NA
1995,Svalbardtokt,SVA1995.SPD,LAHV,Jan Mayen,1995_1291,1,1,TRUE,0,NA
1995,Svalbardtokt,SVA1995.SPD,LAHV,Jan Mayen,1995_1292,1,1,TRUE,0,NA
1995,Svalbardtokt,SVA1995.SPD,LAHV,Jan Mayen,1995_1293,1,1,TRUE,0,NA
1995,Svalbardtokt,SVA1995.SPD,LAHV,Jan Mayen,1995_1294,1,1,TRUE,0,NA
1995,Svalbardtokt,SVA1995.SPD,LAHV,Jan Mayen,1995_1295,1,1,TRUE,0,NA
1995,Svalbardtokt,SVA1995.SPD,LAHV,Jan Mayen,1995_1296,1,1,TRUE,0,NA
1995,Svalbardtokt,SVA1995.SPD,LAHV,Jan Mayen,1995_1297,1,1,TRUE,0,NA
1995,Svalbardtokt,SVA1995.SPD,LAHV,Jan Mayen,1995_1298,1,1,TRUE,0,NA
1995,Svalbardtokt,SVA1995.SPD,LAHV,Jan Mayen,1995_1299,1,1,TRUE,0,NA
1995,Svalbardtokt,SVA1995.SPD,LAHV,Jan Mayen,1995_1300,1,1,TRUE,0,NA
1995,Svalbardtokt,SVA1995.SPD,LAHV,Jan Mayen,1995_1301,1,1,TRUE,0,NA
1995,Svalbardtokt,SVA1995.SPD,LAHV,Jan Mayen,1995_1302,1,1,TRUE,0,NA
1995,Svalbardtokt,SVA1995.SPD,LAHV,Jan Mayen,1995_1303,1,1,TRUE,0,NA
1995,Svalbardtokt,SVA1995.SPD,LAHV,Jan Mayen,1995_1304,1,1,TRUE,0,NA
1995,Svalbardtokt,SVA1995.SPD,LAHV,Jan Mayen,1995_1305,1,1,TRUE,0,NA
1995,Svalbardtokt,SVA1995.SPD,LAHV,Jan Mayen,1995_1306,1,1,TRUE,0,NA
1995,Svalbardtokt,SVA1995.SPD,LAHV,Jan Mayen,1995_1307,1,1,TRUE,0,NA
1995,Svalbardtokt,SVA1995.SPD,LAHV,Jan Mayen,1995_1308,1,1,TRUE,0,NA
1995,Svalbardtokt,SVA1995.SPD,LAHV,Jan Mayen,1995_1309,1,1,TRUE,0,NA
1995,Svalbardtokt,SVA1995.SPD,LAHV,Jan Mayen,1995_1310,1,1,TRUE,0,NA
1995,Svalbardtokt,SVA1995.SPD,LAHV,Jan Mayen,1995_1311,1,1,TRUE,0,NA
1995,Svalbardtokt,SVA1995.SPD,LAHV,Jan Mayen,1995_1312,1,1,TRUE,0,NA
1995,Svalbardtokt,SVA1995.SPD,LAHV,Jan Mayen,1995_1313,1,1,TRUE,0,NA
1995,Svalbardtokt,SVA1995.SPD,LAHV,Jan Mayen,1995_1314,1,1,TRUE,0,NA
1995,Svalbardtokt,SVA1995.SPD,LAHV,Jan Mayen,1995_1315,1,1,TRUE,0,NA
1995,Svalbardtokt,SVA1995.SPD,LAHV,Jan Mayen,1995_1316,1,1,TRUE,0,NA
1995,Svalbardtokt,SVA1995.SPD,LAHV,Jan Mayen,1995_1317,1,1,TRUE,0,NA
1995,Svalbardtokt,SVA1995.SPD,LAHV,Jan Mayen,1995_1318,1,1,TRUE,0,NA
1995,Svalbardtokt,SVA1995.SPD,LAHV,Jan Mayen,1995_1319,1,1,TRUE,0,NA
1995,Svalbardtokt,SVA1995.SPD,LAHV,Jan Mayen,1995_1320,1,1,TRUE,0,NA
1995,Svalbardtokt,SVA1995.SPD,LAHV,Jan Mayen,1995_1321,1,1,TRUE,0,NA
1995,Svalbardtokt,SVA1995.SPD,LAHV,Jan Mayen,1995_1322,1,1,TRUE,0,NA
1995,Svalbardtokt,SVA1995.SPD,LAHV,Jan Mayen,1995_1323,1,1,TRUE,0,NA
1995,Svalbardtokt,SVA1995.SPD,LAHV,Jan Mayen,1995_1324,1,1,TRUE,0,NA
1995,Svalbardtokt,SVA1995.SPD,LAHV,Jan Mayen,1995_1325,1,1,TRUE,0,NA
1995,Svalbardtokt,SVA1995.SPD,LAHV,Jan Mayen,1995_1326,1,1,TRUE,0,NA
1995,Svalbardtokt,SVA1995.SPD,LAHV,Jan Mayen,1995_1327,1,1,TRUE,0,NA
1995,Svalbardtokt,SVA1995.SPD,LAHV,Jan Mayen,1995_1328,1,1,TRUE,0,NA
1995,Svalbardtokt,SVA1995.SPD,LAHV,Jan Mayen,1995_1329,1,1,TRUE,0,NA
1995,Svalbardtokt,SVA1995.SPD,LAHV,Jan Mayen,1995_1330,1,1,TRUE,0,NA
1995,Svalbardtokt,SVA1995.SPD,LAHV,Jan Mayen,1995_1331,1,1,TRUE,0,NA
1995,Svalbardtokt,SVA1995.SPD,LAHV,Jan Mayen,1995_1332,1,1,TRUE,0,NA
1995,Svalbardtokt,SVA1995.SPD,LAHV,Jan Mayen,1995_1333,1,1,TRUE,0,NA
1995,Svalbardtokt,SVA1995.SPD,LAHV,Jan Mayen,1995_1334,1,1,TRUE,0,NA
1995,Svalbardtokt,SVA1995.SPD,LAHV,Jan Mayen,1995_1335,1,1,TRUE,0,NA
1995,Svalbardtokt,SVA1995.SPD,LAHV,Jan Mayen,1995_1336,1,1,TRUE,0,NA
1995,Svalbardtokt,SVA1995.SPD,LAHV,Jan Mayen,1995_1337,1,1,TRUE,0,NA
1995,Svalbardtokt,SVA1995.SPD,LAHV,Jan Mayen,1995_1338,1,1,TRUE,0,NA
1995,Svalbardtokt,SVA1995.SPD,LAHV,Jan Mayen,1995_1339,1,1,TRUE,0,NA
1995,Svalbardtokt,SVA1995.SPD,LAHV,Jan Mayen,1995_1340,1,1,TRUE,0,NA
1995,Svalbardtokt,SVA1995.SPD,LAHV,Jan Mayen,1995_1341,1,1,TRUE,0,NA
1995,Svalbardtokt,SVA1995.SPD,LAHV,Jan Mayen,1995_1342,1,1,TRUE,0,NA
1995,Svalbardtokt,SVA1995.SPD,LAHV,Jan Mayen,1995_1343,1,1,TRUE,0,NA
1995,Svalbardtokt,SVA1995.SPD,LAHV,Jan Mayen,1995_1344,1,1,TRUE,0,NA
1995,Svalbardtokt,SVA1995.SPD,LAHV,Jan Mayen,1995_1345,1,1,TRUE,0,NA
1995,Svalbardtokt,SVA1995.SPD,LAHV,Jan Mayen,1995_1346,1,1,TRUE,0,NA
1995,Svalbardtokt,SVA1995.SPD,LAHV,Jan Mayen,1995_1347,1,1,TRUE,0,NA
1995,Svalbardtokt,SVA1995.SPD,LAHV,Jan Mayen,1995_1348,1,1,TRUE,0,NA
1995,Svalbardtokt,SVA1995.SPD,LAHV,Jan Mayen,1995_1349,1,1,TRUE,0,NA
1995,Svalbardtokt,SVA1995.SPD,LAHV,Jan Mayen,1995_1350,1,1,TRUE,0,NA
1995,Svalbardtokt,SVA1995.SPD,LAHV,Jan Mayen,1995_1351,1,1,TRUE,0,NA
1995,Svalbardtokt,SVA1995.SPD,LAHV,Jan Mayen,1995_1352,1,1,TRUE,0,NA
1995,Svalbardtokt,SVA1995.SPD,LAHV,Jan Mayen,1995_1353,1,1,TRUE,0,NA
1995,Svalbardtokt,SVA1995.SPD,LAHV,Jan Mayen,1995_1354,1,1,TRUE,0,NA
1995,Svalbardtokt,SVA1995.SPD,LAHV,Jan Mayen,1995_1355,1,1,TRUE,0,NA
1995,Svalbardtokt,SVA1995.SPD,LAHV,Jan Mayen,1995_1356,1,1,TRUE,0,NA
1995,Svalbardtokt,SVA1995.SPD,LAHV,Jan Mayen,1995_1357,1,1,TRUE,0,NA
1995,Svalbardtokt,SVA1995.SPD,LAHV,Jan Mayen,1995_1358,1,1,TRUE,0,NA
1995,Svalbardtokt,SVA1995.SPD,LAHV,Jan Mayen,1995_1359,1,1,TRUE,0,NA
1995,Svalbardtokt,SVA1995.SPD,LAHV,Jan Mayen,1995_1360,1,1,TRUE,0,NA
1995,Svalbardtokt,SVA1995.SPD,LAHV,Jan Mayen,1995_1361,1,1,TRUE,0,NA
1995,Svalbardtokt,SVA1995.SPD,LAHV,Jan Mayen,1995_1362,1,1,TRUE,0,NA
1995,Svalbardtokt,SVA1995.SPD,LAHV,Jan Mayen,1995_1363,1,1,TRUE,0,NA
1995,Svalbardtokt,SVA1995.SPD,LAHV,Jan Mayen,1995_1364,1,1,TRUE,0,NA
1995,Svalbardtokt,SVA1995.SPD,LAHV,Jan Mayen,1995_1365,1,1,TRUE,0,NA
1995,Svalbardtokt,SVA1995.SPD,LAHV,Jan Mayen,1995_1366,1,1,TRUE,0,NA
1995,Svalbardtokt,SVA1995.SPD,LAHV,Jan Mayen,1995_1367,1,1,TRUE,0,NA
1995,Svalbardtokt,SVA1995.SPD,LAHV,Jan Mayen,1995_1368,1,1,TRUE,0,NA
1995,Svalbardtokt,SVA1995.SPD,LAHV,Jan Mayen,1995_1369,1,1,TRUE,0,NA
1995,Svalbardtokt,SVA1995.SPD,LAHV,Jan Mayen,1995_1370,1,1,TRUE,0,NA
1995,Svalbardtokt,SVA1995.SPD,LAHV,Jan Mayen,1995_1371,1,1,TRUE,0,NA
1995,Svalbardtokt,SVA1995.SPD,LAHV,Jan Mayen,1995_1372,1,1,TRUE,0,NA
1995,Svalbardtokt,SVA1995.SPD,LAHV,Jan Mayen,1995_1373,1,1,TRUE,0,NA
1995,Svalbardtokt,SVA1995.SPD,LAHV,Jan Mayen,1995_1374,1,1,TRUE,0,NA
1995,Svalbardtokt,SVA1995.SPD,LAHV,Jan Mayen,1995_1375,1,1,TRUE,0,NA
1995,Svalbardtokt,SVA1995.SPD,LAHV,Jan Mayen,1995_1376,1,1,TRUE,0,NA
1995,Svalbardtokt,SVA1995.SPD,LAHV,Jan Mayen,1995_1377,1,1,TRUE,0,NA
1995,Svalbardtokt,SVA1995.SPD,LAHV,Jan Mayen,1995_1378,1,1,TRUE,0,NA
1995,Svalbardtokt,SVA1995.SPD,LAHV,Jan Mayen,1995_1379,1,1,TRUE,0,NA
1995,Svalbardtokt,SVA1995.SPD,LAHV,Jan Mayen,1995_1380,1,1,TRUE,0,NA
1995,Svalbardtokt,SVA1995.SPD,LAHV,Jan Mayen,1995_1381,1,1,TRUE,0,NA
1995,Svalbardtokt,SVA1995.SPD,LAHV,Jan Mayen,1995_1382,1,1,TRUE,0,NA
1995,Svalbardtokt,SVA1995.SPD,LAHV,Jan Mayen,1995_1383,1,1,TRUE,0,NA
1995,Svalbardtokt,SVA1995.SPD,LAHV,Jan Mayen,1995_1384,1,1,TRUE,0,NA
1995,Svalbardtokt,SVA1995.SPD,LAHV,Jan Mayen,1995_1385,1,1,TRUE,0,NA
1995,Svalbardtokt,SVA1995.SPD,LAHV,Jan Mayen,1995_1386,1,1,TRUE,0,NA
1995,Svalbardtokt,SVA1995.SPD,LAHV,Jan Mayen,1995_1387,1,1,TRUE,0,NA
1995,Svalbardtokt,SVA1995.SPD,LAHV,Jan Mayen,1995_1388,1,1,TRUE,0,NA
1995,Svalbardtokt,SVA1995.SPD,LAHV,Jan Mayen,1995_1389,1,1,TRUE,0,NA
1995,Svalbardtokt,SVA1995.SPD,LAHV,Jan Mayen,1995_1390,1,1,TRUE,0,NA
1995,Svalbardtokt,SVA1995.SPD,LAHV,Jan Mayen,1995_1391,1,1,TRUE,0,NA
1995,Svalbardtokt,SVA1995.SPD,LAHV,Jan Mayen,1995_1392,1,1,TRUE,0,NA
1995,Svalbardtokt,SVA1995.SPD,LAHV,Jan Mayen,1995_1393,1,1,TRUE,0,NA
1995,Svalbardtokt,SVA1995.SPD,LAHV,Jan Mayen,1995_1394,1,1,TRUE,0,NA
1995,Svalbardtokt,SVA1995.SPD,LAHV,Jan Mayen,1995_1395,1,1,TRUE,0,NA
1995,Svalbardtokt,SVA1995.SPD,LAHV,Jan Mayen,1995_1396,1,1,TRUE,0,NA
1995,Svalbardtokt,SVA1995.SPD,LAHV,Jan Mayen,1995_1397,1,1,TRUE,0,NA
1995,Svalbardtokt,SVA1995.SPD,LAHV,Jan Mayen,1995_1398,1,1,TRUE,0,NA
1995,Svalbardtokt,SVA1995.SPD,LAHV,Jan Mayen,1995_1399,1,1,TRUE,0,NA
1995,Svalbardtokt,SVA1995.SPD,LAHV,Jan Mayen,1995_1400,1,1,TRUE,0,NA
1995,Svalbardtokt,SVA1995.SPD,LAHV,Jan Mayen,1995_1401,1,1,TRUE,0,NA
1995,Svalbardtokt,SVA1995.SPD,LAHV,Jan Mayen,1995_1402,1,1,TRUE,0,NA
1995,Svalbardtokt,SVA1995.SPD,LAHV,Jan Mayen,1995_1403,1,1,TRUE,0,NA
1995,Svalbardtokt,SVA1995.SPD,LAHV,Jan Mayen,1995_1404,1,1,TRUE,0,NA
1995,Svalbardtokt,SVA1995.SPD,LAHV,Jan Mayen,1995_1405,1,1,TRUE,0,NA
1995,Svalbardtokt,SVA1995.SPD,LAHV,Jan Mayen,1995_1406,1,1,TRUE,0,NA
1995,Svalbardtokt,SVA1995.SPD,LAHV,Jan Mayen,1995_1407,1,1,TRUE,0,NA
1995,Svalbardtokt,SVA1995.SPD,LAHV,Jan Mayen,1995_1408,1,1,TRUE,0,NA
1995,Svalbardtokt,SVA1995.SPD,LAHV,Jan Mayen,1995_1409,1,1,TRUE,0,NA
1995,Svalbardtokt,SVA1995.SPD,LAHV,Jan Mayen,1995_1410,1,1,TRUE,0,NA
1995,Svalbardtokt,SVA1995.SPD,LAHV,Jan Mayen,1995_1411,1,1,TRUE,0,NA
1995,Svalbardtokt,SVA1995.SPD,LAHV,Jan Mayen,1995_1412,1,1,TRUE,0,NA
1995,Svalbardtokt,SVA1995.SPD,LAHV,Jan Mayen,1995_1413,1,1,TRUE,0,NA
1995,Svalbardtokt,SVA1995.SPD,LAHV,Jan Mayen,1995_1414,1,1,TRUE,0,NA
1995,Svalbardtokt,SVA1995.SPD,LAHV,Jan Mayen,1995_1415,1,1,TRUE,0,NA
1995,Svalbardtokt,SVA1995.SPD,LAHV,Jan Mayen,1995_1416,1,1,TRUE,0,NA
1995,Svalbardtokt,SVA1995.SPD,LAHV,Jan Mayen,1995_1417,1,1,TRUE,0,NA
1995,Svalbardtokt,SVA1995.SPD,LAHV,Jan Mayen,1995_1418,1,1,TRUE,0,NA
1995,Svalbardtokt,SVA1995.SPD,LAHV,Jan Mayen,1995_1419,1,1,TRUE,0,NA
1995,Svalbardtokt,SVA1995.SPD,LAHV,Jan Mayen,1995_1420,1,1,TRUE,0,NA
1995,Svalbardtokt,SVA1995.SPD,LAHV,Jan Mayen,1995_1421,1,1,TRUE,0,NA
1995,Svalbardtokt,SVA1995.SPD,LAHV,Jan Mayen,1995_1422,1,1,TRUE,0,NA
1995,Svalbardtokt,SVA1995.SPD,LAHV,Jan Mayen,1995_1423,1,1,TRUE,0,NA
1995,Svalbardtokt,SVA1995.SPD,LAHV,Jan Mayen,1995_1424,1,1,TRUE,0,NA
1995,Svalbardtokt,SVA1995.SPD,LAHV,Jan Mayen,1995_1425,1,1,TRUE,0,NA
1995,Svalbardtokt,SVA1995.SPD,LAHV,Jan Mayen,1995_1426,1,1,TRUE,0,NA
1995,Svalbardtokt,SVA1995.SPD,LAHV,Jan Mayen,1995_1427,1,1,TRUE,0,NA
1995,Svalbardtokt,SVA1995.SPD,LAHV,Jan Mayen,1995_1428,1,1,TRUE,0,NA
1995,Svalbardtokt,SVA1995.SPD,LAHV,Jan Mayen,1995_1429,1,1,TRUE,0,NA
1995,Svalbardtokt,SVA1995.SPD,LAHV,Jan Mayen,1995_1430,1,1,TRUE,0,NA
1995,Svalbardtokt,SVA1995.SPD,LAHV,Jan Mayen,1995_1431,1,1,TRUE,0,NA
1995,Svalbardtokt,SVA1995.SPD,LAHV,Jan Mayen,1995_1432,1,1,TRUE,0,NA
1995,Svalbardtokt,SVA1995.SPD,LAHV,Jan Mayen,1995_1433,1,1,TRUE,0,NA
1995,Svalbardtokt,SVA1995.SPD,LAHV,Jan Mayen,1995_1434,1,1,TRUE,0,NA
1995,Svalbardtokt,SVA1995.SPD,LAHV,Jan Mayen,1995_1435,1,1,TRUE,0,NA
1995,Svalbardtokt,SVA1995.SPD,LAHV,Jan Mayen,1995_1436,1,1,TRUE,0,NA
1995,Svalbardtokt,SVA1995.SPD,LAHV,Jan Mayen,1995_1437,1,1,TRUE,0,NA
1995,Svalbardtokt,SVA1995.SPD,LAHV,Jan Mayen,1995_1438,1,1,TRUE,0,NA
1995,Svalbardtokt,SVA1995.SPD,LAHV,Jan Mayen,1995_1439,1,1,TRUE,0,NA
1995,Svalbardtokt,SVA1995.SPD,LAHV,Jan Mayen,1995_1440,1,1,TRUE,0,NA
1995,Svalbardtokt,SVA1995.SPD,LAHV,Jan Mayen,1995_1441,1,1,TRUE,0,NA
1995,Svalbardtokt,SVA1995.SPD,LAHV,Jan Mayen,1995_1442,1,1,TRUE,0,NA
1995,Svalbardtokt,SVA1995.SPD,LAHV,Jan Mayen,1995_1443,1,1,TRUE,0,NA
1995,Svalbardtokt,SVA1995.SPD,LAHV,Jan Mayen,1995_1444,1,1,TRUE,0,NA
1995,Svalbardtokt,SVA1995.SPD,LAHV,Jan Mayen,1995_1445,1,1,TRUE,0,NA
1995,Svalbardtokt,SVA1995.SPD,LAHV,Jan Mayen,1995_1446,1,1,TRUE,0,NA
1995,Svalbardtokt,SVA1995.SPD,LAHV,Jan Mayen,1995_1447,1,1,TRUE,0,NA
1995,Svalbardtokt,SVA1995.SPD,LAHV,Jan Mayen,1995_1448,1,1,TRUE,0,NA
1995,Svalbardtokt,SVA1995.SPD,LAHV,Jan Mayen,1995_1449,1,1,TRUE,0,NA
1995,Svalbardtokt,SVA1995.SPD,LAHV,Jan Mayen,1995_1450,1,1,TRUE,0,NA
1995,Svalbardtokt,SVA1995.SPD,LAHV,Jan Mayen,1995_1451,1,1,TRUE,0,NA
1995,Svalbardtokt,SVA1995.SPD,LAHV,Jan Mayen,1995_1452,1,1,TRUE,0,NA
1995,Svalbardtokt,SVA1995.SPD,LAHV,Jan Mayen,1995_1453,1,1,TRUE,0,NA
1995,Svalbardtokt,SVA1995.SPD,LAHV,Jan Mayen,1995_1454,1,1,TRUE,0,NA
1995,Svalbardtokt,SVA1995.SPD,LAHV,Jan Mayen,1995_1455,1,1,TRUE,0,NA
1995,Svalbardtokt,SVA1995.SPD,LAHV,Jan Mayen,1995_1456,1,1,TRUE,0,NA
1995,Svalbardtokt,SVA1995.SPD,LAHV,Jan Mayen,1995_1457,1,1,TRUE,0,NA
1995,Svalbardtokt,SVA1995.SPD,LAHV,Jan Mayen,1995_1458,1,1,TRUE,0,NA
1995,Svalbardtokt,SVA1995.SPD,LAHV,Jan Mayen,1995_1459,1,1,TRUE,0,NA
1995,Svalbardtokt,SVA1995.SPD,LAHV,Jan Mayen,1995_1460,1,1,TRUE,0,NA
1995,Svalbardtokt,SVA1995.SPD,LAHV,Jan Mayen,1995_1461,1,1,TRUE,0,NA
1995,Svalbardtokt,SVA1995.SPD,LAHV,Jan Mayen,1995_1462,1,1,TRUE,0,NA
1995,Svalbardtokt,SVA1995.SPD,LAHV,Jan Mayen,1995_1463,1,1,TRUE,0,NA
1995,Svalbardtokt,SVA1995.SPD,LAHV,Jan Mayen,1995_1464,1,1,TRUE,0,NA
1995,Svalbardtokt,SVA1995.SPD,LAHV,Jan Mayen,1995_1465,1,1,TRUE,0,NA
1995,Svalbardtokt,SVA1995.SPD,LAHV,Jan Mayen,1995_1466,1,1,TRUE,0,NA
1995,Svalbardtokt,SVA1995.SPD,LAHV,Jan Mayen,1995_1467,1,1,TRUE,0,NA
1995,Svalbardtokt,SVA1995.SPD,LAHV,Jan Mayen,1995_1468,1,1,TRUE,0,NA
1995,Svalbardtokt,SVA1995.SPD,LAHV,Jan Mayen,1995_1469,1,1,TRUE,0,NA
1995,Svalbardtokt,SVA1995.SPD,LAHV,Jan Mayen,1995_1470,1,1,TRUE,0,NA
1995,Svalbardtokt,SVA1995.SPD,LAHV,Jan Mayen,1995_1471,1,1,TRUE,0,NA
1995,Svalbardtokt,SVA1995.SPD,LAHV,Jan Mayen,1995_1472,1,1,TRUE,0,NA
1995,Svalbardtokt,SVA1995.SPD,LAHV,Jan Mayen,1995_1473,1,1,TRUE,0,NA
1995,Svalbardtokt,SVA1995.SPD,LAHV,Jan Mayen,1995_1474,1,1,TRUE,0,NA
1995,Svalbardtokt,SVA1995.SPD,LAHV,Jan Mayen,1995_1475,1,1,TRUE,0,NA
1995,Svalbardtokt,SVA1995.SPD,LAHV,Jan Mayen,1995_1476,1,1,TRUE,0,NA
1995,Svalbardtokt,SVA1995.SPD,LAHV,Jan Mayen,1995_1477,1,1,TRUE,0,NA
1995,Svalbardtokt,SVA1995.SPD,LAHV,Jan Mayen,1995_1478,1,1,TRUE,0,NA
1995,Svalbardtokt,SVA1995.SPD,LAHV,Jan Mayen,1995_1479,1,1,TRUE,0,NA
1995,Svalbardtokt,SVA1995.SPD,LAHV,Jan Mayen,1995_1480,1,1,TRUE,0,NA
1995,Svalbardtokt,SVA1995.SPD,LAHV,Jan Mayen,1995_1481,1,1,TRUE,0,NA
1995,Svalbardtokt,SVA1995.SPD,LAHV,Jan Mayen,1995_1482,1,1,TRUE,0,NA
1995,Svalbardtokt,SVA1995.SPD,LAHV,Jan Mayen,1995_1483,1,1,TRUE,0,NA
1995,Svalbardtokt,SVA1995.SPD,LAHV,Jan Mayen,1995_1484,1,1,TRUE,0,NA
1995,Svalbardtokt,SVA1995.SPD,LAHV,Jan Mayen,1995_1485,1,1,TRUE,0,NA
1995,Svalbardtokt,SVA1995.SPD,LAHV,Jan Mayen,1995_1486,1,1,TRUE,0,NA
1995,Svalbardtokt,SVA1995.SPD,LAHV,Jan Mayen,1995_1487,1,1,TRUE,0,NA
1995,Svalbardtokt,SVA1995.SPD,LAHV,Jan Mayen,1995_1488,1,1,TRUE,0,NA
1995,Svalbardtokt,SVA1995.SPD,LAHV,Jan Mayen,1995_1489,1,1,TRUE,0,NA
1995,Svalbardtokt,SVA1995.SPD,LAHV,Jan Mayen,1995_1490,1,1,TRUE,0,NA
1995,Svalbardtokt,SVA1995.SPD,LAHV,Jan Mayen,1995_1491,1,1,TRUE,0,NA
1995,Svalbardtokt,SVA1995.SPD,LAHV,Jan Mayen,1995_1492,1,1,TRUE,0,NA
1995,Svalbardtokt,SVA1995.SPD,LAHV,Jan Mayen,1995_1493,1,1,TRUE,0,NA
1995,Svalbardtokt,SVA1995.SPD,LAHV,Jan Mayen,1995_1494,1,1,TRUE,0,NA
1995,Svalbardtokt,SVA1995.SPD,LAHV,Jan Mayen,1995_1495,1,1,TRUE,0,NA
1995,Svalbardtokt,SVA1995.SPD,LAHV,Jan Mayen,1995_1496,1,1,TRUE,0,NA
1995,WinterS,1995901,LAHV,Jan Mayen,1995_37,103,309,FALSE,1,Russian EEZ
1995,WinterS,1995901,LDGJ,Johan Hjort,1995_38,101,303,FALSE,1,Russian EEZ
1995,WinterS,1995901,LLZG,G.O.Sars,1995_36,94,282,FALSE,1,Russian EEZ
1996,BHtokt,BAR1996.SPD,LAHV,Jan Mayen,1996_1001,1,1,TRUE,0,NA
1996,BHtokt,BAR1996.SPD,LAHV,Jan Mayen,1996_1002,1,1,TRUE,0,NA
1996,BHtokt,BAR1996.SPD,LAHV,Jan Mayen,1996_1003,1,1,TRUE,0,NA
1996,BHtokt,BAR1996.SPD,LAHV,Jan Mayen,1996_1004,1,1,TRUE,0,NA
1996,BHtokt,BAR1996.SPD,LAHV,Jan Mayen,1996_1005,1,1,TRUE,0,NA
1996,BHtokt,BAR1996.SPD,LAHV,Jan Mayen,1996_1006,1,1,TRUE,0,NA
1996,BHtokt,BAR1996.SPD,LAHV,Jan Mayen,1996_1007,1,1,TRUE,0,NA
1996,BHtokt,BAR1996.SPD,LAHV,Jan Mayen,1996_1008,1,1,TRUE,0,NA
1996,BHtokt,BAR1996.SPD,LAHV,Jan Mayen,1996_1009,1,1,TRUE,0,NA
1996,BHtokt,BAR1996.SPD,LAHV,Jan Mayen,1996_1010,1,1,TRUE,0,NA
1996,BHtokt,BAR1996.SPD,LAHV,Jan Mayen,1996_1011,1,1,TRUE,0,NA
1996,BHtokt,BAR1996.SPD,LAHV,Jan Mayen,1996_1012,1,1,TRUE,0,NA
1996,BHtokt,BAR1996.SPD,LAHV,Jan Mayen,1996_1013,1,1,TRUE,0,NA
1996,BHtokt,BAR1996.SPD,LAHV,Jan Mayen,1996_1014,1,1,TRUE,0,NA
1996,BHtokt,BAR1996.SPD,LAHV,Jan Mayen,1996_1015,1,1,TRUE,0,NA
1996,BHtokt,BAR1996.SPD,LAHV,Jan Mayen,1996_1016,1,1,TRUE,0,NA
1996,BHtokt,BAR1996.SPD,LAHV,Jan Mayen,1996_1017,1,1,TRUE,0,NA
1996,BHtokt,BAR1996.SPD,LAHV,Jan Mayen,1996_1018,1,1,TRUE,0,NA
1996,BHtokt,BAR1996.SPD,LAHV,Jan Mayen,1996_1019,1,1,TRUE,0,NA
1996,BHtokt,BAR1996.SPD,LAHV,Jan Mayen,1996_1020,1,1,TRUE,0,NA
1996,BHtokt,BAR1996.SPD,LAHV,Jan Mayen,1996_1021,1,1,TRUE,0,NA
1996,BHtokt,BAR1996.SPD,LAHV,Jan Mayen,1996_1022,1,1,TRUE,0,NA
1996,BHtokt,BAR1996.SPD,LAHV,Jan Mayen,1996_1023,1,1,TRUE,0,NA
1996,BHtokt,BAR1996.SPD,LAHV,Jan Mayen,1996_1024,1,1,TRUE,0,NA
1996,BHtokt,BAR1996.SPD,LAHV,Jan Mayen,1996_1025,1,1,TRUE,0,NA
1996,BHtokt,BAR1996.SPD,LAHV,Jan Mayen,1996_1026,1,1,TRUE,0,NA
1996,BHtokt,BAR1996.SPD,LAHV,Jan Mayen,1996_1027,1,1,TRUE,0,NA
1996,BHtokt,BAR1996.SPD,LAHV,Jan Mayen,1996_1028,1,1,TRUE,0,NA
1996,BHtokt,BAR1996.SPD,LAHV,Jan Mayen,1996_1029,1,1,TRUE,0,NA
1996,BHtokt,BAR1996.SPD,LAHV,Jan Mayen,1996_1030,1,1,TRUE,0,NA
1996,BHtokt,BAR1996.SPD,LAHV,Jan Mayen,1996_1031,1,1,TRUE,0,NA
1996,BHtokt,BAR1996.SPD,LAHV,Jan Mayen,1996_1032,1,1,TRUE,0,NA
1996,BHtokt,BAR1996.SPD,LAHV,Jan Mayen,1996_1033,1,1,TRUE,0,NA
1996,BHtokt,BAR1996.SPD,LAHV,Jan Mayen,1996_1034,1,1,TRUE,0,NA
1996,BHtokt,BAR1996.SPD,LAHV,Jan Mayen,1996_1035,1,1,TRUE,0,NA
1996,BHtokt,BAR1996.SPD,LAHV,Jan Mayen,1996_1036,1,1,TRUE,0,NA
1996,BHtokt,BAR1996.SPD,LAHV,Jan Mayen,1996_1037,1,1,TRUE,0,NA
1996,BHtokt,BAR1996.SPD,LAHV,Jan Mayen,1996_1038,1,1,TRUE,0,NA
1996,BHtokt,BAR1996.SPD,LAHV,Jan Mayen,1996_1039,1,1,TRUE,0,NA
1996,BHtokt,BAR1996.SPD,LAHV,Jan Mayen,1996_1040,1,1,TRUE,0,NA
1996,BHtokt,BAR1996.SPD,LAHV,Jan Mayen,1996_1041,1,1,TRUE,0,NA
1996,BHtokt,BAR1996.SPD,LAHV,Jan Mayen,1996_1042,1,1,TRUE,0,NA
1996,BHtokt,BAR1996.SPD,LAHV,Jan Mayen,1996_1043,1,1,TRUE,0,NA
1996,BHtokt,BAR1996.SPD,LAHV,Jan Mayen,1996_1044,1,1,TRUE,0,NA
1996,BHtokt,BAR1996.SPD,LAHV,Jan Mayen,1996_1045,1,1,TRUE,0,NA
1996,BHtokt,BAR1996.SPD,LAHV,Jan Mayen,1996_1046,1,1,TRUE,0,NA
1996,BHtokt,BAR1996.SPD,LAHV,Jan Mayen,1996_1047,1,1,TRUE,0,NA
1996,BHtokt,BAR1996.SPD,LAHV,Jan Mayen,1996_1048,1,1,TRUE,0,NA
1996,BHtokt,BAR1996.SPD,LAHV,Jan Mayen,1996_1049,1,1,TRUE,0,NA
1996,BHtokt,BAR1996.SPD,LAHV,Jan Mayen,1996_1050,1,1,TRUE,0,NA
1996,BHtokt,BAR1996.SPD,LAHV,Jan Mayen,1996_1051,1,1,TRUE,0,NA
1996,BHtokt,BAR1996.SPD,LAHV,Jan Mayen,1996_1052,1,1,TRUE,0,NA
1996,BHtokt,BAR1996.SPD,LAHV,Jan Mayen,1996_1053,1,1,TRUE,0,NA
1996,BHtokt,BAR1996.SPD,LAHV,Jan Mayen,1996_1054,1,1,TRUE,0,NA
1996,BHtokt,BAR1996.SPD,LAHV,Jan Mayen,1996_1055,1,1,TRUE,0,NA
1996,BHtokt,BAR1996.SPD,LAHV,Jan Mayen,1996_1056,1,1,TRUE,0,NA
1996,BHtokt,BAR1996.SPD,LAHV,Jan Mayen,1996_1057,1,1,TRUE,0,NA
1996,BHtokt,BAR1996.SPD,LAHV,Jan Mayen,1996_1058,1,1,TRUE,0,NA
1996,BHtokt,BAR1996.SPD,LAHV,Jan Mayen,1996_1059,1,1,TRUE,0,NA
1996,BHtokt,BAR1996.SPD,LAHV,Jan Mayen,1996_1060,1,1,TRUE,0,NA
1996,BHtokt,BAR1996.SPD,LAHV,Jan Mayen,1996_1061,1,1,TRUE,0,NA
1996,BHtokt,BAR1996.SPD,LAHV,Jan Mayen,1996_1062,1,1,TRUE,0,NA
1996,BHtokt,BAR1996.SPD,LAHV,Jan Mayen,1996_1063,1,1,TRUE,0,NA
1996,BHtokt,BAR1996.SPD,LAHV,Jan Mayen,1996_1064,1,1,TRUE,0,NA
1996,BHtokt,BAR1996.SPD,LAHV,Jan Mayen,1996_1065,1,1,TRUE,0,NA
1996,BHtokt,BAR1996.SPD,LAHV,Jan Mayen,1996_1066,1,1,TRUE,0,NA
1996,BHtokt,BAR1996.SPD,LAHV,Jan Mayen,1996_1067,1,1,TRUE,0,NA
1996,BHtokt,BAR1996.SPD,LAHV,Jan Mayen,1996_1068,1,1,TRUE,0,NA
1996,BHtokt,BAR1996.SPD,LAHV,Jan Mayen,1996_1069,1,1,TRUE,0,NA
1996,BHtokt,BAR1996.SPD,LAHV,Jan Mayen,1996_1070,1,1,TRUE,0,NA
1996,BHtokt,BAR1996.SPD,LAHV,Jan Mayen,1996_1071,1,1,TRUE,0,NA
1996,BHtokt,BAR1996.SPD,LAHV,Jan Mayen,1996_1072,1,1,TRUE,0,NA
1996,BHtokt,BAR1996.SPD,LAHV,Jan Mayen,1996_1073,1,1,TRUE,0,NA
1996,BHtokt,BAR1996.SPD,LAHV,Jan Mayen,1996_1074,1,1,TRUE,0,NA
1996,BHtokt,BAR1996.SPD,LAHV,Jan Mayen,1996_1075,1,1,TRUE,0,NA
1996,BHtokt,BAR1996.SPD,LAHV,Jan Mayen,1996_1076,1,1,TRUE,0,NA
1996,BHtokt,BAR1996.SPD,LAHV,Jan Mayen,1996_1077,1,1,TRUE,0,NA
1996,BHtokt,BAR1996.SPD,LAHV,Jan Mayen,1996_1078,1,1,TRUE,0,NA
1996,BHtokt,BAR1996.SPD,LAHV,Jan Mayen,1996_1079,1,1,TRUE,0,NA
1996,BHtokt,BAR1996.SPD,LAHV,Jan Mayen,1996_1080,1,1,TRUE,0,NA
1996,BHtokt,BAR1996.SPD,LAHV,Jan Mayen,1996_1081,1,1,TRUE,0,NA
1996,BHtokt,BAR1996.SPD,LAHV,Jan Mayen,1996_1082,1,1,TRUE,0,NA
1996,BHtokt,BAR1996.SPD,LAHV,Jan Mayen,1996_1083,1,1,TRUE,0,NA
1996,BHtokt,BAR1996.SPD,LAHV,Jan Mayen,1996_1084,1,1,TRUE,0,NA
1996,BHtokt,BAR1996.SPD,LAHV,Jan Mayen,1996_1085,1,1,TRUE,0,NA
1996,BHtokt,BAR1996.SPD,LAHV,Jan Mayen,1996_1086,1,1,TRUE,0,NA
1996,BHtokt,BAR1996.SPD,LAHV,Jan Mayen,1996_1087,1,1,TRUE,0,NA
1996,BHtokt,BAR1996.SPD,LAHV,Jan Mayen,1996_1088,1,1,TRUE,0,NA
1996,BHtokt,BAR1996.SPD,LAHV,Jan Mayen,1996_1089,1,1,TRUE,0,NA
1996,BHtokt,BAR1996.SPD,LAHV,Jan Mayen,1996_1090,1,1,TRUE,0,NA
1996,BHtokt,BAR1996.SPD,LAHV,Jan Mayen,1996_1091,1,1,TRUE,0,NA
1996,BHtokt,BAR1996.SPD,LAHV,Jan Mayen,1996_1092,1,1,TRUE,0,NA
1996,BHtokt,BAR1996.SPD,LAHV,Jan Mayen,1996_1093,1,1,TRUE,0,NA
1996,BHtokt,BAR1996.SPD,LAHV,Jan Mayen,1996_1094,1,1,TRUE,0,NA
1996,BHtokt,BAR1996.SPD,LAHV,Jan Mayen,1996_1095,1,1,TRUE,0,NA
1996,BHtokt,BAR1996.SPD,LAHV,Jan Mayen,1996_1096,1,1,TRUE,0,NA
1996,BHtokt,BAR1996.SPD,LAHV,Jan Mayen,1996_1097,1,1,TRUE,0,NA
1996,BHtokt,BAR1996.SPD,LAHV,Jan Mayen,1996_1098,1,1,TRUE,0,NA
1996,BHtokt,BAR1996.SPD,LAHV,Jan Mayen,1996_1099,1,1,TRUE,0,NA
1996,BHtokt,BAR1996.SPD,LAHV,Jan Mayen,1996_1100,1,1,TRUE,0,NA
1996,BHtokt,BAR1996.SPD,LAHV,Jan Mayen,1996_1101,1,1,TRUE,0,NA
1996,BHtokt,BAR1996.SPD,LAHV,Jan Mayen,1996_1102,1,1,TRUE,0,NA
1996,BHtokt,BAR1996.SPD,LAHV,Jan Mayen,1996_1103,1,1,TRUE,0,NA
1996,BHtokt,BAR1996.SPD,LAHV,Jan Mayen,1996_1104,1,1,TRUE,0,NA
1996,BHtokt,BAR1996.SPD,LAHV,Jan Mayen,1996_1105,1,1,TRUE,0,NA
1996,BHtokt,BAR1996.SPD,LAHV,Jan Mayen,1996_1106,1,1,TRUE,0,NA
1996,BHtokt,BAR1996.SPD,LAHV,Jan Mayen,1996_1107,1,1,TRUE,0,NA
1996,BHtokt,BAR1996.SPD,LAHV,Jan Mayen,1996_1108,1,1,TRUE,0,NA
1996,BHtokt,BAR1996.SPD,LAHV,Jan Mayen,1996_1109,1,1,TRUE,0,NA
1996,BHtokt,BAR1996.SPD,LAHV,Jan Mayen,1996_1110,1,1,TRUE,0,NA
1996,BHtokt,BAR1996.SPD,LAHV,Jan Mayen,1996_1111,1,1,TRUE,0,NA
1996,BHtokt,BAR1996.SPD,LAHV,Jan Mayen,1996_1112,1,1,TRUE,0,NA
1996,BHtokt,BAR1996.SPD,LAHV,Jan Mayen,1996_1113,1,1,TRUE,0,NA
1996,BHtokt,BAR1996.SPD,LAHV,Jan Mayen,1996_1114,1,1,TRUE,0,NA
1996,BHtokt,BAR1996.SPD,LAHV,Jan Mayen,1996_1115,1,1,TRUE,0,NA
1996,BHtokt,BAR1996.SPD,LAHV,Jan Mayen,1996_1116,1,1,TRUE,0,NA
1996,BHtokt,BAR1996.SPD,LAHV,Jan Mayen,1996_1117,1,1,TRUE,0,NA
1996,BHtokt,BAR1996.SPD,LAHV,Jan Mayen,1996_1118,1,1,TRUE,0,NA
1996,BHtokt,BAR1996.SPD,LAHV,Jan Mayen,1996_1119,1,1,TRUE,0,NA
1996,BHtokt,BAR1996.SPD,LAHV,Jan Mayen,1996_1120,1,1,TRUE,0,NA
1996,BHtokt,BAR1996.SPD,LAHV,Jan Mayen,1996_1121,1,1,TRUE,0,NA
1996,BHtokt,BAR1996.SPD,LAHV,Jan Mayen,1996_1122,1,1,TRUE,0,NA
1996,BHtokt,BAR1996.SPD,LAHV,Jan Mayen,1996_1123,1,1,TRUE,0,NA
1996,BHtokt,BAR1996.SPD,LAHV,Jan Mayen,1996_1124,1,1,TRUE,0,NA
1996,BHtokt,BAR1996.SPD,LAHV,Jan Mayen,1996_1125,1,1,TRUE,0,NA
1996,BHtokt,BAR1996.SPD,LAHV,Jan Mayen,1996_1126,1,1,TRUE,0,NA
1996,BHtokt,BAR1996.SPD,LAHV,Jan Mayen,1996_1127,1,1,TRUE,0,NA
1996,BHtokt,BAR1996.SPD,LAHV,Jan Mayen,1996_1128,1,1,TRUE,0,NA
1996,BHtokt,BAR1996.SPD,LAHV,Jan Mayen,1996_1129,1,1,TRUE,0,NA
1996,BHtokt,BAR1996.SPD,LAHV,Jan Mayen,1996_1130,1,1,TRUE,0,NA
1996,BHtokt,BAR1996.SPD,LAHV,Jan Mayen,1996_1131,1,1,TRUE,0,NA
1996,BHtokt,BAR1996.SPD,LAHV,Jan Mayen,1996_1132,1,1,TRUE,0,NA
1996,BHtokt,BAR1996.SPD,LAHV,Jan Mayen,1996_1133,1,1,TRUE,0,NA
1996,BHtokt,BAR1996.SPD,LAHV,Jan Mayen,1996_1134,1,1,TRUE,0,NA
1996,BHtokt,BAR1996.SPD,LAHV,Jan Mayen,1996_1135,1,1,TRUE,0,NA
1996,BHtokt,BAR1996.SPD,LAHV,Jan Mayen,1996_1136,1,1,TRUE,0,NA
1996,BHtokt,BAR1996.SPD,LAHV,Jan Mayen,1996_1137,1,1,TRUE,0,NA
1996,BHtokt,BAR1996.SPD,LAHV,Jan Mayen,1996_1138,1,1,TRUE,0,NA
1996,BHtokt,BAR1996.SPD,LAHV,Jan Mayen,1996_1139,1,1,TRUE,0,NA
1996,BHtokt,BAR1996.SPD,LAHV,Jan Mayen,1996_1140,1,1,TRUE,0,NA
1996,BHtokt,BAR1996.SPD,LAHV,Jan Mayen,1996_1141,1,1,TRUE,0,NA
1996,BHtokt,BAR1996.SPD,LAHV,Jan Mayen,1996_1142,1,1,TRUE,0,NA
1996,BHtokt,BAR1996.SPD,LAHV,Jan Mayen,1996_1143,1,1,TRUE,0,NA
1996,BHtokt,BAR1996.SPD,LAHV,Jan Mayen,1996_1356,1,1,TRUE,0,NA
1996,BHtokt,BAR1996.SPD,LAHV,Jan Mayen,1996_1357,1,1,TRUE,0,NA
1996,BHtokt,BAR1996.SPD,LAHV,Jan Mayen,1996_1358,1,1,TRUE,0,NA
1996,BHtokt,BAR1996.SPD,LAHV,Jan Mayen,1996_1359,1,1,TRUE,0,NA
1996,BHtokt,BAR1996.SPD,LAHV,Jan Mayen,1996_1360,1,1,TRUE,0,NA
1996,BHtokt,BAR1996.SPD,LAHV,Jan Mayen,1996_1361,1,1,TRUE,0,NA
1996,BHtokt,BAR1996.SPD,LAHV,Jan Mayen,1996_1362,1,1,TRUE,0,NA
1996,BHtokt,BAR1996.SPD,LAHV,Jan Mayen,1996_1363,1,1,TRUE,0,NA
1996,BHtokt,BAR1996.SPD,LAHV,Jan Mayen,1996_1364,1,1,TRUE,0,NA
1996,BHtokt,BAR1996.SPD,LAHV,Jan Mayen,1996_1365,1,1,TRUE,0,NA
1996,BHtokt,BAR1996.SPD,LAHV,Jan Mayen,1996_1366,1,1,TRUE,0,NA
1996,BHtokt,BAR1996.SPD,LAHV,Jan Mayen,1996_1367,1,1,TRUE,0,NA
1996,BHtokt,BAR1996.SPD,LAHV,Jan Mayen,1996_1368,1,1,TRUE,0,NA
1996,BHtokt,BAR1996.SPD,LAHV,Jan Mayen,1996_1369,1,1,TRUE,0,NA
1996,BHtokt,BAR1996.SPD,LAHV,Jan Mayen,1996_1370,1,1,TRUE,0,NA
1996,BHtokt,BAR1996.SPD,LAHV,Jan Mayen,1996_1371,1,1,TRUE,0,NA
1996,BHtokt,BAR1996.SPD,LAHV,Jan Mayen,1996_1372,1,1,TRUE,0,NA
1996,BHtokt,BAR1996.SPD,LAHV,Jan Mayen,1996_1373,1,1,TRUE,0,NA
1996,BHtokt,BAR1996.SPD,LAHV,Jan Mayen,1996_1374,1,1,TRUE,0,NA
1996,BHtokt,BAR1996.SPD,LAHV,Jan Mayen,1996_1375,1,1,TRUE,0,NA
1996,BHtokt,BAR1996.SPD,LAHV,Jan Mayen,1996_1376,1,1,TRUE,0,NA
1996,BHtokt,BAR1996.SPD,LAHV,Jan Mayen,1996_1377,1,1,TRUE,0,NA
1996,BHtokt,BAR1996.SPD,LAHV,Jan Mayen,1996_1378,1,1,TRUE,0,NA
1996,BHtokt,BAR1996.SPD,LAHV,Jan Mayen,1996_1379,1,1,TRUE,0,NA
1996,BHtokt,BAR1996.SPD,LAHV,Jan Mayen,1996_1380,1,1,TRUE,0,NA
1996,BHtokt,BAR1996.SPD,LAHV,Jan Mayen,1996_1381,1,1,TRUE,0,NA
1996,BHtokt,BAR1996.SPD,LAHV,Jan Mayen,1996_1382,1,1,TRUE,0,NA
1996,BHtokt,BAR1996.SPD,LAHV,Jan Mayen,1996_1383,1,1,TRUE,0,NA
1996,BHtokt,BAR1996.SPD,LAHV,Jan Mayen,1996_1384,1,1,TRUE,0,NA
1996,BHtokt,BAR1996.SPD,LAHV,Jan Mayen,1996_1385,1,1,TRUE,0,NA
1996,BHtokt,BAR1996.SPD,LAHV,Jan Mayen,1996_1386,1,1,FALSE,1,Russian EEZ
1996,BHtokt,BAR1996.SPD,LAHV,Jan Mayen,1996_1387,1,1,FALSE,1,Russian EEZ
1996,BHtokt,BAR1996.SPD,LAHV,Jan Mayen,1996_1388,1,1,TRUE,0,NA
1996,BHtokt,BAR1996.SPD,LAHV,Jan Mayen,1996_1389,1,1,TRUE,0,NA
1996,BHtokt,BAR1996.SPD,LAHV,Jan Mayen,1996_1390,1,1,TRUE,0,NA
1996,BHtokt,BAR1996.SPD,LAHV,Jan Mayen,1996_1391,1,1,TRUE,0,NA
1996,BHtokt,BAR1996.SPD,LAHV,Jan Mayen,1996_1392,1,1,TRUE,0,NA
1996,BHtokt,BAR1996.SPD,LAHV,Jan Mayen,1996_1393,1,1,TRUE,0,NA
1996,BHtokt,BAR1996.SPD,LAHV,Jan Mayen,1996_1394,1,1,TRUE,0,NA
1996,BHtokt,BAR1996.SPD,LAHV,Jan Mayen,1996_1395,1,1,TRUE,0,NA
1996,BHtokt,BAR1996.SPD,LAHV,Jan Mayen,1996_1396,1,1,TRUE,0,NA
1996,BHtokt,BAR1996.SPD,LAHV,Jan Mayen,1996_1397,1,1,TRUE,0,NA
1996,BHtokt,BAR1996.SPD,LAHV,Jan Mayen,1996_1398,1,1,TRUE,0,NA
1996,BHtokt,BAR1996.SPD,LAHV,Jan Mayen,1996_1399,1,1,TRUE,0,NA
1996,BHtokt,BAR1996.SPD,LAHV,Jan Mayen,1996_1400,1,1,TRUE,0,NA
1996,BHtokt,BAR1996.SPD,LAHV,Jan Mayen,1996_1401,1,1,TRUE,0,NA
1996,BHtokt,BAR1996.SPD,LAHV,Jan Mayen,1996_1402,1,1,TRUE,0,NA
1996,BHtokt,BAR1996.SPD,LAHV,Jan Mayen,1996_1403,1,1,TRUE,0,NA
1996,BHtokt,BAR1996.SPD,LAHV,Jan Mayen,1996_1404,1,1,TRUE,0,NA
1996,BHtokt,BAR1996.SPD,LAHV,Jan Mayen,1996_1405,1,1,TRUE,0,NA
1996,BHtokt,BAR1996.SPD,LAHV,Jan Mayen,1996_1406,1,1,TRUE,0,NA
1996,BHtokt,BAR1996.SPD,LAHV,Jan Mayen,1996_1407,1,1,TRUE,0,NA
1996,BHtokt,BAR1996.SPD,LAHV,Jan Mayen,1996_1408,1,1,TRUE,0,NA
1996,BHtokt,BAR1996.SPD,LAHV,Jan Mayen,1996_1409,1,1,TRUE,0,NA
1996,BHtokt,BAR1996.SPD,LAHV,Jan Mayen,1996_1410,1,1,TRUE,0,NA
1996,BHtokt,BAR1996.SPD,LAHV,Jan Mayen,1996_1411,1,1,TRUE,0,NA
1996,BHtokt,BAR1996.SPD,LAHV,Jan Mayen,1996_1412,1,1,TRUE,0,NA
1996,BHtokt,BAR1996.SPD,LAHV,Jan Mayen,1996_1413,1,1,TRUE,0,NA
1996,BHtokt,BAR1996.SPD,LAHV,Jan Mayen,1996_1414,1,1,TRUE,0,NA
1996,BHtokt,BAR1996.SPD,LAHV,Jan Mayen,1996_1415,1,1,TRUE,0,NA
1996,BHtokt,BAR1996.SPD,LAHV,Jan Mayen,1996_1416,1,1,TRUE,0,NA
1996,BHtokt,BAR1996.SPD,LAHV,Jan Mayen,1996_1417,1,1,TRUE,0,NA
1996,BHtokt,BAR1996.SPD,LAHV,Jan Mayen,1996_1418,1,1,TRUE,0,NA
1996,BHtokt,BAR1996.SPD,LAHV,Jan Mayen,1996_1419,1,1,TRUE,0,NA
1996,BHtokt,BAR1996.SPD,LAHV,Jan Mayen,1996_1420,1,1,TRUE,0,NA
1996,BHtokt,BAR1996.SPD,LAHV,Jan Mayen,1996_1421,1,1,TRUE,0,NA
1996,BHtokt,BAR1996.SPD,LAHV,Jan Mayen,1996_1422,1,1,TRUE,0,NA
1996,BHtokt,BAR1996.SPD,LAHV,Jan Mayen,1996_1423,1,1,TRUE,0,NA
1996,BHtokt,BAR1996.SPD,LAHV,Jan Mayen,1996_1424,1,1,TRUE,0,NA
1996,BHtokt,BAR1996.SPD,LAHV,Jan Mayen,1996_1425,1,1,TRUE,0,NA
1996,BHtokt,BAR1996.SPD,LAHV,Jan Mayen,1996_1426,1,1,TRUE,0,NA
1996,BHtokt,BAR1996.SPD,LAHV,Jan Mayen,1996_1427,1,1,TRUE,0,NA
1996,BHtokt,BAR1996.SPD,LAHV,Jan Mayen,1996_1428,1,1,TRUE,0,NA
1996,BHtokt,BAR1996.SPD,LAHV,Jan Mayen,1996_1429,1,1,TRUE,0,NA
1996,BHtokt,BAR1996.SPD,LAHV,Jan Mayen,1996_1430,1,1,TRUE,0,NA
1996,BHtokt,BAR1996.SPD,LAHV,Jan Mayen,1996_1431,1,1,TRUE,0,NA
1996,BHtokt,BAR1996.SPD,LAHV,Jan Mayen,1996_1432,1,1,TRUE,0,NA
1996,BHtokt,BAR1996.SPD,LAHV,Jan Mayen,1996_1433,1,1,TRUE,0,NA
1996,BHtokt,BAR1996.SPD,LAHV,Jan Mayen,1996_1434,1,1,TRUE,0,NA
1996,BHtokt,BAR1996.SPD,LAHV,Jan Mayen,1996_1435,1,1,TRUE,0,NA
1996,BHtokt,BAR1996.SPD,LAHV,Jan Mayen,1996_1436,1,1,TRUE,0,NA
1996,BHtokt,BAR1996.SPD,LAHV,Jan Mayen,1996_1437,1,1,TRUE,0,NA
1996,BHtokt,BAR1996.SPD,LAHV,Jan Mayen,1996_1438,1,1,TRUE,0,NA
1996,BHtokt,BAR1996.SPD,LAHV,Jan Mayen,1996_1439,1,1,TRUE,0,NA
1996,BHtokt,BAR1996.SPD,LAHV,Jan Mayen,1996_1440,1,1,TRUE,0,NA
1996,BHtokt,BAR1996.SPD,LAHV,Jan Mayen,1996_1441,1,1,TRUE,0,NA
1996,BHtokt,BAR1996.SPD,LAHV,Jan Mayen,1996_1442,1,1,TRUE,0,NA
1996,BHtokt,BAR1996.SPD,LAHV,Jan Mayen,1996_1443,1,1,TRUE,0,NA
1996,BHtokt,BAR1996.SPD,LAHV,Jan Mayen,1996_1444,1,1,TRUE,0,NA
1996,BHtokt,BAR1996.SPD,LAHV,Jan Mayen,1996_1445,1,1,TRUE,0,NA
1996,BHtokt,BAR1996.SPD,LAHV,Jan Mayen,1996_1446,1,1,TRUE,0,NA
1996,BHtokt,BAR1996.SPD,LAHV,Jan Mayen,1996_1447,1,1,TRUE,0,NA
1996,BHtokt,BAR1996.SPD,LAHV,Jan Mayen,1996_1448,1,1,TRUE,0,NA
1996,BHtokt,BAR1996.SPD,LAHV,Jan Mayen,1996_1449,1,1,TRUE,0,NA
1996,BHtokt,BAR1996.SPD,LAHV,Jan Mayen,1996_1450,1,1,TRUE,0,NA
1996,BHtokt,BAR1996.SPD,LAHV,Jan Mayen,1996_1451,1,1,TRUE,0,NA
1996,BHtokt,BAR1996.SPD,LAHV,Jan Mayen,1996_1452,1,1,TRUE,0,NA
1996,BHtokt,BAR1996.SPD,LAHV,Jan Mayen,1996_1453,1,1,TRUE,0,NA
1996,BHtokt,BAR1996.SPD,LAHV,Jan Mayen,1996_1454,1,1,TRUE,0,NA
1996,BHtokt,BAR1996.SPD,LAHV,Jan Mayen,1996_1455,1,1,TRUE,0,NA
1996,BHtokt,BAR1996.SPD,LAHV,Jan Mayen,1996_1456,1,1,TRUE,0,NA
1996,BHtokt,BAR1996.SPD,LAHV,Jan Mayen,1996_1457,1,1,TRUE,0,NA
1996,BHtokt,BAR1996.SPD,LAHV,Jan Mayen,1996_1458,1,1,TRUE,0,NA
1996,BHtokt,BAR1996.SPD,LAHV,Jan Mayen,1996_1459,1,1,TRUE,0,NA
1996,BHtokt,BAR1996.SPD,LAHV,Jan Mayen,1996_1460,1,1,TRUE,0,NA
1996,BHtokt,BAR1996.SPD,LAHV,Jan Mayen,1996_1461,1,1,TRUE,0,NA
1996,BHtokt,BAR1996.SPD,LAHV,Jan Mayen,1996_1462,1,1,TRUE,0,NA
1996,BHtokt,BAR1996.SPD,LAHV,Jan Mayen,1996_1463,1,1,TRUE,0,NA
1996,BHtokt,BAR1996.SPD,LAHV,Jan Mayen,1996_1464,1,1,TRUE,0,NA
1996,BHtokt,BAR1996.SPD,LAHV,Jan Mayen,1996_1465,1,1,TRUE,0,NA
1996,BHtokt,BAR1996.SPD,LAHV,Jan Mayen,1996_1466,1,1,TRUE,0,NA
1996,BHtokt,BAR1996.SPD,LAHV,Jan Mayen,1996_1467,1,1,TRUE,0,NA
1996,BHtokt,BAR1996.SPD,LAHV,Jan Mayen,1996_1468,1,1,TRUE,0,NA
1996,BHtokt,BAR1996.SPD,LAHV,Jan Mayen,1996_1469,1,1,TRUE,0,NA
1996,BHtokt,BAR1996.SPD,LAHV,Jan Mayen,1996_1470,1,1,TRUE,0,NA
1996,BHtokt,BAR1996.SPD,LAHV,Jan Mayen,1996_1471,1,1,TRUE,0,NA
1996,BHtokt,BAR1996.SPD,LAHV,Jan Mayen,1996_1472,1,1,TRUE,0,NA
1996,BHtokt,BAR1996.SPD,LAHV,Jan Mayen,1996_1473,1,1,TRUE,0,NA
1996,BHtokt,BAR1996.SPD,LAHV,Jan Mayen,1996_1474,1,1,TRUE,0,NA
1996,BHtokt,BAR1996.SPD,LAHV,Jan Mayen,1996_1475,1,1,TRUE,0,NA
1996,BHtokt,BAR1996.SPD,LAHV,Jan Mayen,1996_1476,1,1,TRUE,0,NA
1996,BHtokt,BAR1996.SPD,LAHV,Jan Mayen,1996_1477,1,1,TRUE,0,NA
1996,BHtokt,BAR1996.SPD,LAHV,Jan Mayen,1996_1478,1,1,TRUE,0,NA
1996,BHtokt,BAR1996.SPD,LAHV,Jan Mayen,1996_1479,1,1,TRUE,0,NA
1996,BHtokt,BAR1996.SPD,LAHV,Jan Mayen,1996_1480,1,1,TRUE,0,NA
1996,BHtokt,BAR1996.SPD,LAHV,Jan Mayen,1996_1481,1,1,TRUE,0,NA
1996,BHtokt,BAR1996.SPD,LAHV,Jan Mayen,1996_1482,1,1,TRUE,0,NA
1996,BHtokt,BAR1996.SPD,LAHV,Jan Mayen,1996_1483,1,1,TRUE,0,NA
1996,BHtokt,BAR1996.SPD,LAHV,Jan Mayen,1996_1484,1,1,TRUE,0,NA
1996,BHtokt,BAR1996.SPD,LAHV,Jan Mayen,1996_1485,1,1,TRUE,0,NA
1996,BHtokt,BAR1996.SPD,LAHV,Jan Mayen,1996_1486,1,1,TRUE,0,NA
1996,BHtokt,BAR1996.SPD,LAHV,Jan Mayen,1996_1487,1,1,TRUE,0,NA
1996,BHtokt,BAR1996.SPD,LAHV,Jan Mayen,1996_1488,1,1,TRUE,0,NA
1996,BHtokt,BAR1996.SPD,LAHV,Jan Mayen,1996_1489,1,1,TRUE,0,NA
1996,BHtokt,BAR1996.SPD,LAHV,Jan Mayen,1996_1490,1,1,TRUE,0,NA
1996,BHtokt,BAR1996.SPD,LAHV,Jan Mayen,1996_1491,1,1,TRUE,0,NA
1996,BHtokt,BAR1996.SPD,LAHV,Jan Mayen,1996_1492,1,1,TRUE,0,NA
1996,BHtokt,BAR1996.SPD,LAHV,Jan Mayen,1996_1493,1,1,TRUE,0,NA
1996,BHtokt,BAR1996.SPD,LAHV,Jan Mayen,1996_1494,1,1,TRUE,0,NA
1996,BHtokt,BAR1996.SPD,LAHV,Jan Mayen,1996_1495,1,1,TRUE,0,NA
1996,BHtokt,BAR1996.SPD,LAHV,Jan Mayen,1996_1496,1,1,TRUE,0,NA
1996,BSS,1996903,JXWX,Varegg,1996_8,74,222,FALSE,1,Russian EEZ
1996,BSS,1996903,LADD,Hopen,1996_60,144,432,FALSE,1,Russian EEZ
1996,BSS,1996903,LDGJ,Johan Hjort,1996_32,57,171,TRUE,0,NA
1996,BSS,1996903,LHUW,Michael Sars,1996_34,151,453,FALSE,1,Russian EEZ
1996,CoastalS,1996111,LHUW,Michael Sars,1996_64,130,390,TRUE,0,NA
1996,CoastalS,1996214,LDGJ,Johan Hjort,1996_30,72,216,TRUE,0,NA
1996,Svalbardtokt,SVA1996.SPD,LAHV,Jan Mayen,1996_1072,1,1,TRUE,0,NA
1996,Svalbardtokt,SVA1996.SPD,LAHV,Jan Mayen,1996_1073,1,1,TRUE,0,NA
1996,Svalbardtokt,SVA1996.SPD,LAHV,Jan Mayen,1996_1074,1,1,TRUE,0,NA
1996,Svalbardtokt,SVA1996.SPD,LAHV,Jan Mayen,1996_1075,1,1,TRUE,0,NA
1996,Svalbardtokt,SVA1996.SPD,LAHV,Jan Mayen,1996_1076,1,1,TRUE,0,NA
1996,Svalbardtokt,SVA1996.SPD,LAHV,Jan Mayen,1996_1077,1,1,TRUE,0,NA
1996,Svalbardtokt,SVA1996.SPD,LAHV,Jan Mayen,1996_1078,1,1,TRUE,0,NA
1996,Svalbardtokt,SVA1996.SPD,LAHV,Jan Mayen,1996_1079,1,1,TRUE,0,NA
1996,Svalbardtokt,SVA1996.SPD,LAHV,Jan Mayen,1996_1080,1,1,TRUE,0,NA
1996,Svalbardtokt,SVA1996.SPD,LAHV,Jan Mayen,1996_1081,1,1,TRUE,0,NA
1996,Svalbardtokt,SVA1996.SPD,LAHV,Jan Mayen,1996_1082,1,1,TRUE,0,NA
1996,Svalbardtokt,SVA1996.SPD,LAHV,Jan Mayen,1996_1083,1,1,TRUE,0,NA
1996,Svalbardtokt,SVA1996.SPD,LAHV,Jan Mayen,1996_1084,1,1,TRUE,0,NA
1996,Svalbardtokt,SVA1996.SPD,LAHV,Jan Mayen,1996_1085,1,1,TRUE,0,NA
1996,Svalbardtokt,SVA1996.SPD,LAHV,Jan Mayen,1996_1086,1,1,TRUE,0,NA
1996,Svalbardtokt,SVA1996.SPD,LAHV,Jan Mayen,1996_1087,1,1,TRUE,0,NA
1996,Svalbardtokt,SVA1996.SPD,LAHV,Jan Mayen,1996_1088,1,1,TRUE,0,NA
1996,Svalbardtokt,SVA1996.SPD,LAHV,Jan Mayen,1996_1089,1,1,TRUE,0,NA
1996,Svalbardtokt,SVA1996.SPD,LAHV,Jan Mayen,1996_1090,1,1,TRUE,0,NA
1996,Svalbardtokt,SVA1996.SPD,LAHV,Jan Mayen,1996_1091,1,1,TRUE,0,NA
1996,Svalbardtokt,SVA1996.SPD,LAHV,Jan Mayen,1996_1092,1,1,TRUE,0,NA
1996,Svalbardtokt,SVA1996.SPD,LAHV,Jan Mayen,1996_1093,1,1,TRUE,0,NA
1996,Svalbardtokt,SVA1996.SPD,LAHV,Jan Mayen,1996_1094,1,1,TRUE,0,NA
1996,Svalbardtokt,SVA1996.SPD,LAHV,Jan Mayen,1996_1095,1,1,TRUE,0,NA
1996,Svalbardtokt,SVA1996.SPD,LAHV,Jan Mayen,1996_1096,1,1,TRUE,0,NA
1996,Svalbardtokt,SVA1996.SPD,LAHV,Jan Mayen,1996_1097,1,1,TRUE,0,NA
1996,Svalbardtokt,SVA1996.SPD,LAHV,Jan Mayen,1996_1098,1,1,TRUE,0,NA
1996,Svalbardtokt,SVA1996.SPD,LAHV,Jan Mayen,1996_1099,1,1,TRUE,0,NA
1996,Svalbardtokt,SVA1996.SPD,LAHV,Jan Mayen,1996_1100,1,1,TRUE,0,NA
1996,Svalbardtokt,SVA1996.SPD,LAHV,Jan Mayen,1996_1101,1,1,TRUE,0,NA
1996,Svalbardtokt,SVA1996.SPD,LAHV,Jan Mayen,1996_1102,1,1,TRUE,0,NA
1996,Svalbardtokt,SVA1996.SPD,LAHV,Jan Mayen,1996_1103,1,1,TRUE,0,NA
1996,Svalbardtokt,SVA1996.SPD,LAHV,Jan Mayen,1996_1104,1,1,TRUE,0,NA
1996,Svalbardtokt,SVA1996.SPD,LAHV,Jan Mayen,1996_1105,1,1,TRUE,0,NA
1996,Svalbardtokt,SVA1996.SPD,LAHV,Jan Mayen,1996_1106,1,1,TRUE,0,NA
1996,Svalbardtokt,SVA1996.SPD,LAHV,Jan Mayen,1996_1107,1,1,TRUE,0,NA
1996,Svalbardtokt,SVA1996.SPD,LAHV,Jan Mayen,1996_1108,1,1,TRUE,0,NA
1996,Svalbardtokt,SVA1996.SPD,LAHV,Jan Mayen,1996_1109,1,1,TRUE,0,NA
1996,Svalbardtokt,SVA1996.SPD,LAHV,Jan Mayen,1996_1110,1,1,TRUE,0,NA
1996,Svalbardtokt,SVA1996.SPD,LAHV,Jan Mayen,1996_1111,1,1,TRUE,0,NA
1996,Svalbardtokt,SVA1996.SPD,LAHV,Jan Mayen,1996_1112,1,1,TRUE,0,NA
1996,Svalbardtokt,SVA1996.SPD,LAHV,Jan Mayen,1996_1113,1,1,TRUE,0,NA
1996,Svalbardtokt,SVA1996.SPD,LAHV,Jan Mayen,1996_1114,1,1,TRUE,0,NA
1996,Svalbardtokt,SVA1996.SPD,LAHV,Jan Mayen,1996_1115,1,1,TRUE,0,NA
1996,Svalbardtokt,SVA1996.SPD,LAHV,Jan Mayen,1996_1116,1,1,TRUE,0,NA
1996,Svalbardtokt,SVA1996.SPD,LAHV,Jan Mayen,1996_1117,1,1,TRUE,0,NA
1996,Svalbardtokt,SVA1996.SPD,LAHV,Jan Mayen,1996_1118,1,1,TRUE,0,NA
1996,Svalbardtokt,SVA1996.SPD,LAHV,Jan Mayen,1996_1119,1,1,TRUE,0,NA
1996,Svalbardtokt,SVA1996.SPD,LAHV,Jan Mayen,1996_1120,1,1,TRUE,0,NA
1996,Svalbardtokt,SVA1996.SPD,LAHV,Jan Mayen,1996_1121,1,1,TRUE,0,NA
1996,Svalbardtokt,SVA1996.SPD,LAHV,Jan Mayen,1996_1122,1,1,TRUE,0,NA
1996,Svalbardtokt,SVA1996.SPD,LAHV,Jan Mayen,1996_1123,1,1,TRUE,0,NA
1996,Svalbardtokt,SVA1996.SPD,LAHV,Jan Mayen,1996_1124,1,1,TRUE,0,NA
1996,Svalbardtokt,SVA1996.SPD,LAHV,Jan Mayen,1996_1125,1,1,TRUE,0,NA
1996,Svalbardtokt,SVA1996.SPD,LAHV,Jan Mayen,1996_1126,1,1,TRUE,0,NA
1996,Svalbardtokt,SVA1996.SPD,LAHV,Jan Mayen,1996_1127,1,1,TRUE,0,NA
1996,Svalbardtokt,SVA1996.SPD,LAHV,Jan Mayen,1996_1128,1,1,TRUE,0,NA
1996,Svalbardtokt,SVA1996.SPD,LAHV,Jan Mayen,1996_1129,1,1,TRUE,0,NA
1996,Svalbardtokt,SVA1996.SPD,LAHV,Jan Mayen,1996_1130,1,1,TRUE,0,NA
1996,Svalbardtokt,SVA1996.SPD,LAHV,Jan Mayen,1996_1131,1,1,TRUE,0,NA
1996,Svalbardtokt,SVA1996.SPD,LAHV,Jan Mayen,1996_1132,1,1,TRUE,0,NA
1996,Svalbardtokt,SVA1996.SPD,LAHV,Jan Mayen,1996_1133,1,1,TRUE,0,NA
1996,Svalbardtokt,SVA1996.SPD,LAHV,Jan Mayen,1996_1134,1,1,TRUE,0,NA
1996,Svalbardtokt,SVA1996.SPD,LAHV,Jan Mayen,1996_1135,1,1,TRUE,0,NA
1996,Svalbardtokt,SVA1996.SPD,LAHV,Jan Mayen,1996_1136,1,1,TRUE,0,NA
1996,Svalbardtokt,SVA1996.SPD,LAHV,Jan Mayen,1996_1137,1,1,TRUE,0,NA
1996,Svalbardtokt,SVA1996.SPD,LAHV,Jan Mayen,1996_1138,1,1,TRUE,0,NA
1996,Svalbardtokt,SVA1996.SPD,LAHV,Jan Mayen,1996_1139,1,1,TRUE,0,NA
1996,Svalbardtokt,SVA1996.SPD,LAHV,Jan Mayen,1996_1140,1,1,TRUE,0,NA
1996,Svalbardtokt,SVA1996.SPD,LAHV,Jan Mayen,1996_1141,1,1,TRUE,0,NA
1996,Svalbardtokt,SVA1996.SPD,LAHV,Jan Mayen,1996_1142,1,1,TRUE,0,NA
1996,Svalbardtokt,SVA1996.SPD,LAHV,Jan Mayen,1996_1143,1,1,TRUE,0,NA
1996,Svalbardtokt,SVA1996.SPD,LAHV,Jan Mayen,1996_1144,1,1,TRUE,0,NA
1996,Svalbardtokt,SVA1996.SPD,LAHV,Jan Mayen,1996_1145,1,1,TRUE,0,NA
1996,Svalbardtokt,SVA1996.SPD,LAHV,Jan Mayen,1996_1146,1,1,TRUE,0,NA
1996,Svalbardtokt,SVA1996.SPD,LAHV,Jan Mayen,1996_1147,1,1,TRUE,0,NA
1996,Svalbardtokt,SVA1996.SPD,LAHV,Jan Mayen,1996_1148,1,1,TRUE,0,NA
1996,Svalbardtokt,SVA1996.SPD,LAHV,Jan Mayen,1996_1149,1,1,TRUE,0,NA
1996,Svalbardtokt,SVA1996.SPD,LAHV,Jan Mayen,1996_1150,1,1,TRUE,0,NA
1996,Svalbardtokt,SVA1996.SPD,LAHV,Jan Mayen,1996_1151,1,1,TRUE,0,NA
1996,Svalbardtokt,SVA1996.SPD,LAHV,Jan Mayen,1996_1152,1,1,TRUE,0,NA
1996,Svalbardtokt,SVA1996.SPD,LAHV,Jan Mayen,1996_1153,1,1,TRUE,0,NA
1996,Svalbardtokt,SVA1996.SPD,LAHV,Jan Mayen,1996_1154,1,1,TRUE,0,NA
1996,Svalbardtokt,SVA1996.SPD,LAHV,Jan Mayen,1996_1155,1,1,TRUE,0,NA
1996,Svalbardtokt,SVA1996.SPD,LAHV,Jan Mayen,1996_1156,1,1,TRUE,0,NA
1996,Svalbardtokt,SVA1996.SPD,LAHV,Jan Mayen,1996_1157,1,1,TRUE,0,NA
1996,Svalbardtokt,SVA1996.SPD,LAHV,Jan Mayen,1996_1158,1,1,TRUE,0,NA
1996,Svalbardtokt,SVA1996.SPD,LAHV,Jan Mayen,1996_1159,1,1,TRUE,0,NA
1996,Svalbardtokt,SVA1996.SPD,LAHV,Jan Mayen,1996_1160,1,1,TRUE,0,NA
1996,Svalbardtokt,SVA1996.SPD,LAHV,Jan Mayen,1996_1161,1,1,TRUE,0,NA
1996,Svalbardtokt,SVA1996.SPD,LAHV,Jan Mayen,1996_1162,1,1,TRUE,0,NA
1996,Svalbardtokt,SVA1996.SPD,LAHV,Jan Mayen,1996_1163,1,1,TRUE,0,NA
1996,Svalbardtokt,SVA1996.SPD,LAHV,Jan Mayen,1996_1164,1,1,TRUE,0,NA
1996,Svalbardtokt,SVA1996.SPD,LAHV,Jan Mayen,1996_1165,1,1,TRUE,0,NA
1996,Svalbardtokt,SVA1996.SPD,LAHV,Jan Mayen,1996_1166,1,1,TRUE,0,NA
1996,Svalbardtokt,SVA1996.SPD,LAHV,Jan Mayen,1996_1167,1,1,TRUE,0,NA
1996,Svalbardtokt,SVA1996.SPD,LAHV,Jan Mayen,1996_1168,1,1,TRUE,0,NA
1996,Svalbardtokt,SVA1996.SPD,LAHV,Jan Mayen,1996_1169,1,1,TRUE,0,NA
1996,Svalbardtokt,SVA1996.SPD,LAHV,Jan Mayen,1996_1170,1,1,TRUE,0,NA
1996,Svalbardtokt,SVA1996.SPD,LAHV,Jan Mayen,1996_1171,1,1,TRUE,0,NA
1996,Svalbardtokt,SVA1996.SPD,LAHV,Jan Mayen,1996_1172,1,1,TRUE,0,NA
1996,Svalbardtokt,SVA1996.SPD,LAHV,Jan Mayen,1996_1173,1,1,TRUE,0,NA
1996,Svalbardtokt,SVA1996.SPD,LAHV,Jan Mayen,1996_1174,1,1,TRUE,0,NA
1996,Svalbardtokt,SVA1996.SPD,LAHV,Jan Mayen,1996_1175,1,1,TRUE,0,NA
1996,Svalbardtokt,SVA1996.SPD,LAHV,Jan Mayen,1996_1176,1,1,TRUE,0,NA
1996,Svalbardtokt,SVA1996.SPD,LAHV,Jan Mayen,1996_1177,1,1,TRUE,0,NA
1996,Svalbardtokt,SVA1996.SPD,LAHV,Jan Mayen,1996_1178,1,1,TRUE,0,NA
1996,Svalbardtokt,SVA1996.SPD,LAHV,Jan Mayen,1996_1179,1,1,TRUE,0,NA
1996,Svalbardtokt,SVA1996.SPD,LAHV,Jan Mayen,1996_1180,1,1,TRUE,0,NA
1996,Svalbardtokt,SVA1996.SPD,LAHV,Jan Mayen,1996_1181,1,1,TRUE,0,NA
1996,Svalbardtokt,SVA1996.SPD,LAHV,Jan Mayen,1996_1182,1,1,TRUE,0,NA
1996,Svalbardtokt,SVA1996.SPD,LAHV,Jan Mayen,1996_1183,1,1,TRUE,0,NA
1996,Svalbardtokt,SVA1996.SPD,LAHV,Jan Mayen,1996_1184,1,1,TRUE,0,NA
1996,Svalbardtokt,SVA1996.SPD,LAHV,Jan Mayen,1996_1185,1,1,TRUE,0,NA
1996,Svalbardtokt,SVA1996.SPD,LAHV,Jan Mayen,1996_1186,1,1,TRUE,0,NA
1996,Svalbardtokt,SVA1996.SPD,LAHV,Jan Mayen,1996_1187,1,1,TRUE,0,NA
1996,Svalbardtokt,SVA1996.SPD,LAHV,Jan Mayen,1996_1188,1,1,TRUE,0,NA
1996,Svalbardtokt,SVA1996.SPD,LAHV,Jan Mayen,1996_1189,1,1,TRUE,0,NA
1996,Svalbardtokt,SVA1996.SPD,LAHV,Jan Mayen,1996_1190,1,1,TRUE,0,NA
1996,Svalbardtokt,SVA1996.SPD,LAHV,Jan Mayen,1996_1191,1,1,TRUE,0,NA
1996,Svalbardtokt,SVA1996.SPD,LAHV,Jan Mayen,1996_1192,1,1,TRUE,0,NA
1996,Svalbardtokt,SVA1996.SPD,LAHV,Jan Mayen,1996_1193,1,1,TRUE,0,NA
1996,Svalbardtokt,SVA1996.SPD,LAHV,Jan Mayen,1996_1194,1,1,TRUE,0,NA
1996,Svalbardtokt,SVA1996.SPD,LAHV,Jan Mayen,1996_1195,1,1,TRUE,0,NA
1996,Svalbardtokt,SVA1996.SPD,LAHV,Jan Mayen,1996_1196,1,1,TRUE,0,NA
1996,Svalbardtokt,SVA1996.SPD,LAHV,Jan Mayen,1996_1197,1,1,TRUE,0,NA
1996,Svalbardtokt,SVA1996.SPD,LAHV,Jan Mayen,1996_1198,1,1,TRUE,0,NA
1996,Svalbardtokt,SVA1996.SPD,LAHV,Jan Mayen,1996_1199,1,1,TRUE,0,NA
1996,Svalbardtokt,SVA1996.SPD,LAHV,Jan Mayen,1996_1200,1,1,TRUE,0,NA
1996,Svalbardtokt,SVA1996.SPD,LAHV,Jan Mayen,1996_1201,1,1,TRUE,0,NA
1996,Svalbardtokt,SVA1996.SPD,LAHV,Jan Mayen,1996_1202,1,1,TRUE,0,NA
1996,Svalbardtokt,SVA1996.SPD,LAHV,Jan Mayen,1996_1203,1,1,TRUE,0,NA
1996,Svalbardtokt,SVA1996.SPD,LAHV,Jan Mayen,1996_1204,1,1,TRUE,0,NA
1996,Svalbardtokt,SVA1996.SPD,LAHV,Jan Mayen,1996_1205,1,1,TRUE,0,NA
1996,Svalbardtokt,SVA1996.SPD,LAHV,Jan Mayen,1996_1206,1,1,TRUE,0,NA
1996,Svalbardtokt,SVA1996.SPD,LAHV,Jan Mayen,1996_1207,1,1,TRUE,0,NA
1996,Svalbardtokt,SVA1996.SPD,LAHV,Jan Mayen,1996_1208,1,1,TRUE,0,NA
1996,Svalbardtokt,SVA1996.SPD,LAHV,Jan Mayen,1996_1209,1,1,TRUE,0,NA
1996,Svalbardtokt,SVA1996.SPD,LAHV,Jan Mayen,1996_1210,1,1,TRUE,0,NA
1996,Svalbardtokt,SVA1996.SPD,LAHV,Jan Mayen,1996_1211,1,1,TRUE,0,NA
1996,Svalbardtokt,SVA1996.SPD,LAHV,Jan Mayen,1996_1212,1,1,TRUE,0,NA
1996,Svalbardtokt,SVA1996.SPD,LAHV,Jan Mayen,1996_1213,1,1,TRUE,0,NA
1996,Svalbardtokt,SVA1996.SPD,LAHV,Jan Mayen,1996_1214,1,1,TRUE,0,NA
1996,Svalbardtokt,SVA1996.SPD,LAHV,Jan Mayen,1996_1215,1,1,TRUE,0,NA
1996,Svalbardtokt,SVA1996.SPD,LAHV,Jan Mayen,1996_1216,1,1,TRUE,0,NA
1996,Svalbardtokt,SVA1996.SPD,LAHV,Jan Mayen,1996_1217,1,1,TRUE,0,NA
1996,Svalbardtokt,SVA1996.SPD,LAHV,Jan Mayen,1996_1218,1,1,TRUE,0,NA
1996,Svalbardtokt,SVA1996.SPD,LAHV,Jan Mayen,1996_1219,1,1,TRUE,0,NA
1996,Svalbardtokt,SVA1996.SPD,LAHV,Jan Mayen,1996_1220,1,1,TRUE,0,NA
1996,Svalbardtokt,SVA1996.SPD,LAHV,Jan Mayen,1996_1221,1,1,TRUE,0,NA
1996,Svalbardtokt,SVA1996.SPD,LAHV,Jan Mayen,1996_1222,1,1,TRUE,0,NA
1996,Svalbardtokt,SVA1996.SPD,LAHV,Jan Mayen,1996_1223,1,1,TRUE,0,NA
1996,Svalbardtokt,SVA1996.SPD,LAHV,Jan Mayen,1996_1224,1,1,TRUE,0,NA
1996,Svalbardtokt,SVA1996.SPD,LAHV,Jan Mayen,1996_1225,1,1,TRUE,0,NA
1996,Svalbardtokt,SVA1996.SPD,LAHV,Jan Mayen,1996_1226,1,1,TRUE,0,NA
1996,Svalbardtokt,SVA1996.SPD,LAHV,Jan Mayen,1996_1227,1,1,TRUE,0,NA
1996,Svalbardtokt,SVA1996.SPD,LAHV,Jan Mayen,1996_1228,1,1,TRUE,0,NA
1996,Svalbardtokt,SVA1996.SPD,LAHV,Jan Mayen,1996_1229,1,1,TRUE,0,NA
1996,Svalbardtokt,SVA1996.SPD,LAHV,Jan Mayen,1996_1230,1,1,TRUE,0,NA
1996,Svalbardtokt,SVA1996.SPD,LAHV,Jan Mayen,1996_1231,1,1,TRUE,0,NA
1996,Svalbardtokt,SVA1996.SPD,LAHV,Jan Mayen,1996_1232,1,1,TRUE,0,NA
1996,Svalbardtokt,SVA1996.SPD,LAHV,Jan Mayen,1996_1233,1,1,TRUE,0,NA
1996,Svalbardtokt,SVA1996.SPD,LAHV,Jan Mayen,1996_1234,1,1,TRUE,0,NA
1996,Svalbardtokt,SVA1996.SPD,LAHV,Jan Mayen,1996_1235,1,1,TRUE,0,NA
1996,Svalbardtokt,SVA1996.SPD,LAHV,Jan Mayen,1996_1236,1,1,TRUE,0,NA
1996,Svalbardtokt,SVA1996.SPD,LAHV,Jan Mayen,1996_1237,1,1,TRUE,0,NA
1996,Svalbardtokt,SVA1996.SPD,LAHV,Jan Mayen,1996_1238,1,1,TRUE,0,NA
1996,Svalbardtokt,SVA1996.SPD,LAHV,Jan Mayen,1996_1239,1,1,TRUE,0,NA
1996,Svalbardtokt,SVA1996.SPD,LAHV,Jan Mayen,1996_1240,1,1,TRUE,0,NA
1996,Svalbardtokt,SVA1996.SPD,LAHV,Jan Mayen,1996_1241,1,1,TRUE,0,NA
1996,Svalbardtokt,SVA1996.SPD,LAHV,Jan Mayen,1996_1242,1,1,TRUE,0,NA
1996,Svalbardtokt,SVA1996.SPD,LAHV,Jan Mayen,1996_1243,1,1,TRUE,0,NA
1996,Svalbardtokt,SVA1996.SPD,LAHV,Jan Mayen,1996_1244,1,1,TRUE,0,NA
1996,Svalbardtokt,SVA1996.SPD,LAHV,Jan Mayen,1996_1245,1,1,TRUE,0,NA
1996,Svalbardtokt,SVA1996.SPD,LAHV,Jan Mayen,1996_1246,1,1,TRUE,0,NA
1996,Svalbardtokt,SVA1996.SPD,LAHV,Jan Mayen,1996_1247,1,1,TRUE,0,NA
1996,Svalbardtokt,SVA1996.SPD,LAHV,Jan Mayen,1996_1248,1,1,TRUE,0,NA
1996,Svalbardtokt,SVA1996.SPD,LAHV,Jan Mayen,1996_1249,1,1,TRUE,0,NA
1996,Svalbardtokt,SVA1996.SPD,LAHV,Jan Mayen,1996_1250,1,1,TRUE,0,NA
1996,Svalbardtokt,SVA1996.SPD,LAHV,Jan Mayen,1996_1251,1,1,TRUE,0,NA
1996,Svalbardtokt,SVA1996.SPD,LAHV,Jan Mayen,1996_1252,1,1,TRUE,0,NA
1996,Svalbardtokt,SVA1996.SPD,LAHV,Jan Mayen,1996_1253,1,1,TRUE,0,NA
1996,Svalbardtokt,SVA1996.SPD,LAHV,Jan Mayen,1996_1254,1,1,TRUE,0,NA
1996,Svalbardtokt,SVA1996.SPD,LAHV,Jan Mayen,1996_1255,1,1,TRUE,0,NA
1996,Svalbardtokt,SVA1996.SPD,LAHV,Jan Mayen,1996_1256,1,1,TRUE,0,NA
1996,Svalbardtokt,SVA1996.SPD,LAHV,Jan Mayen,1996_1257,1,1,TRUE,0,NA
1996,Svalbardtokt,SVA1996.SPD,LAHV,Jan Mayen,1996_1258,1,1,TRUE,0,NA
1996,Svalbardtokt,SVA1996.SPD,LAHV,Jan Mayen,1996_1259,1,1,TRUE,0,NA
1996,Svalbardtokt,SVA1996.SPD,LAHV,Jan Mayen,1996_1260,1,1,TRUE,0,NA
1996,Svalbardtokt,SVA1996.SPD,LAHV,Jan Mayen,1996_1261,1,1,TRUE,0,NA
1996,Svalbardtokt,SVA1996.SPD,LAHV,Jan Mayen,1996_1262,1,1,TRUE,0,NA
1996,Svalbardtokt,SVA1996.SPD,LAHV,Jan Mayen,1996_1263,1,1,TRUE,0,NA
1996,Svalbardtokt,SVA1996.SPD,LAHV,Jan Mayen,1996_1264,1,1,TRUE,0,NA
1996,Svalbardtokt,SVA1996.SPD,LAHV,Jan Mayen,1996_1265,1,1,TRUE,0,NA
1996,Svalbardtokt,SVA1996.SPD,LAHV,Jan Mayen,1996_1266,1,1,TRUE,0,NA
1996,Svalbardtokt,SVA1996.SPD,LAHV,Jan Mayen,1996_1267,1,1,TRUE,0,NA
1996,Svalbardtokt,SVA1996.SPD,LAHV,Jan Mayen,1996_1268,1,1,TRUE,0,NA
1996,Svalbardtokt,SVA1996.SPD,LAHV,Jan Mayen,1996_1269,1,1,TRUE,0,NA
1996,Svalbardtokt,SVA1996.SPD,LAHV,Jan Mayen,1996_1270,1,1,TRUE,0,NA
1996,Svalbardtokt,SVA1996.SPD,LAHV,Jan Mayen,1996_1271,1,1,TRUE,0,NA
1996,Svalbardtokt,SVA1996.SPD,LAHV,Jan Mayen,1996_1272,1,1,TRUE,0,NA
1996,Svalbardtokt,SVA1996.SPD,LAHV,Jan Mayen,1996_1273,1,1,TRUE,0,NA
1996,Svalbardtokt,SVA1996.SPD,LAHV,Jan Mayen,1996_1274,1,1,TRUE,0,NA
1996,Svalbardtokt,SVA1996.SPD,LAHV,Jan Mayen,1996_1275,1,1,TRUE,0,NA
1996,Svalbardtokt,SVA1996.SPD,LAHV,Jan Mayen,1996_1276,1,1,TRUE,0,NA
1996,Svalbardtokt,SVA1996.SPD,LAHV,Jan Mayen,1996_1277,1,1,TRUE,0,NA
1996,Svalbardtokt,SVA1996.SPD,LAHV,Jan Mayen,1996_1278,1,1,TRUE,0,NA
1996,Svalbardtokt,SVA1996.SPD,LAHV,Jan Mayen,1996_1279,1,1,TRUE,0,NA
1996,Svalbardtokt,SVA1996.SPD,LAHV,Jan Mayen,1996_1280,1,1,TRUE,0,NA
1996,Svalbardtokt,SVA1996.SPD,LAHV,Jan Mayen,1996_1281,1,1,TRUE,0,NA
1996,Svalbardtokt,SVA1996.SPD,LAHV,Jan Mayen,1996_1282,1,1,TRUE,0,NA
1996,Svalbardtokt,SVA1996.SPD,LAHV,Jan Mayen,1996_1283,1,1,TRUE,0,NA
1996,Svalbardtokt,SVA1996.SPD,LAHV,Jan Mayen,1996_1284,1,1,TRUE,0,NA
1996,Svalbardtokt,SVA1996.SPD,LAHV,Jan Mayen,1996_1285,1,1,TRUE,0,NA
1996,Svalbardtokt,SVA1996.SPD,LAHV,Jan Mayen,1996_1286,1,1,TRUE,0,NA
1996,Svalbardtokt,SVA1996.SPD,LAHV,Jan Mayen,1996_1287,1,1,TRUE,0,NA
1996,Svalbardtokt,SVA1996.SPD,LAHV,Jan Mayen,1996_1288,1,1,TRUE,0,NA
1996,Svalbardtokt,SVA1996.SPD,LAHV,Jan Mayen,1996_1289,1,1,TRUE,0,NA
1996,Svalbardtokt,SVA1996.SPD,LAHV,Jan Mayen,1996_1290,1,1,TRUE,0,NA
1996,Svalbardtokt,SVA1996.SPD,LAHV,Jan Mayen,1996_1291,1,1,TRUE,0,NA
1996,Svalbardtokt,SVA1996.SPD,LAHV,Jan Mayen,1996_1292,1,1,TRUE,0,NA
1996,Svalbardtokt,SVA1996.SPD,LAHV,Jan Mayen,1996_1293,1,1,TRUE,0,NA
1996,Svalbardtokt,SVA1996.SPD,LAHV,Jan Mayen,1996_1294,1,1,TRUE,0,NA
1996,Svalbardtokt,SVA1996.SPD,LAHV,Jan Mayen,1996_1295,1,1,TRUE,0,NA
1996,Svalbardtokt,SVA1996.SPD,LAHV,Jan Mayen,1996_1296,1,1,TRUE,0,NA
1996,Svalbardtokt,SVA1996.SPD,LAHV,Jan Mayen,1996_1297,1,1,TRUE,0,NA
1996,Svalbardtokt,SVA1996.SPD,LAHV,Jan Mayen,1996_1298,1,1,TRUE,0,NA
1996,Svalbardtokt,SVA1996.SPD,LAHV,Jan Mayen,1996_1299,1,1,TRUE,0,NA
1996,Svalbardtokt,SVA1996.SPD,LAHV,Jan Mayen,1996_1300,1,1,TRUE,0,NA
1996,Svalbardtokt,SVA1996.SPD,LAHV,Jan Mayen,1996_1301,1,1,TRUE,0,NA
1996,Svalbardtokt,SVA1996.SPD,LAHV,Jan Mayen,1996_1302,1,1,TRUE,0,NA
1996,Svalbardtokt,SVA1996.SPD,LAHV,Jan Mayen,1996_1303,1,1,TRUE,0,NA
1996,Svalbardtokt,SVA1996.SPD,LAHV,Jan Mayen,1996_1304,1,1,TRUE,0,NA
1996,Svalbardtokt,SVA1996.SPD,LAHV,Jan Mayen,1996_1305,1,1,TRUE,0,NA
1996,Svalbardtokt,SVA1996.SPD,LAHV,Jan Mayen,1996_1306,1,1,TRUE,0,NA
1996,Svalbardtokt,SVA1996.SPD,LAHV,Jan Mayen,1996_1307,1,1,TRUE,0,NA
1996,Svalbardtokt,SVA1996.SPD,LAHV,Jan Mayen,1996_1308,1,1,TRUE,0,NA
1996,Svalbardtokt,SVA1996.SPD,LAHV,Jan Mayen,1996_1309,1,1,TRUE,0,NA
1996,Svalbardtokt,SVA1996.SPD,LAHV,Jan Mayen,1996_1310,1,1,TRUE,0,NA
1996,Svalbardtokt,SVA1996.SPD,LAHV,Jan Mayen,1996_1311,1,1,TRUE,0,NA
1996,Svalbardtokt,SVA1996.SPD,LAHV,Jan Mayen,1996_1312,1,1,TRUE,0,NA
1996,Svalbardtokt,SVA1996.SPD,LAHV,Jan Mayen,1996_1313,1,1,TRUE,0,NA
1996,Svalbardtokt,SVA1996.SPD,LAHV,Jan Mayen,1996_1314,1,1,TRUE,0,NA
1996,Svalbardtokt,SVA1996.SPD,LAHV,Jan Mayen,1996_1315,1,1,TRUE,0,NA
1996,Svalbardtokt,SVA1996.SPD,LAHV,Jan Mayen,1996_1316,1,1,TRUE,0,NA
1996,Svalbardtokt,SVA1996.SPD,LAHV,Jan Mayen,1996_1317,1,1,TRUE,0,NA
1996,Svalbardtokt,SVA1996.SPD,LAHV,Jan Mayen,1996_1318,1,1,TRUE,0,NA
1996,Svalbardtokt,SVA1996.SPD,LAHV,Jan Mayen,1996_1319,1,1,TRUE,0,NA
1996,Svalbardtokt,SVA1996.SPD,LAHV,Jan Mayen,1996_1320,1,1,TRUE,0,NA
1996,Svalbardtokt,SVA1996.SPD,LAHV,Jan Mayen,1996_1321,1,1,TRUE,0,NA
1996,Svalbardtokt,SVA1996.SPD,LAHV,Jan Mayen,1996_1322,1,1,TRUE,0,NA
1996,Svalbardtokt,SVA1996.SPD,LAHV,Jan Mayen,1996_1323,1,1,TRUE,0,NA
1996,Svalbardtokt,SVA1996.SPD,LAHV,Jan Mayen,1996_1324,1,1,TRUE,0,NA
1996,Svalbardtokt,SVA1996.SPD,LAHV,Jan Mayen,1996_1325,1,1,TRUE,0,NA
1996,Svalbardtokt,SVA1996.SPD,LAHV,Jan Mayen,1996_1326,1,1,TRUE,0,NA
1996,Svalbardtokt,SVA1996.SPD,LAHV,Jan Mayen,1996_1327,1,1,TRUE,0,NA
1996,Svalbardtokt,SVA1996.SPD,LAHV,Jan Mayen,1996_1328,1,1,TRUE,0,NA
1996,Svalbardtokt,SVA1996.SPD,LAHV,Jan Mayen,1996_1329,1,1,TRUE,0,NA
1996,Svalbardtokt,SVA1996.SPD,LAHV,Jan Mayen,1996_1330,1,1,TRUE,0,NA
1996,Svalbardtokt,SVA1996.SPD,LAHV,Jan Mayen,1996_1331,1,1,TRUE,0,NA
1996,Svalbardtokt,SVA1996.SPD,LAHV,Jan Mayen,1996_1332,1,1,TRUE,0,NA
1996,Svalbardtokt,SVA1996.SPD,LAHV,Jan Mayen,1996_1333,1,1,TRUE,0,NA
1996,Svalbardtokt,SVA1996.SPD,LAHV,Jan Mayen,1996_1334,1,1,TRUE,0,NA
1996,Svalbardtokt,SVA1996.SPD,LAHV,Jan Mayen,1996_1335,1,1,TRUE,0,NA
1996,Svalbardtokt,SVA1996.SPD,LAHV,Jan Mayen,1996_1336,1,1,TRUE,0,NA
1996,Svalbardtokt,SVA1996.SPD,LAHV,Jan Mayen,1996_1337,1,1,TRUE,0,NA
1996,Svalbardtokt,SVA1996.SPD,LAHV,Jan Mayen,1996_1338,1,1,TRUE,0,NA
1996,Svalbardtokt,SVA1996.SPD,LAHV,Jan Mayen,1996_1339,1,1,TRUE,0,NA
1996,Svalbardtokt,SVA1996.SPD,LAHV,Jan Mayen,1996_1340,1,1,TRUE,0,NA
1996,Svalbardtokt,SVA1996.SPD,LAHV,Jan Mayen,1996_1341,1,1,TRUE,0,NA
1996,Svalbardtokt,SVA1996.SPD,LAHV,Jan Mayen,1996_1342,1,1,TRUE,0,NA
1996,Svalbardtokt,SVA1996.SPD,LAHV,Jan Mayen,1996_1343,1,1,TRUE,0,NA
1996,Svalbardtokt,SVA1996.SPD,LAHV,Jan Mayen,1996_1344,1,1,TRUE,0,NA
1996,Svalbardtokt,SVA1996.SPD,LAHV,Jan Mayen,1996_1345,1,1,TRUE,0,NA
1996,Svalbardtokt,SVA1996.SPD,LAHV,Jan Mayen,1996_1346,1,1,TRUE,0,NA
1996,Svalbardtokt,SVA1996.SPD,LAHV,Jan Mayen,1996_1347,1,1,TRUE,0,NA
1996,Svalbardtokt,SVA1996.SPD,LAHV,Jan Mayen,1996_1348,1,1,TRUE,0,NA
1996,Svalbardtokt,SVA1996.SPD,LAHV,Jan Mayen,1996_1349,1,1,TRUE,0,NA
1996,Svalbardtokt,SVA1996.SPD,LAHV,Jan Mayen,1996_1350,1,1,TRUE,0,NA
1996,Svalbardtokt,SVA1996.SPD,LAHV,Jan Mayen,1996_1351,1,1,TRUE,0,NA
1996,Svalbardtokt,SVA1996.SPD,LAHV,Jan Mayen,1996_1352,1,1,TRUE,0,NA
1996,Svalbardtokt,SVA1996.SPD,LAHV,Jan Mayen,1996_1353,1,1,TRUE,0,NA
1996,Svalbardtokt,SVA1996.SPD,LAHV,Jan Mayen,1996_1354,1,1,TRUE,0,NA
1996,Svalbardtokt,SVA1996.SPD,LAHV,Jan Mayen,1996_1355,1,1,TRUE,0,NA
1996,WinterS,1996901,LAHV,Jan Mayen,1996_23,100,300,FALSE,1,Russian EEZ
1996,WinterS,1996901,LDGJ,Johan Hjort,1996_31,113,339,FALSE,1,Russian EEZ
1996,WinterS,1996901,LLZG,G.O.Sars,1996_20,98,294,FALSE,1,Russian EEZ
1997,BHtokt,BAR1997.SPD,LAHV,Jan Mayen,1997_1144,1,1,TRUE,0,NA
1997,BHtokt,BAR1997.SPD,LAHV,Jan Mayen,1997_1145,1,1,TRUE,0,NA
1997,BHtokt,BAR1997.SPD,LAHV,Jan Mayen,1997_1146,1,1,TRUE,0,NA
1997,BHtokt,BAR1997.SPD,LAHV,Jan Mayen,1997_1147,1,1,TRUE,0,NA
1997,BHtokt,BAR1997.SPD,LAHV,Jan Mayen,1997_1148,1,1,TRUE,0,NA
1997,BHtokt,BAR1997.SPD,LAHV,Jan Mayen,1997_1149,1,1,TRUE,0,NA
1997,BHtokt,BAR1997.SPD,LAHV,Jan Mayen,1997_1150,1,1,TRUE,0,NA
1997,BHtokt,BAR1997.SPD,LAHV,Jan Mayen,1997_1151,1,1,TRUE,0,NA
1997,BHtokt,BAR1997.SPD,LAHV,Jan Mayen,1997_1152,1,1,TRUE,0,NA
1997,BHtokt,BAR1997.SPD,LAHV,Jan Mayen,1997_1153,1,1,TRUE,0,NA
1997,BHtokt,BAR1997.SPD,LAHV,Jan Mayen,1997_1154,1,1,TRUE,0,NA
1997,BHtokt,BAR1997.SPD,LAHV,Jan Mayen,1997_1155,1,1,TRUE,0,NA
1997,BHtokt,BAR1997.SPD,LAHV,Jan Mayen,1997_1156,1,1,TRUE,0,NA
1997,BHtokt,BAR1997.SPD,LAHV,Jan Mayen,1997_1157,1,1,TRUE,0,NA
1997,BHtokt,BAR1997.SPD,LAHV,Jan Mayen,1997_1158,1,1,TRUE,0,NA
1997,BHtokt,BAR1997.SPD,LAHV,Jan Mayen,1997_1159,1,1,TRUE,0,NA
1997,BHtokt,BAR1997.SPD,LAHV,Jan Mayen,1997_1160,1,1,TRUE,0,NA
1997,BHtokt,BAR1997.SPD,LAHV,Jan Mayen,1997_1161,1,1,TRUE,0,NA
1997,BHtokt,BAR1997.SPD,LAHV,Jan Mayen,1997_1162,1,1,TRUE,0,NA
1997,BHtokt,BAR1997.SPD,LAHV,Jan Mayen,1997_1163,1,1,TRUE,0,NA
1997,BHtokt,BAR1997.SPD,LAHV,Jan Mayen,1997_1164,1,1,TRUE,0,NA
1997,BHtokt,BAR1997.SPD,LAHV,Jan Mayen,1997_1165,1,1,TRUE,0,NA
1997,BHtokt,BAR1997.SPD,LAHV,Jan Mayen,1997_1166,1,1,TRUE,0,NA
1997,BHtokt,BAR1997.SPD,LAHV,Jan Mayen,1997_1167,1,1,TRUE,0,NA
1997,BHtokt,BAR1997.SPD,LAHV,Jan Mayen,1997_1168,1,1,TRUE,0,NA
1997,BHtokt,BAR1997.SPD,LAHV,Jan Mayen,1997_1169,1,1,TRUE,0,NA
1997,BHtokt,BAR1997.SPD,LAHV,Jan Mayen,1997_1170,1,1,TRUE,0,NA
1997,BHtokt,BAR1997.SPD,LAHV,Jan Mayen,1997_1171,1,1,TRUE,0,NA
1997,BHtokt,BAR1997.SPD,LAHV,Jan Mayen,1997_1172,1,1,TRUE,0,NA
1997,BHtokt,BAR1997.SPD,LAHV,Jan Mayen,1997_1173,1,1,TRUE,0,NA
1997,BHtokt,BAR1997.SPD,LAHV,Jan Mayen,1997_1174,1,1,TRUE,0,NA
1997,BHtokt,BAR1997.SPD,LAHV,Jan Mayen,1997_1175,1,1,TRUE,0,NA
1997,BHtokt,BAR1997.SPD,LAHV,Jan Mayen,1997_1176,1,1,FALSE,1,Russian EEZ
1997,BHtokt,BAR1997.SPD,LAHV,Jan Mayen,1997_1177,1,1,FALSE,1,Russian EEZ
1997,BHtokt,BAR1997.SPD,LAHV,Jan Mayen,1997_1178,1,1,TRUE,0,NA
1997,BHtokt,BAR1997.SPD,LAHV,Jan Mayen,1997_1179,1,1,TRUE,0,NA
1997,BHtokt,BAR1997.SPD,LAHV,Jan Mayen,1997_1180,1,1,TRUE,0,NA
1997,BHtokt,BAR1997.SPD,LAHV,Jan Mayen,1997_1181,1,1,TRUE,0,NA
1997,BHtokt,BAR1997.SPD,LAHV,Jan Mayen,1997_1182,1,1,TRUE,0,NA
1997,BHtokt,BAR1997.SPD,LAHV,Jan Mayen,1997_1183,1,1,TRUE,0,NA
1997,BHtokt,BAR1997.SPD,LAHV,Jan Mayen,1997_1184,1,1,TRUE,0,NA
1997,BHtokt,BAR1997.SPD,LAHV,Jan Mayen,1997_1185,1,1,TRUE,0,NA
1997,BHtokt,BAR1997.SPD,LAHV,Jan Mayen,1997_1186,1,1,TRUE,0,NA
1997,BHtokt,BAR1997.SPD,LAHV,Jan Mayen,1997_1187,1,1,TRUE,0,NA
1997,BHtokt,BAR1997.SPD,LAHV,Jan Mayen,1997_1188,1,1,TRUE,0,NA
1997,BHtokt,BAR1997.SPD,LAHV,Jan Mayen,1997_1189,1,1,TRUE,0,NA
1997,BHtokt,BAR1997.SPD,LAHV,Jan Mayen,1997_1190,1,1,TRUE,0,NA
1997,BHtokt,BAR1997.SPD,LAHV,Jan Mayen,1997_1191,1,1,TRUE,0,NA
1997,BHtokt,BAR1997.SPD,LAHV,Jan Mayen,1997_1192,1,1,TRUE,0,NA
1997,BHtokt,BAR1997.SPD,LAHV,Jan Mayen,1997_1193,1,1,TRUE,0,NA
1997,BHtokt,BAR1997.SPD,LAHV,Jan Mayen,1997_1194,1,1,TRUE,0,NA
1997,BHtokt,BAR1997.SPD,LAHV,Jan Mayen,1997_1195,1,1,TRUE,0,NA
1997,BHtokt,BAR1997.SPD,LAHV,Jan Mayen,1997_1196,1,1,TRUE,0,NA
1997,BHtokt,BAR1997.SPD,LAHV,Jan Mayen,1997_1197,1,1,TRUE,0,NA
1997,BHtokt,BAR1997.SPD,LAHV,Jan Mayen,1997_1198,1,1,TRUE,0,NA
1997,BHtokt,BAR1997.SPD,LAHV,Jan Mayen,1997_1199,1,1,TRUE,0,NA
1997,BHtokt,BAR1997.SPD,LAHV,Jan Mayen,1997_1200,1,1,TRUE,0,NA
1997,BHtokt,BAR1997.SPD,LAHV,Jan Mayen,1997_1201,1,1,TRUE,0,NA
1997,BHtokt,BAR1997.SPD,LAHV,Jan Mayen,1997_1202,1,1,TRUE,0,NA
1997,BHtokt,BAR1997.SPD,LAHV,Jan Mayen,1997_1203,1,1,TRUE,0,NA
1997,BHtokt,BAR1997.SPD,LAHV,Jan Mayen,1997_1204,1,1,TRUE,0,NA
1997,BHtokt,BAR1997.SPD,LAHV,Jan Mayen,1997_1205,1,1,TRUE,0,NA
1997,BHtokt,BAR1997.SPD,LAHV,Jan Mayen,1997_1206,1,1,TRUE,0,NA
1997,BHtokt,BAR1997.SPD,LAHV,Jan Mayen,1997_1207,1,1,TRUE,0,NA
1997,BHtokt,BAR1997.SPD,LAHV,Jan Mayen,1997_1208,1,1,TRUE,0,NA
1997,BHtokt,BAR1997.SPD,LAHV,Jan Mayen,1997_1209,1,1,TRUE,0,NA
1997,BHtokt,BAR1997.SPD,LAHV,Jan Mayen,1997_1210,1,1,TRUE,0,NA
1997,BHtokt,BAR1997.SPD,LAHV,Jan Mayen,1997_1211,1,1,TRUE,0,NA
1997,BHtokt,BAR1997.SPD,LAHV,Jan Mayen,1997_1212,1,1,TRUE,0,NA
1997,BHtokt,BAR1997.SPD,LAHV,Jan Mayen,1997_1213,1,1,TRUE,0,NA
1997,BHtokt,BAR1997.SPD,LAHV,Jan Mayen,1997_1214,1,1,TRUE,0,NA
1997,BHtokt,BAR1997.SPD,LAHV,Jan Mayen,1997_1215,1,1,TRUE,0,NA
1997,BHtokt,BAR1997.SPD,LAHV,Jan Mayen,1997_1216,1,1,TRUE,0,NA
1997,BHtokt,BAR1997.SPD,LAHV,Jan Mayen,1997_1217,1,1,TRUE,0,NA
1997,BHtokt,BAR1997.SPD,LAHV,Jan Mayen,1997_1218,1,1,TRUE,0,NA
1997,BHtokt,BAR1997.SPD,LAHV,Jan Mayen,1997_1219,1,1,TRUE,0,NA
1997,BHtokt,BAR1997.SPD,LAHV,Jan Mayen,1997_1220,1,1,TRUE,0,NA
1997,BHtokt,BAR1997.SPD,LAHV,Jan Mayen,1997_1221,1,1,TRUE,0,NA
1997,BHtokt,BAR1997.SPD,LAHV,Jan Mayen,1997_1222,1,1,TRUE,0,NA
1997,BHtokt,BAR1997.SPD,LAHV,Jan Mayen,1997_1223,1,1,TRUE,0,NA
1997,BHtokt,BAR1997.SPD,LAHV,Jan Mayen,1997_1224,1,1,TRUE,0,NA
1997,BHtokt,BAR1997.SPD,LAHV,Jan Mayen,1997_1225,1,1,TRUE,0,NA
1997,BHtokt,BAR1997.SPD,LAHV,Jan Mayen,1997_1226,1,1,TRUE,0,NA
1997,BHtokt,BAR1997.SPD,LAHV,Jan Mayen,1997_1227,1,1,TRUE,0,NA
1997,BHtokt,BAR1997.SPD,LAHV,Jan Mayen,1997_1228,1,1,TRUE,0,NA
1997,BHtokt,BAR1997.SPD,LAHV,Jan Mayen,1997_1229,1,1,TRUE,0,NA
1997,BHtokt,BAR1997.SPD,LAHV,Jan Mayen,1997_1230,1,1,TRUE,0,NA
1997,BHtokt,BAR1997.SPD,LAHV,Jan Mayen,1997_1231,1,1,TRUE,0,NA
1997,BHtokt,BAR1997.SPD,LAHV,Jan Mayen,1997_1232,1,1,TRUE,0,NA
1997,BHtokt,BAR1997.SPD,LAHV,Jan Mayen,1997_1233,1,1,TRUE,0,NA
1997,BHtokt,BAR1997.SPD,LAHV,Jan Mayen,1997_1234,1,1,TRUE,0,NA
1997,BHtokt,BAR1997.SPD,LAHV,Jan Mayen,1997_1235,1,1,TRUE,0,NA
1997,BHtokt,BAR1997.SPD,LAHV,Jan Mayen,1997_1236,1,1,TRUE,0,NA
1997,BHtokt,BAR1997.SPD,LAHV,Jan Mayen,1997_1237,1,1,TRUE,0,NA
1997,BHtokt,BAR1997.SPD,LAHV,Jan Mayen,1997_1238,1,1,TRUE,0,NA
1997,BHtokt,BAR1997.SPD,LAHV,Jan Mayen,1997_1239,1,1,TRUE,0,NA
1997,BHtokt,BAR1997.SPD,LAHV,Jan Mayen,1997_1240,1,1,TRUE,0,NA
1997,BHtokt,BAR1997.SPD,LAHV,Jan Mayen,1997_1241,1,1,TRUE,0,NA
1997,BHtokt,BAR1997.SPD,LAHV,Jan Mayen,1997_1242,1,1,TRUE,0,NA
1997,BHtokt,BAR1997.SPD,LAHV,Jan Mayen,1997_1243,1,1,TRUE,0,NA
1997,BHtokt,BAR1997.SPD,LAHV,Jan Mayen,1997_1244,1,1,TRUE,0,NA
1997,BHtokt,BAR1997.SPD,LAHV,Jan Mayen,1997_1245,1,1,TRUE,0,NA
1997,BHtokt,BAR1997.SPD,LAHV,Jan Mayen,1997_1246,1,1,TRUE,0,NA
1997,BHtokt,BAR1997.SPD,LAHV,Jan Mayen,1997_1247,1,1,TRUE,0,NA
1997,BHtokt,BAR1997.SPD,LAHV,Jan Mayen,1997_1248,1,1,TRUE,0,NA
1997,BHtokt,BAR1997.SPD,LAHV,Jan Mayen,1997_1249,1,1,TRUE,0,NA
1997,BHtokt,BAR1997.SPD,LAHV,Jan Mayen,1997_1250,1,1,TRUE,0,NA
1997,BHtokt,BAR1997.SPD,LAHV,Jan Mayen,1997_1251,1,1,TRUE,0,NA
1997,BHtokt,BAR1997.SPD,LAHV,Jan Mayen,1997_1252,1,1,TRUE,0,NA
1997,BHtokt,BAR1997.SPD,LAHV,Jan Mayen,1997_1253,1,1,TRUE,0,NA
1997,BHtokt,BAR1997.SPD,LAHV,Jan Mayen,1997_1254,1,1,TRUE,0,NA
1997,BHtokt,BAR1997.SPD,LAHV,Jan Mayen,1997_1255,1,1,TRUE,0,NA
1997,BHtokt,BAR1997.SPD,LAHV,Jan Mayen,1997_1256,1,1,TRUE,0,NA
1997,BHtokt,BAR1997.SPD,LAHV,Jan Mayen,1997_1257,1,1,TRUE,0,NA
1997,BHtokt,BAR1997.SPD,LAHV,Jan Mayen,1997_1258,1,1,TRUE,0,NA
1997,BHtokt,BAR1997.SPD,LAHV,Jan Mayen,1997_1259,1,1,TRUE,0,NA
1997,BHtokt,BAR1997.SPD,LAHV,Jan Mayen,1997_1260,1,1,TRUE,0,NA
1997,BHtokt,BAR1997.SPD,LAHV,Jan Mayen,1997_1261,1,1,TRUE,0,NA
1997,BHtokt,BAR1997.SPD,LAHV,Jan Mayen,1997_1262,1,1,TRUE,0,NA
1997,BHtokt,BAR1997.SPD,LAHV,Jan Mayen,1997_1263,1,1,TRUE,0,NA
1997,BHtokt,BAR1997.SPD,LAHV,Jan Mayen,1997_1264,1,1,TRUE,0,NA
1997,BHtokt,BAR1997.SPD,LAHV,Jan Mayen,1997_1265,1,1,TRUE,0,NA
1997,BHtokt,BAR1997.SPD,LAHV,Jan Mayen,1997_1266,1,1,TRUE,0,NA
1997,BHtokt,BAR1997.SPD,LAHV,Jan Mayen,1997_1267,1,1,TRUE,0,NA
1997,BHtokt,BAR1997.SPD,LAHV,Jan Mayen,1997_1268,1,1,TRUE,0,NA
1997,BHtokt,BAR1997.SPD,LAHV,Jan Mayen,1997_1269,1,1,TRUE,0,NA
1997,BHtokt,BAR1997.SPD,LAHV,Jan Mayen,1997_1270,1,1,TRUE,0,NA
1997,BHtokt,BAR1997.SPD,LAHV,Jan Mayen,1997_1271,1,1,TRUE,0,NA
1997,BHtokt,BAR1997.SPD,LAHV,Jan Mayen,1997_1272,1,1,TRUE,0,NA
1997,BHtokt,BAR1997.SPD,LAHV,Jan Mayen,1997_1273,1,1,TRUE,0,NA
1997,BHtokt,BAR1997.SPD,LAHV,Jan Mayen,1997_1274,1,1,TRUE,0,NA
1997,BHtokt,BAR1997.SPD,LAHV,Jan Mayen,1997_1275,1,1,TRUE,0,NA
1997,BHtokt,BAR1997.SPD,LAHV,Jan Mayen,1997_1276,1,1,TRUE,0,NA
1997,BHtokt,BAR1997.SPD,LAHV,Jan Mayen,1997_1277,1,1,TRUE,0,NA
1997,BHtokt,BAR1997.SPD,LAHV,Jan Mayen,1997_1278,1,1,TRUE,0,NA
1997,BHtokt,BAR1997.SPD,LAHV,Jan Mayen,1997_1279,1,1,TRUE,0,NA
1997,BHtokt,BAR1997.SPD,LAHV,Jan Mayen,1997_1280,1,1,TRUE,0,NA
1997,BHtokt,BAR1997.SPD,LAHV,Jan Mayen,1997_1281,1,1,TRUE,0,NA
1997,BHtokt,BAR1997.SPD,LAHV,Jan Mayen,1997_1282,1,1,TRUE,0,NA
1997,BHtokt,BAR1997.SPD,LAHV,Jan Mayen,1997_1283,1,1,TRUE,0,NA
1997,BHtokt,BAR1997.SPD,LAHV,Jan Mayen,1997_1284,1,1,TRUE,0,NA
1997,BHtokt,BAR1997.SPD,LAHV,Jan Mayen,1997_1285,1,1,TRUE,0,NA
1997,BHtokt,BAR1997.SPD,LAHV,Jan Mayen,1997_1286,1,1,TRUE,0,NA
1997,BHtokt,BAR1997.SPD,LAHV,Jan Mayen,1997_1287,1,1,TRUE,0,NA
1997,BHtokt,BAR1997.SPD,LAHV,Jan Mayen,1997_1288,1,1,TRUE,0,NA
1997,BHtokt,BAR1997.SPD,LAHV,Jan Mayen,1997_1289,1,1,TRUE,0,NA
1997,BHtokt,BAR1997.SPD,LAHV,Jan Mayen,1997_1290,1,1,TRUE,0,NA
1997,BHtokt,BAR1997.SPD,LAHV,Jan Mayen,1997_1291,1,1,TRUE,0,NA
1997,BHtokt,BAR1997.SPD,LAHV,Jan Mayen,1997_1292,1,1,TRUE,0,NA
1997,BHtokt,BAR1997.SPD,LAHV,Jan Mayen,1997_1293,1,1,TRUE,0,NA
1997,BHtokt,BAR1997.SPD,LAHV,Jan Mayen,1997_1294,1,1,TRUE,0,NA
1997,BHtokt,BAR1997.SPD,LAHV,Jan Mayen,1997_1295,1,1,TRUE,0,NA
1997,BHtokt,BAR1997.SPD,LAHV,Jan Mayen,1997_1296,1,1,TRUE,0,NA
1997,BHtokt,BAR1997.SPD,LAHV,Jan Mayen,1997_1297,1,1,TRUE,0,NA
1997,BHtokt,BAR1997.SPD,LAHV,Jan Mayen,1997_1298,1,1,TRUE,0,NA
1997,BHtokt,BAR1997.SPD,LAHV,Jan Mayen,1997_1299,1,1,TRUE,0,NA
1997,BHtokt,BAR1997.SPD,LAHV,Jan Mayen,1997_1300,1,1,TRUE,0,NA
1997,BHtokt,BAR1997.SPD,LAHV,Jan Mayen,1997_1301,1,1,TRUE,0,NA
1997,BHtokt,BAR1997.SPD,LAHV,Jan Mayen,1997_1302,1,1,TRUE,0,NA
1997,BHtokt,BAR1997.SPD,LAHV,Jan Mayen,1997_1303,1,1,TRUE,0,NA
1997,BHtokt,BAR1997.SPD,LAHV,Jan Mayen,1997_1304,1,1,TRUE,0,NA
1997,BHtokt,BAR1997.SPD,LAHV,Jan Mayen,1997_1305,1,1,TRUE,0,NA
1997,BHtokt,BAR1997.SPD,LAHV,Jan Mayen,1997_1306,1,1,TRUE,0,NA
1997,BHtokt,BAR1997.SPD,LAHV,Jan Mayen,1997_1307,1,1,TRUE,0,NA
1997,BHtokt,BAR1997.SPD,LAHV,Jan Mayen,1997_1308,1,1,TRUE,0,NA
1997,BHtokt,BAR1997.SPD,LAHV,Jan Mayen,1997_1309,1,1,TRUE,0,NA
1997,BHtokt,BAR1997.SPD,LAHV,Jan Mayen,1997_1310,1,1,TRUE,0,NA
1997,BHtokt,BAR1997.SPD,LAHV,Jan Mayen,1997_1311,1,1,TRUE,0,NA
1997,BHtokt,BAR1997.SPD,LAHV,Jan Mayen,1997_1312,1,1,TRUE,0,NA
1997,BHtokt,BAR1997.SPD,LAHV,Jan Mayen,1997_1313,1,1,TRUE,0,NA
1997,BHtokt,BAR1997.SPD,LAHV,Jan Mayen,1997_1314,1,1,TRUE,0,NA
1997,BHtokt,BAR1997.SPD,LAHV,Jan Mayen,1997_1315,1,1,TRUE,0,NA
1997,BHtokt,BAR1997.SPD,LAHV,Jan Mayen,1997_1316,1,1,TRUE,0,NA
1997,BHtokt,BAR1997.SPD,LAHV,Jan Mayen,1997_1317,1,1,TRUE,0,NA
1997,BHtokt,BAR1997.SPD,LAHV,Jan Mayen,1997_1318,1,1,TRUE,0,NA
1997,BHtokt,BAR1997.SPD,LAHV,Jan Mayen,1997_1319,1,1,TRUE,0,NA
1997,BHtokt,BAR1997.SPD,LAHV,Jan Mayen,1997_1320,1,1,TRUE,0,NA
1997,BHtokt,BAR1997.SPD,LAHV,Jan Mayen,1997_1321,1,1,TRUE,0,NA
1997,BSS,1997001,JXDH,Tromsland,1997_71,110,330,FALSE,1,Russian EEZ
1997,BSS,1997903,JXWX,Varegg,1997_81,73,219,TRUE,0,NA
1997,BSS,1997903,LADD,Hopen,1997_34,73,219,TRUE,0,NA
1997,BSS,1997903,LDGJ,Johan Hjort,1997_41,101,303,FALSE,1,Russian EEZ
1997,BSS,1997903,LHUW,Michael Sars,1997_43,37,111,FALSE,1,Russian EEZ
1997,CoastalS,1997112,LHUW,Michael Sars,1997_207,158,474,TRUE,0,NA
1997,CoastalS,1997213,LDGJ,Johan Hjort,1997_49,86,258,TRUE,0,NA
1997,EggaN,1997001,JXMG,Kongsfjord,1997_67,166,498,TRUE,0,NA
1997,Other,1997001,LADD,Hopen,1997_33,8,24,TRUE,0,NA
1997,Svalbardtokt,SVA1997.SPD,LAHV,Jan Mayen,1997_1001,1,1,TRUE,0,NA
1997,Svalbardtokt,SVA1997.SPD,LAHV,Jan Mayen,1997_1002,1,1,TRUE,0,NA
1997,Svalbardtokt,SVA1997.SPD,LAHV,Jan Mayen,1997_1003,1,1,TRUE,0,NA
1997,Svalbardtokt,SVA1997.SPD,LAHV,Jan Mayen,1997_1004,1,1,TRUE,0,NA
1997,Svalbardtokt,SVA1997.SPD,LAHV,Jan Mayen,1997_1005,1,1,TRUE,0,NA
1997,Svalbardtokt,SVA1997.SPD,LAHV,Jan Mayen,1997_1006,1,1,TRUE,0,NA
1997,Svalbardtokt,SVA1997.SPD,LAHV,Jan Mayen,1997_1007,1,1,TRUE,0,NA
1997,Svalbardtokt,SVA1997.SPD,LAHV,Jan Mayen,1997_1008,1,1,TRUE,0,NA
1997,Svalbardtokt,SVA1997.SPD,LAHV,Jan Mayen,1997_1009,1,1,TRUE,0,NA
1997,Svalbardtokt,SVA1997.SPD,LAHV,Jan Mayen,1997_1010,1,1,TRUE,0,NA
1997,Svalbardtokt,SVA1997.SPD,LAHV,Jan Mayen,1997_1011,1,1,TRUE,0,NA
1997,Svalbardtokt,SVA1997.SPD,LAHV,Jan Mayen,1997_1012,1,1,TRUE,0,NA
1997,Svalbardtokt,SVA1997.SPD,LAHV,Jan Mayen,1997_1013,1,1,TRUE,0,NA
1997,Svalbardtokt,SVA1997.SPD,LAHV,Jan Mayen,1997_1014,1,1,TRUE,0,NA
1997,Svalbardtokt,SVA1997.SPD,LAHV,Jan Mayen,1997_1015,1,1,TRUE,0,NA
1997,Svalbardtokt,SVA1997.SPD,LAHV,Jan Mayen,1997_1016,1,1,TRUE,0,NA
1997,Svalbardtokt,SVA1997.SPD,LAHV,Jan Mayen,1997_1017,1,1,TRUE,0,NA
1997,Svalbardtokt,SVA1997.SPD,LAHV,Jan Mayen,1997_1018,1,1,TRUE,0,NA
1997,Svalbardtokt,SVA1997.SPD,LAHV,Jan Mayen,1997_1019,1,1,TRUE,0,NA
1997,Svalbardtokt,SVA1997.SPD,LAHV,Jan Mayen,1997_1020,1,1,TRUE,0,NA
1997,Svalbardtokt,SVA1997.SPD,LAHV,Jan Mayen,1997_1021,1,1,TRUE,0,NA
1997,Svalbardtokt,SVA1997.SPD,LAHV,Jan Mayen,1997_1022,1,1,TRUE,0,NA
1997,Svalbardtokt,SVA1997.SPD,LAHV,Jan Mayen,1997_1023,1,1,TRUE,0,NA
1997,Svalbardtokt,SVA1997.SPD,LAHV,Jan Mayen,1997_1024,1,1,TRUE,0,NA
1997,Svalbardtokt,SVA1997.SPD,LAHV,Jan Mayen,1997_1025,1,1,TRUE,0,NA
1997,Svalbardtokt,SVA1997.SPD,LAHV,Jan Mayen,1997_1026,1,1,TRUE,0,NA
1997,Svalbardtokt,SVA1997.SPD,LAHV,Jan Mayen,1997_1027,1,1,TRUE,0,NA
1997,Svalbardtokt,SVA1997.SPD,LAHV,Jan Mayen,1997_1028,1,1,TRUE,0,NA
1997,Svalbardtokt,SVA1997.SPD,LAHV,Jan Mayen,1997_1029,1,1,TRUE,0,NA
1997,Svalbardtokt,SVA1997.SPD,LAHV,Jan Mayen,1997_1030,1,1,TRUE,0,NA
1997,Svalbardtokt,SVA1997.SPD,LAHV,Jan Mayen,1997_1031,1,1,TRUE,0,NA
1997,Svalbardtokt,SVA1997.SPD,LAHV,Jan Mayen,1997_1032,1,1,TRUE,0,NA
1997,Svalbardtokt,SVA1997.SPD,LAHV,Jan Mayen,1997_1033,1,1,TRUE,0,NA
1997,Svalbardtokt,SVA1997.SPD,LAHV,Jan Mayen,1997_1034,1,1,TRUE,0,NA
1997,Svalbardtokt,SVA1997.SPD,LAHV,Jan Mayen,1997_1035,1,1,TRUE,0,NA
1997,Svalbardtokt,SVA1997.SPD,LAHV,Jan Mayen,1997_1036,1,1,TRUE,0,NA
1997,Svalbardtokt,SVA1997.SPD,LAHV,Jan Mayen,1997_1037,1,1,TRUE,0,NA
1997,Svalbardtokt,SVA1997.SPD,LAHV,Jan Mayen,1997_1038,1,1,TRUE,0,NA
1997,Svalbardtokt,SVA1997.SPD,LAHV,Jan Mayen,1997_1039,1,1,TRUE,0,NA
1997,Svalbardtokt,SVA1997.SPD,LAHV,Jan Mayen,1997_1040,1,1,TRUE,0,NA
1997,Svalbardtokt,SVA1997.SPD,LAHV,Jan Mayen,1997_1041,1,1,TRUE,0,NA
1997,Svalbardtokt,SVA1997.SPD,LAHV,Jan Mayen,1997_1042,1,1,TRUE,0,NA
1997,Svalbardtokt,SVA1997.SPD,LAHV,Jan Mayen,1997_1043,1,1,TRUE,0,NA
1997,Svalbardtokt,SVA1997.SPD,LAHV,Jan Mayen,1997_1044,1,1,TRUE,0,NA
1997,Svalbardtokt,SVA1997.SPD,LAHV,Jan Mayen,1997_1045,1,1,TRUE,0,NA
1997,Svalbardtokt,SVA1997.SPD,LAHV,Jan Mayen,1997_1046,1,1,TRUE,0,NA
1997,Svalbardtokt,SVA1997.SPD,LAHV,Jan Mayen,1997_1047,1,1,TRUE,0,NA
1997,Svalbardtokt,SVA1997.SPD,LAHV,Jan Mayen,1997_1048,1,1,TRUE,0,NA
1997,Svalbardtokt,SVA1997.SPD,LAHV,Jan Mayen,1997_1049,1,1,TRUE,0,NA
1997,Svalbardtokt,SVA1997.SPD,LAHV,Jan Mayen,1997_1050,1,1,TRUE,0,NA
1997,Svalbardtokt,SVA1997.SPD,LAHV,Jan Mayen,1997_1051,1,1,TRUE,0,NA
1997,Svalbardtokt,SVA1997.SPD,LAHV,Jan Mayen,1997_1052,1,1,TRUE,0,NA
1997,Svalbardtokt,SVA1997.SPD,LAHV,Jan Mayen,1997_1053,1,1,TRUE,0,NA
1997,Svalbardtokt,SVA1997.SPD,LAHV,Jan Mayen,1997_1054,1,1,TRUE,0,NA
1997,Svalbardtokt,SVA1997.SPD,LAHV,Jan Mayen,1997_1055,1,1,TRUE,0,NA
1997,Svalbardtokt,SVA1997.SPD,LAHV,Jan Mayen,1997_1056,1,1,TRUE,0,NA
1997,Svalbardtokt,SVA1997.SPD,LAHV,Jan Mayen,1997_1057,1,1,TRUE,0,NA
1997,Svalbardtokt,SVA1997.SPD,LAHV,Jan Mayen,1997_1058,1,1,TRUE,0,NA
1997,Svalbardtokt,SVA1997.SPD,LAHV,Jan Mayen,1997_1059,1,1,TRUE,0,NA
1997,Svalbardtokt,SVA1997.SPD,LAHV,Jan Mayen,1997_1060,1,1,TRUE,0,NA
1997,Svalbardtokt,SVA1997.SPD,LAHV,Jan Mayen,1997_1061,1,1,TRUE,0,NA
1997,Svalbardtokt,SVA1997.SPD,LAHV,Jan Mayen,1997_1356,1,1,TRUE,0,NA
1997,Svalbardtokt,SVA1997.SPD,LAHV,Jan Mayen,1997_1357,1,1,TRUE,0,NA
1997,Svalbardtokt,SVA1997.SPD,LAHV,Jan Mayen,1997_1358,1,1,TRUE,0,NA
1997,Svalbardtokt,SVA1997.SPD,LAHV,Jan Mayen,1997_1359,1,1,TRUE,0,NA
1997,Svalbardtokt,SVA1997.SPD,LAHV,Jan Mayen,1997_1360,1,1,TRUE,0,NA
1997,Svalbardtokt,SVA1997.SPD,LAHV,Jan Mayen,1997_1361,1,1,TRUE,0,NA
1997,Svalbardtokt,SVA1997.SPD,LAHV,Jan Mayen,1997_1362,1,1,TRUE,0,NA
1997,Svalbardtokt,SVA1997.SPD,LAHV,Jan Mayen,1997_1363,1,1,TRUE,0,NA
1997,Svalbardtokt,SVA1997.SPD,LAHV,Jan Mayen,1997_1364,1,1,TRUE,0,NA
1997,Svalbardtokt,SVA1997.SPD,LAHV,Jan Mayen,1997_1365,1,1,TRUE,0,NA
1997,Svalbardtokt,SVA1997.SPD,LAHV,Jan Mayen,1997_1366,1,1,TRUE,0,NA
1997,Svalbardtokt,SVA1997.SPD,LAHV,Jan Mayen,1997_1367,1,1,TRUE,0,NA
1997,Svalbardtokt,SVA1997.SPD,LAHV,Jan Mayen,1997_1368,1,1,TRUE,0,NA
1997,Svalbardtokt,SVA1997.SPD,LAHV,Jan Mayen,1997_1369,1,1,TRUE,0,NA
1997,Svalbardtokt,SVA1997.SPD,LAHV,Jan Mayen,1997_1370,1,1,TRUE,0,NA
1997,Svalbardtokt,SVA1997.SPD,LAHV,Jan Mayen,1997_1371,1,1,TRUE,0,NA
1997,Svalbardtokt,SVA1997.SPD,LAHV,Jan Mayen,1997_1372,1,1,TRUE,0,NA
1997,Svalbardtokt,SVA1997.SPD,LAHV,Jan Mayen,1997_1373,1,1,TRUE,0,NA
1997,Svalbardtokt,SVA1997.SPD,LAHV,Jan Mayen,1997_1374,1,1,TRUE,0,NA
1997,Svalbardtokt,SVA1997.SPD,LAHV,Jan Mayen,1997_1375,1,1,TRUE,0,NA
1997,Svalbardtokt,SVA1997.SPD,LAHV,Jan Mayen,1997_1376,1,1,TRUE,0,NA
1997,Svalbardtokt,SVA1997.SPD,LAHV,Jan Mayen,1997_1377,1,1,TRUE,0,NA
1997,Svalbardtokt,SVA1997.SPD,LAHV,Jan Mayen,1997_1378,1,1,TRUE,0,NA
1997,Svalbardtokt,SVA1997.SPD,LAHV,Jan Mayen,1997_1379,1,1,TRUE,0,NA
1997,Svalbardtokt,SVA1997.SPD,LAHV,Jan Mayen,1997_1380,1,1,TRUE,0,NA
1997,Svalbardtokt,SVA1997.SPD,LAHV,Jan Mayen,1997_1381,1,1,TRUE,0,NA
1997,Svalbardtokt,SVA1997.SPD,LAHV,Jan Mayen,1997_1382,1,1,TRUE,0,NA
1997,Svalbardtokt,SVA1997.SPD,LAHV,Jan Mayen,1997_1383,1,1,TRUE,0,NA
1997,Svalbardtokt,SVA1997.SPD,LAHV,Jan Mayen,1997_1384,1,1,TRUE,0,NA
1997,Svalbardtokt,SVA1997.SPD,LAHV,Jan Mayen,1997_1385,1,1,TRUE,0,NA
1997,Svalbardtokt,SVA1997.SPD,LAHV,Jan Mayen,1997_1386,1,1,TRUE,0,NA
1997,Svalbardtokt,SVA1997.SPD,LAHV,Jan Mayen,1997_1387,1,1,TRUE,0,NA
1997,Svalbardtokt,SVA1997.SPD,LAHV,Jan Mayen,1997_1388,1,1,TRUE,0,NA
1997,Svalbardtokt,SVA1997.SPD,LAHV,Jan Mayen,1997_1389,1,1,TRUE,0,NA
1997,Svalbardtokt,SVA1997.SPD,LAHV,Jan Mayen,1997_1390,1,1,TRUE,0,NA
1997,Svalbardtokt,SVA1997.SPD,LAHV,Jan Mayen,1997_1391,1,1,TRUE,0,NA
1997,Svalbardtokt,SVA1997.SPD,LAHV,Jan Mayen,1997_1392,1,1,TRUE,0,NA
1997,Svalbardtokt,SVA1997.SPD,LAHV,Jan Mayen,1997_1393,1,1,TRUE,0,NA
1997,Svalbardtokt,SVA1997.SPD,LAHV,Jan Mayen,1997_1394,1,1,TRUE,0,NA
1997,Svalbardtokt,SVA1997.SPD,LAHV,Jan Mayen,1997_1395,1,1,TRUE,0,NA
1997,Svalbardtokt,SVA1997.SPD,LAHV,Jan Mayen,1997_1396,1,1,TRUE,0,NA
1997,Svalbardtokt,SVA1997.SPD,LAHV,Jan Mayen,1997_1397,1,1,TRUE,0,NA
1997,Svalbardtokt,SVA1997.SPD,LAHV,Jan Mayen,1997_1398,1,1,TRUE,0,NA
1997,Svalbardtokt,SVA1997.SPD,LAHV,Jan Mayen,1997_1399,1,1,TRUE,0,NA
1997,Svalbardtokt,SVA1997.SPD,LAHV,Jan Mayen,1997_1400,1,1,TRUE,0,NA
1997,Svalbardtokt,SVA1997.SPD,LAHV,Jan Mayen,1997_1401,1,1,TRUE,0,NA
1997,Svalbardtokt,SVA1997.SPD,LAHV,Jan Mayen,1997_1402,1,1,TRUE,0,NA
1997,Svalbardtokt,SVA1997.SPD,LAHV,Jan Mayen,1997_1403,1,1,TRUE,0,NA
1997,Svalbardtokt,SVA1997.SPD,LAHV,Jan Mayen,1997_1404,1,1,TRUE,0,NA
1997,Svalbardtokt,SVA1997.SPD,LAHV,Jan Mayen,1997_1405,1,1,TRUE,0,NA
1997,Svalbardtokt,SVA1997.SPD,LAHV,Jan Mayen,1997_1406,1,1,TRUE,0,NA
1997,Svalbardtokt,SVA1997.SPD,LAHV,Jan Mayen,1997_1407,1,1,TRUE,0,NA
1997,Svalbardtokt,SVA1997.SPD,LAHV,Jan Mayen,1997_1408,1,1,TRUE,0,NA
1997,Svalbardtokt,SVA1997.SPD,LAHV,Jan Mayen,1997_1409,1,1,TRUE,0,NA
1997,Svalbardtokt,SVA1997.SPD,LAHV,Jan Mayen,1997_1410,1,1,TRUE,0,NA
1997,Svalbardtokt,SVA1997.SPD,LAHV,Jan Mayen,1997_1411,1,1,TRUE,0,NA
1997,Svalbardtokt,SVA1997.SPD,LAHV,Jan Mayen,1997_1412,1,1,TRUE,0,NA
1997,Svalbardtokt,SVA1997.SPD,LAHV,Jan Mayen,1997_1413,1,1,TRUE,0,NA
1997,Svalbardtokt,SVA1997.SPD,LAHV,Jan Mayen,1997_1414,1,1,TRUE,0,NA
1997,Svalbardtokt,SVA1997.SPD,LAHV,Jan Mayen,1997_1415,1,1,TRUE,0,NA
1997,Svalbardtokt,SVA1997.SPD,LAHV,Jan Mayen,1997_1416,1,1,TRUE,0,NA
1997,Svalbardtokt,SVA1997.SPD,LAHV,Jan Mayen,1997_1417,1,1,TRUE,0,NA
1997,Svalbardtokt,SVA1997.SPD,LAHV,Jan Mayen,1997_1418,1,1,TRUE,0,NA
1997,Svalbardtokt,SVA1997.SPD,LAHV,Jan Mayen,1997_1419,1,1,TRUE,0,NA
1997,Svalbardtokt,SVA1997.SPD,LAHV,Jan Mayen,1997_1420,1,1,TRUE,0,NA
1997,Svalbardtokt,SVA1997.SPD,LAHV,Jan Mayen,1997_1421,1,1,TRUE,0,NA
1997,Svalbardtokt,SVA1997.SPD,LAHV,Jan Mayen,1997_1422,1,1,TRUE,0,NA
1997,Svalbardtokt,SVA1997.SPD,LAHV,Jan Mayen,1997_1423,1,1,TRUE,0,NA
1997,Svalbardtokt,SVA1997.SPD,LAHV,Jan Mayen,1997_1424,1,1,TRUE,0,NA
1997,Svalbardtokt,SVA1997.SPD,LAHV,Jan Mayen,1997_1425,1,1,TRUE,0,NA
1997,Svalbardtokt,SVA1997.SPD,LAHV,Jan Mayen,1997_1426,1,1,TRUE,0,NA
1997,Svalbardtokt,SVA1997.SPD,LAHV,Jan Mayen,1997_1427,1,1,TRUE,0,NA
1997,Svalbardtokt,SVA1997.SPD,LAHV,Jan Mayen,1997_1428,1,1,TRUE,0,NA
1997,Svalbardtokt,SVA1997.SPD,LAHV,Jan Mayen,1997_1429,1,1,TRUE,0,NA
1997,Svalbardtokt,SVA1997.SPD,LAHV,Jan Mayen,1997_1430,1,1,TRUE,0,NA
1997,Svalbardtokt,SVA1997.SPD,LAHV,Jan Mayen,1997_1431,1,1,TRUE,0,NA
1997,Svalbardtokt,SVA1997.SPD,LAHV,Jan Mayen,1997_1432,1,1,TRUE,0,NA
1997,Svalbardtokt,SVA1997.SPD,LAHV,Jan Mayen,1997_1433,1,1,TRUE,0,NA
1997,Svalbardtokt,SVA1997.SPD,LAHV,Jan Mayen,1997_1434,1,1,TRUE,0,NA
1997,Svalbardtokt,SVA1997.SPD,LAHV,Jan Mayen,1997_1435,1,1,TRUE,0,NA
1997,Svalbardtokt,SVA1997.SPD,LAHV,Jan Mayen,1997_1436,1,1,TRUE,0,NA
1997,Svalbardtokt,SVA1997.SPD,LAHV,Jan Mayen,1997_1437,1,1,TRUE,0,NA
1997,Svalbardtokt,SVA1997.SPD,LAHV,Jan Mayen,1997_1438,1,1,TRUE,0,NA
1997,Svalbardtokt,SVA1997.SPD,LAHV,Jan Mayen,1997_1439,1,1,TRUE,0,NA
1997,Svalbardtokt,SVA1997.SPD,LAHV,Jan Mayen,1997_1440,1,1,TRUE,0,NA
1997,Svalbardtokt,SVA1997.SPD,LAHV,Jan Mayen,1997_1441,1,1,TRUE,0,NA
1997,Svalbardtokt,SVA1997.SPD,LAHV,Jan Mayen,1997_1442,1,1,TRUE,0,NA
1997,Svalbardtokt,SVA1997.SPD,LAHV,Jan Mayen,1997_1443,1,1,TRUE,0,NA
1997,Svalbardtokt,SVA1997.SPD,LAHV,Jan Mayen,1997_1444,1,1,TRUE,0,NA
1997,Svalbardtokt,SVA1997.SPD,LAHV,Jan Mayen,1997_1445,1,1,TRUE,0,NA
1997,Svalbardtokt,SVA1997.SPD,LAHV,Jan Mayen,1997_1446,1,1,TRUE,0,NA
1997,Svalbardtokt,SVA1997.SPD,LAHV,Jan Mayen,1997_1447,1,1,TRUE,0,NA
1997,Svalbardtokt,SVA1997.SPD,LAHV,Jan Mayen,1997_1448,1,1,TRUE,0,NA
1997,Svalbardtokt,SVA1997.SPD,LAHV,Jan Mayen,1997_1449,1,1,TRUE,0,NA
1997,Svalbardtokt,SVA1997.SPD,LAHV,Jan Mayen,1997_1450,1,1,TRUE,0,NA
1997,Svalbardtokt,SVA1997.SPD,LAHV,Jan Mayen,1997_1451,1,1,TRUE,0,NA
1997,Svalbardtokt,SVA1997.SPD,LAHV,Jan Mayen,1997_1452,1,1,TRUE,0,NA
1997,Svalbardtokt,SVA1997.SPD,LAHV,Jan Mayen,1997_1453,1,1,TRUE,0,NA
1997,Svalbardtokt,SVA1997.SPD,LAHV,Jan Mayen,1997_1454,1,1,TRUE,0,NA
1997,Svalbardtokt,SVA1997.SPD,LAHV,Jan Mayen,1997_1455,1,1,TRUE,0,NA
1997,Svalbardtokt,SVA1997.SPD,LAHV,Jan Mayen,1997_1456,1,1,TRUE,0,NA
1997,Svalbardtokt,SVA1997.SPD,LAHV,Jan Mayen,1997_1457,1,1,TRUE,0,NA
1997,Svalbardtokt,SVA1997.SPD,LAHV,Jan Mayen,1997_1458,1,1,TRUE,0,NA
1997,Svalbardtokt,SVA1997.SPD,LAHV,Jan Mayen,1997_1459,1,1,TRUE,0,NA
1997,Svalbardtokt,SVA1997.SPD,LAHV,Jan Mayen,1997_1460,1,1,TRUE,0,NA
1997,Svalbardtokt,SVA1997.SPD,LAHV,Jan Mayen,1997_1461,1,1,TRUE,0,NA
1997,Svalbardtokt,SVA1997.SPD,LAHV,Jan Mayen,1997_1462,1,1,TRUE,0,NA
1997,Svalbardtokt,SVA1997.SPD,LAHV,Jan Mayen,1997_1463,1,1,TRUE,0,NA
1997,Svalbardtokt,SVA1997.SPD,LAHV,Jan Mayen,1997_1464,1,1,TRUE,0,NA
1997,Svalbardtokt,SVA1997.SPD,LAHV,Jan Mayen,1997_1465,1,1,TRUE,0,NA
1997,Svalbardtokt,SVA1997.SPD,LAHV,Jan Mayen,1997_1466,1,1,TRUE,0,NA
1997,Svalbardtokt,SVA1997.SPD,LAHV,Jan Mayen,1997_1467,1,1,TRUE,0,NA
1997,Svalbardtokt,SVA1997.SPD,LAHV,Jan Mayen,1997_1468,1,1,TRUE,0,NA
1997,Svalbardtokt,SVA1997.SPD,LAHV,Jan Mayen,1997_1469,1,1,TRUE,0,NA
1997,Svalbardtokt,SVA1997.SPD,LAHV,Jan Mayen,1997_1470,1,1,TRUE,0,NA
1997,Svalbardtokt,SVA1997.SPD,LAHV,Jan Mayen,1997_1471,1,1,TRUE,0,NA
1997,Svalbardtokt,SVA1997.SPD,LAHV,Jan Mayen,1997_1472,1,1,TRUE,0,NA
1997,Svalbardtokt,SVA1997.SPD,LAHV,Jan Mayen,1997_1473,1,1,TRUE,0,NA
1997,Svalbardtokt,SVA1997.SPD,LAHV,Jan Mayen,1997_1474,1,1,TRUE,0,NA
1997,Svalbardtokt,SVA1997.SPD,LAHV,Jan Mayen,1997_1475,1,1,TRUE,0,NA
1997,Svalbardtokt,SVA1997.SPD,LAHV,Jan Mayen,1997_1476,1,1,TRUE,0,NA
1997,Svalbardtokt,SVA1997.SPD,LAHV,Jan Mayen,1997_1477,1,1,TRUE,0,NA
1997,Svalbardtokt,SVA1997.SPD,LAHV,Jan Mayen,1997_1478,1,1,TRUE,0,NA
1997,Svalbardtokt,SVA1997.SPD,LAHV,Jan Mayen,1997_1479,1,1,TRUE,0,NA
1997,Svalbardtokt,SVA1997.SPD,LAHV,Jan Mayen,1997_1480,1,1,TRUE,0,NA
1997,Svalbardtokt,SVA1997.SPD,LAHV,Jan Mayen,1997_1481,1,1,TRUE,0,NA
1997,Svalbardtokt,SVA1997.SPD,LAHV,Jan Mayen,1997_1482,1,1,TRUE,0,NA
1997,Svalbardtokt,SVA1997.SPD,LAHV,Jan Mayen,1997_1483,1,1,TRUE,0,NA
1997,Svalbardtokt,SVA1997.SPD,LAHV,Jan Mayen,1997_1484,1,1,TRUE,0,NA
1997,Svalbardtokt,SVA1997.SPD,LAHV,Jan Mayen,1997_1485,1,1,TRUE,0,NA
1997,Svalbardtokt,SVA1997.SPD,LAHV,Jan Mayen,1997_1486,1,1,TRUE,0,NA
1997,Svalbardtokt,SVA1997.SPD,LAHV,Jan Mayen,1997_1487,1,1,TRUE,0,NA
1997,Svalbardtokt,SVA1997.SPD,LAHV,Jan Mayen,1997_1488,1,1,TRUE,0,NA
1997,Svalbardtokt,SVA1997.SPD,LAHV,Jan Mayen,1997_1489,1,1,TRUE,0,NA
1997,Svalbardtokt,SVA1997.SPD,LAHV,Jan Mayen,1997_1490,1,1,TRUE,0,NA
1997,Svalbardtokt,SVA1997.SPD,LAHV,Jan Mayen,1997_1491,1,1,TRUE,0,NA
1997,Svalbardtokt,SVA1997.SPD,LAHV,Jan Mayen,1997_1492,1,1,TRUE,0,NA
1997,Svalbardtokt,SVA1997.SPD,LAHV,Jan Mayen,1997_1493,1,1,TRUE,0,NA
1997,Svalbardtokt,SVA1997.SPD,LAHV,Jan Mayen,1997_1494,1,1,TRUE,0,NA
1997,Svalbardtokt,SVA1997.SPD,LAHV,Jan Mayen,1997_1495,1,1,TRUE,0,NA
1997,Svalbardtokt,SVA1997.SPD,LAHV,Jan Mayen,1997_1496,1,1,TRUE,0,NA
1997,WinterS,1997901,LAHV,Jan Mayen,1997_38,80,240,FALSE,1,Russian EEZ
1997,WinterS,1997901,LDGJ,Johan Hjort,1997_40,58,174,FALSE,1,Russian EEZ
1997,WinterS,1997901,LLZG,G.O.Sars,1997_46,40,120,TRUE,0,NA
1998,BSS,1998012,LLZG,G.O.Sars,1998_22,108,324,FALSE,1,Russian EEZ
1998,BSS,1998109,LHUW,Michael Sars,1998_19,129,387,TRUE,0,NA
1998,CoastalS,1998016,LLZG,G.O.Sars,1998_13,70,210,TRUE,0,NA
1998,CoastalS,1998841,LAHV,Jan Mayen,1998_208,133,399,TRUE,0,NA
1998,EggaN,1998001,JXJQ,Havbryn,1998_123,181,543,TRUE,0,NA
1998,Other,1998826,JXJU,Granit,1998_68,10,30,TRUE,0,NA
1998,Other,1998829,LILQ,Comet,1998_63,110,330,FALSE,1,Russian EEZ
1998,Svalbardtokt,SVA1998.SPD,LAHV,Jan Mayen,1998_1062,1,1,TRUE,0,NA
1998,Svalbardtokt,SVA1998.SPD,LAHV,Jan Mayen,1998_1063,1,1,TRUE,0,NA
1998,Svalbardtokt,SVA1998.SPD,LAHV,Jan Mayen,1998_1064,1,1,TRUE,0,NA
1998,Svalbardtokt,SVA1998.SPD,LAHV,Jan Mayen,1998_1065,1,1,TRUE,0,NA
1998,Svalbardtokt,SVA1998.SPD,LAHV,Jan Mayen,1998_1066,1,1,TRUE,0,NA
1998,Svalbardtokt,SVA1998.SPD,LAHV,Jan Mayen,1998_1067,1,1,TRUE,0,NA
1998,Svalbardtokt,SVA1998.SPD,LAHV,Jan Mayen,1998_1068,1,1,TRUE,0,NA
1998,Svalbardtokt,SVA1998.SPD,LAHV,Jan Mayen,1998_1069,1,1,TRUE,0,NA
1998,Svalbardtokt,SVA1998.SPD,LAHV,Jan Mayen,1998_1070,1,1,TRUE,0,NA
1998,Svalbardtokt,SVA1998.SPD,LAHV,Jan Mayen,1998_1071,1,1,TRUE,0,NA
1998,Svalbardtokt,SVA1998.SPD,LAHV,Jan Mayen,1998_1072,1,1,TRUE,0,NA
1998,Svalbardtokt,SVA1998.SPD,LAHV,Jan Mayen,1998_1073,1,1,TRUE,0,NA
1998,Svalbardtokt,SVA1998.SPD,LAHV,Jan Mayen,1998_1074,1,1,TRUE,0,NA
1998,Svalbardtokt,SVA1998.SPD,LAHV,Jan Mayen,1998_1075,1,1,TRUE,0,NA
1998,Svalbardtokt,SVA1998.SPD,LAHV,Jan Mayen,1998_1076,1,1,TRUE,0,NA
1998,Svalbardtokt,SVA1998.SPD,LAHV,Jan Mayen,1998_1077,1,1,TRUE,0,NA
1998,Svalbardtokt,SVA1998.SPD,LAHV,Jan Mayen,1998_1078,1,1,TRUE,0,NA
1998,Svalbardtokt,SVA1998.SPD,LAHV,Jan Mayen,1998_1079,1,1,TRUE,0,NA
1998,Svalbardtokt,SVA1998.SPD,LAHV,Jan Mayen,1998_1080,1,1,TRUE,0,NA
1998,Svalbardtokt,SVA1998.SPD,LAHV,Jan Mayen,1998_1081,1,1,TRUE,0,NA
1998,Svalbardtokt,SVA1998.SPD,LAHV,Jan Mayen,1998_1082,1,1,TRUE,0,NA
1998,Svalbardtokt,SVA1998.SPD,LAHV,Jan Mayen,1998_1083,1,1,TRUE,0,NA
1998,Svalbardtokt,SVA1998.SPD,LAHV,Jan Mayen,1998_1084,1,1,TRUE,0,NA
1998,Svalbardtokt,SVA1998.SPD,LAHV,Jan Mayen,1998_1085,1,1,TRUE,0,NA
1998,Svalbardtokt,SVA1998.SPD,LAHV,Jan Mayen,1998_1086,1,1,TRUE,0,NA
1998,Svalbardtokt,SVA1998.SPD,LAHV,Jan Mayen,1998_1087,1,1,TRUE,0,NA
1998,Svalbardtokt,SVA1998.SPD,LAHV,Jan Mayen,1998_1088,1,1,TRUE,0,NA
1998,Svalbardtokt,SVA1998.SPD,LAHV,Jan Mayen,1998_1089,1,1,TRUE,0,NA
1998,Svalbardtokt,SVA1998.SPD,LAHV,Jan Mayen,1998_1090,1,1,TRUE,0,NA
1998,Svalbardtokt,SVA1998.SPD,LAHV,Jan Mayen,1998_1091,1,1,TRUE,0,NA
1998,Svalbardtokt,SVA1998.SPD,LAHV,Jan Mayen,1998_1092,1,1,TRUE,0,NA
1998,Svalbardtokt,SVA1998.SPD,LAHV,Jan Mayen,1998_1093,1,1,TRUE,0,NA
1998,Svalbardtokt,SVA1998.SPD,LAHV,Jan Mayen,1998_1094,1,1,TRUE,0,NA
1998,Svalbardtokt,SVA1998.SPD,LAHV,Jan Mayen,1998_1095,1,1,TRUE,0,NA
1998,Svalbardtokt,SVA1998.SPD,LAHV,Jan Mayen,1998_1096,1,1,TRUE,0,NA
1998,Svalbardtokt,SVA1998.SPD,LAHV,Jan Mayen,1998_1097,1,1,TRUE,0,NA
1998,Svalbardtokt,SVA1998.SPD,LAHV,Jan Mayen,1998_1098,1,1,TRUE,0,NA
1998,Svalbardtokt,SVA1998.SPD,LAHV,Jan Mayen,1998_1099,1,1,TRUE,0,NA
1998,Svalbardtokt,SVA1998.SPD,LAHV,Jan Mayen,1998_1100,1,1,TRUE,0,NA
1998,Svalbardtokt,SVA1998.SPD,LAHV,Jan Mayen,1998_1101,1,1,TRUE,0,NA
1998,Svalbardtokt,SVA1998.SPD,LAHV,Jan Mayen,1998_1102,1,1,TRUE,0,NA
1998,Svalbardtokt,SVA1998.SPD,LAHV,Jan Mayen,1998_1103,1,1,TRUE,0,NA
1998,Svalbardtokt,SVA1998.SPD,LAHV,Jan Mayen,1998_1104,1,1,TRUE,0,NA
1998,Svalbardtokt,SVA1998.SPD,LAHV,Jan Mayen,1998_1105,1,1,TRUE,0,NA
1998,Svalbardtokt,SVA1998.SPD,LAHV,Jan Mayen,1998_1106,1,1,TRUE,0,NA
1998,Svalbardtokt,SVA1998.SPD,LAHV,Jan Mayen,1998_1107,1,1,TRUE,0,NA
1998,Svalbardtokt,SVA1998.SPD,LAHV,Jan Mayen,1998_1108,1,1,TRUE,0,NA
1998,Svalbardtokt,SVA1998.SPD,LAHV,Jan Mayen,1998_1109,1,1,TRUE,0,NA
1998,Svalbardtokt,SVA1998.SPD,LAHV,Jan Mayen,1998_1110,1,1,TRUE,0,NA
1998,Svalbardtokt,SVA1998.SPD,LAHV,Jan Mayen,1998_1111,1,1,TRUE,0,NA
1998,Svalbardtokt,SVA1998.SPD,LAHV,Jan Mayen,1998_1112,1,1,TRUE,0,NA
1998,Svalbardtokt,SVA1998.SPD,LAHV,Jan Mayen,1998_1113,1,1,TRUE,0,NA
1998,Svalbardtokt,SVA1998.SPD,LAHV,Jan Mayen,1998_1114,1,1,TRUE,0,NA
1998,Svalbardtokt,SVA1998.SPD,LAHV,Jan Mayen,1998_1115,1,1,TRUE,0,NA
1998,Svalbardtokt,SVA1998.SPD,LAHV,Jan Mayen,1998_1116,1,1,TRUE,0,NA
1998,Svalbardtokt,SVA1998.SPD,LAHV,Jan Mayen,1998_1117,1,1,TRUE,0,NA
1998,Svalbardtokt,SVA1998.SPD,LAHV,Jan Mayen,1998_1118,1,1,TRUE,0,NA
1998,Svalbardtokt,SVA1998.SPD,LAHV,Jan Mayen,1998_1119,1,1,TRUE,0,NA
1998,Svalbardtokt,SVA1998.SPD,LAHV,Jan Mayen,1998_1120,1,1,TRUE,0,NA
1998,Svalbardtokt,SVA1998.SPD,LAHV,Jan Mayen,1998_1121,1,1,TRUE,0,NA
1998,Svalbardtokt,SVA1998.SPD,LAHV,Jan Mayen,1998_1122,1,1,TRUE,0,NA
1998,Svalbardtokt,SVA1998.SPD,LAHV,Jan Mayen,1998_1123,1,1,TRUE,0,NA
1998,Svalbardtokt,SVA1998.SPD,LAHV,Jan Mayen,1998_1124,1,1,TRUE,0,NA
1998,Svalbardtokt,SVA1998.SPD,LAHV,Jan Mayen,1998_1125,1,1,TRUE,0,NA
1998,Svalbardtokt,SVA1998.SPD,LAHV,Jan Mayen,1998_1126,1,1,TRUE,0,NA
1998,Svalbardtokt,SVA1998.SPD,LAHV,Jan Mayen,1998_1127,1,1,TRUE,0,NA
1998,Svalbardtokt,SVA1998.SPD,LAHV,Jan Mayen,1998_1128,1,1,TRUE,0,NA
1998,Svalbardtokt,SVA1998.SPD,LAHV,Jan Mayen,1998_1129,1,1,TRUE,0,NA
1998,Svalbardtokt,SVA1998.SPD,LAHV,Jan Mayen,1998_1130,1,1,TRUE,0,NA
1998,Svalbardtokt,SVA1998.SPD,LAHV,Jan Mayen,1998_1131,1,1,TRUE,0,NA
1998,Svalbardtokt,SVA1998.SPD,LAHV,Jan Mayen,1998_1132,1,1,TRUE,0,NA
1998,Svalbardtokt,SVA1998.SPD,LAHV,Jan Mayen,1998_1133,1,1,TRUE,0,NA
1998,Svalbardtokt,SVA1998.SPD,LAHV,Jan Mayen,1998_1134,1,1,TRUE,0,NA
1998,Svalbardtokt,SVA1998.SPD,LAHV,Jan Mayen,1998_1135,1,1,TRUE,0,NA
1998,Svalbardtokt,SVA1998.SPD,LAHV,Jan Mayen,1998_1136,1,1,TRUE,0,NA
1998,Svalbardtokt,SVA1998.SPD,LAHV,Jan Mayen,1998_1137,1,1,TRUE,0,NA
1998,Svalbardtokt,SVA1998.SPD,LAHV,Jan Mayen,1998_1138,1,1,TRUE,0,NA
1998,Svalbardtokt,SVA1998.SPD,LAHV,Jan Mayen,1998_1139,1,1,TRUE,0,NA
1998,Svalbardtokt,SVA1998.SPD,LAHV,Jan Mayen,1998_1140,1,1,TRUE,0,NA
1998,Svalbardtokt,SVA1998.SPD,LAHV,Jan Mayen,1998_1141,1,1,TRUE,0,NA
1998,Svalbardtokt,SVA1998.SPD,LAHV,Jan Mayen,1998_1142,1,1,TRUE,0,NA
1998,Svalbardtokt,SVA1998.SPD,LAHV,Jan Mayen,1998_1143,1,1,TRUE,0,NA
1998,Svalbardtokt,SVA1998.SPD,LAHV,Jan Mayen,1998_1144,1,1,TRUE,0,NA
1998,Svalbardtokt,SVA1998.SPD,LAHV,Jan Mayen,1998_1145,1,1,TRUE,0,NA
1998,Svalbardtokt,SVA1998.SPD,LAHV,Jan Mayen,1998_1146,1,1,TRUE,0,NA
1998,Svalbardtokt,SVA1998.SPD,LAHV,Jan Mayen,1998_1147,1,1,TRUE,0,NA
1998,Svalbardtokt,SVA1998.SPD,LAHV,Jan Mayen,1998_1148,1,1,TRUE,0,NA
1998,Svalbardtokt,SVA1998.SPD,LAHV,Jan Mayen,1998_1149,1,1,TRUE,0,NA
1998,Svalbardtokt,SVA1998.SPD,LAHV,Jan Mayen,1998_1150,1,1,TRUE,0,NA
1998,Svalbardtokt,SVA1998.SPD,LAHV,Jan Mayen,1998_1151,1,1,TRUE,0,NA
1998,Svalbardtokt,SVA1998.SPD,LAHV,Jan Mayen,1998_1152,1,1,TRUE,0,NA
1998,Svalbardtokt,SVA1998.SPD,LAHV,Jan Mayen,1998_1153,1,1,TRUE,0,NA
1998,Svalbardtokt,SVA1998.SPD,LAHV,Jan Mayen,1998_1154,1,1,TRUE,0,NA
1998,Svalbardtokt,SVA1998.SPD,LAHV,Jan Mayen,1998_1155,1,1,TRUE,0,NA
1998,Svalbardtokt,SVA1998.SPD,LAHV,Jan Mayen,1998_1156,1,1,TRUE,0,NA
1998,Svalbardtokt,SVA1998.SPD,LAHV,Jan Mayen,1998_1157,1,1,TRUE,0,NA
1998,Svalbardtokt,SVA1998.SPD,LAHV,Jan Mayen,1998_1158,1,1,TRUE,0,NA
1998,Svalbardtokt,SVA1998.SPD,LAHV,Jan Mayen,1998_1159,1,1,TRUE,0,NA
1998,Svalbardtokt,SVA1998.SPD,LAHV,Jan Mayen,1998_1160,1,1,TRUE,0,NA
1998,Svalbardtokt,SVA1998.SPD,LAHV,Jan Mayen,1998_1161,1,1,TRUE,0,NA
1998,Svalbardtokt,SVA1998.SPD,LAHV,Jan Mayen,1998_1162,1,1,TRUE,0,NA
1998,Svalbardtokt,SVA1998.SPD,LAHV,Jan Mayen,1998_1163,1,1,TRUE,0,NA
1998,Svalbardtokt,SVA1998.SPD,LAHV,Jan Mayen,1998_1164,1,1,TRUE,0,NA
1998,Svalbardtokt,SVA1998.SPD,LAHV,Jan Mayen,1998_1165,1,1,TRUE,0,NA
1998,Svalbardtokt,SVA1998.SPD,LAHV,Jan Mayen,1998_1166,1,1,TRUE,0,NA
1998,Svalbardtokt,SVA1998.SPD,LAHV,Jan Mayen,1998_1167,1,1,TRUE,0,NA
1998,Svalbardtokt,SVA1998.SPD,LAHV,Jan Mayen,1998_1168,1,1,TRUE,0,NA
1998,Svalbardtokt,SVA1998.SPD,LAHV,Jan Mayen,1998_1169,1,1,TRUE,0,NA
1998,Svalbardtokt,SVA1998.SPD,LAHV,Jan Mayen,1998_1170,1,1,TRUE,0,NA
1998,Svalbardtokt,SVA1998.SPD,LAHV,Jan Mayen,1998_1171,1,1,TRUE,0,NA
1998,Svalbardtokt,SVA1998.SPD,LAHV,Jan Mayen,1998_1172,1,1,TRUE,0,NA
1998,Svalbardtokt,SVA1998.SPD,LAHV,Jan Mayen,1998_1173,1,1,TRUE,0,NA
1998,Svalbardtokt,SVA1998.SPD,LAHV,Jan Mayen,1998_1174,1,1,TRUE,0,NA
1998,Svalbardtokt,SVA1998.SPD,LAHV,Jan Mayen,1998_1175,1,1,TRUE,0,NA
1998,Svalbardtokt,SVA1998.SPD,LAHV,Jan Mayen,1998_1176,1,1,TRUE,0,NA
1998,Svalbardtokt,SVA1998.SPD,LAHV,Jan Mayen,1998_1177,1,1,TRUE,0,NA
1998,Svalbardtokt,SVA1998.SPD,LAHV,Jan Mayen,1998_1178,1,1,TRUE,0,NA
1998,Svalbardtokt,SVA1998.SPD,LAHV,Jan Mayen,1998_1179,1,1,TRUE,0,NA
1998,Svalbardtokt,SVA1998.SPD,LAHV,Jan Mayen,1998_1180,1,1,TRUE,0,NA
1998,Svalbardtokt,SVA1998.SPD,LAHV,Jan Mayen,1998_1181,1,1,TRUE,0,NA
1998,Svalbardtokt,SVA1998.SPD,LAHV,Jan Mayen,1998_1182,1,1,TRUE,0,NA
1998,Svalbardtokt,SVA1998.SPD,LAHV,Jan Mayen,1998_1183,1,1,TRUE,0,NA
1998,Svalbardtokt,SVA1998.SPD,LAHV,Jan Mayen,1998_1184,1,1,TRUE,0,NA
1998,Svalbardtokt,SVA1998.SPD,LAHV,Jan Mayen,1998_1185,1,1,TRUE,0,NA
1998,Svalbardtokt,SVA1998.SPD,LAHV,Jan Mayen,1998_1186,1,1,TRUE,0,NA
1998,Svalbardtokt,SVA1998.SPD,LAHV,Jan Mayen,1998_1187,1,1,TRUE,0,NA
1998,Svalbardtokt,SVA1998.SPD,LAHV,Jan Mayen,1998_1188,1,1,TRUE,0,NA
1998,Svalbardtokt,SVA1998.SPD,LAHV,Jan Mayen,1998_1189,1,1,TRUE,0,NA
1998,Svalbardtokt,SVA1998.SPD,LAHV,Jan Mayen,1998_1190,1,1,TRUE,0,NA
1998,Svalbardtokt,SVA1998.SPD,LAHV,Jan Mayen,1998_1191,1,1,TRUE,0,NA
1998,Svalbardtokt,SVA1998.SPD,LAHV,Jan Mayen,1998_1192,1,1,TRUE,0,NA
1998,Svalbardtokt,SVA1998.SPD,LAHV,Jan Mayen,1998_1193,1,1,TRUE,0,NA
1998,Svalbardtokt,SVA1998.SPD,LAHV,Jan Mayen,1998_1194,1,1,TRUE,0,NA
1998,Svalbardtokt,SVA1998.SPD,LAHV,Jan Mayen,1998_1195,1,1,TRUE,0,NA
1998,Svalbardtokt,SVA1998.SPD,LAHV,Jan Mayen,1998_1196,1,1,TRUE,0,NA
1998,Svalbardtokt,SVA1998.SPD,LAHV,Jan Mayen,1998_1197,1,1,TRUE,0,NA
1998,Svalbardtokt,SVA1998.SPD,LAHV,Jan Mayen,1998_1198,1,1,TRUE,0,NA
1998,Svalbardtokt,SVA1998.SPD,LAHV,Jan Mayen,1998_1199,1,1,TRUE,0,NA
1998,Svalbardtokt,SVA1998.SPD,LAHV,Jan Mayen,1998_1200,1,1,TRUE,0,NA
1998,Svalbardtokt,SVA1998.SPD,LAHV,Jan Mayen,1998_1201,1,1,TRUE,0,NA
1998,Svalbardtokt,SVA1998.SPD,LAHV,Jan Mayen,1998_1202,1,1,TRUE,0,NA
1998,Svalbardtokt,SVA1998.SPD,LAHV,Jan Mayen,1998_1203,1,1,TRUE,0,NA
1998,Svalbardtokt,SVA1998.SPD,LAHV,Jan Mayen,1998_1204,1,1,TRUE,0,NA
1998,Svalbardtokt,SVA1998.SPD,LAHV,Jan Mayen,1998_1205,1,1,TRUE,0,NA
1998,Svalbardtokt,SVA1998.SPD,LAHV,Jan Mayen,1998_1206,1,1,TRUE,0,NA
1998,Svalbardtokt,SVA1998.SPD,LAHV,Jan Mayen,1998_1207,1,1,TRUE,0,NA
1998,Svalbardtokt,SVA1998.SPD,LAHV,Jan Mayen,1998_1208,1,1,TRUE,0,NA
1998,Svalbardtokt,SVA1998.SPD,LAHV,Jan Mayen,1998_1209,1,1,TRUE,0,NA
1998,Svalbardtokt,SVA1998.SPD,LAHV,Jan Mayen,1998_1210,1,1,TRUE,0,NA
1998,Svalbardtokt,SVA1998.SPD,LAHV,Jan Mayen,1998_1211,1,1,TRUE,0,NA
1998,Svalbardtokt,SVA1998.SPD,LAHV,Jan Mayen,1998_1212,1,1,TRUE,0,NA
1998,Svalbardtokt,SVA1998.SPD,LAHV,Jan Mayen,1998_1213,1,1,TRUE,0,NA
1998,Svalbardtokt,SVA1998.SPD,LAHV,Jan Mayen,1998_1214,1,1,TRUE,0,NA
1998,Svalbardtokt,SVA1998.SPD,LAHV,Jan Mayen,1998_1215,1,1,TRUE,0,NA
1998,Svalbardtokt,SVA1998.SPD,LAHV,Jan Mayen,1998_1216,1,1,TRUE,0,NA
1998,Svalbardtokt,SVA1998.SPD,LAHV,Jan Mayen,1998_1217,1,1,TRUE,0,NA
1998,Svalbardtokt,SVA1998.SPD,LAHV,Jan Mayen,1998_1218,1,1,TRUE,0,NA
1998,Svalbardtokt,SVA1998.SPD,LAHV,Jan Mayen,1998_1219,1,1,TRUE,0,NA
1998,Svalbardtokt,SVA1998.SPD,LAHV,Jan Mayen,1998_1220,1,1,TRUE,0,NA
1998,Svalbardtokt,SVA1998.SPD,LAHV,Jan Mayen,1998_1221,1,1,TRUE,0,NA
1998,Svalbardtokt,SVA1998.SPD,LAHV,Jan Mayen,1998_1222,1,1,TRUE,0,NA
1998,Svalbardtokt,SVA1998.SPD,LAHV,Jan Mayen,1998_1223,1,1,TRUE,0,NA
1998,Svalbardtokt,SVA1998.SPD,LAHV,Jan Mayen,1998_1224,1,1,TRUE,0,NA
1998,Svalbardtokt,SVA1998.SPD,LAHV,Jan Mayen,1998_1225,1,1,TRUE,0,NA
1998,Svalbardtokt,SVA1998.SPD,LAHV,Jan Mayen,1998_1226,1,1,TRUE,0,NA
1998,Svalbardtokt,SVA1998.SPD,LAHV,Jan Mayen,1998_1227,1,1,TRUE,0,NA
1998,Svalbardtokt,SVA1998.SPD,LAHV,Jan Mayen,1998_1228,1,1,TRUE,0,NA
1998,Svalbardtokt,SVA1998.SPD,LAHV,Jan Mayen,1998_1229,1,1,TRUE,0,NA
1998,Svalbardtokt,SVA1998.SPD,LAHV,Jan Mayen,1998_1230,1,1,TRUE,0,NA
1998,Svalbardtokt,SVA1998.SPD,LAHV,Jan Mayen,1998_1231,1,1,TRUE,0,NA
1998,Svalbardtokt,SVA1998.SPD,LAHV,Jan Mayen,1998_1232,1,1,TRUE,0,NA
1998,Svalbardtokt,SVA1998.SPD,LAHV,Jan Mayen,1998_1233,1,1,TRUE,0,NA
1998,Svalbardtokt,SVA1998.SPD,LAHV,Jan Mayen,1998_1234,1,1,TRUE,0,NA
1998,Svalbardtokt,SVA1998.SPD,LAHV,Jan Mayen,1998_1235,1,1,TRUE,0,NA
1998,Svalbardtokt,SVA1998.SPD,LAHV,Jan Mayen,1998_1236,1,1,TRUE,0,NA
1998,Svalbardtokt,SVA1998.SPD,LAHV,Jan Mayen,1998_1237,1,1,TRUE,0,NA
1998,Svalbardtokt,SVA1998.SPD,LAHV,Jan Mayen,1998_1238,1,1,TRUE,0,NA
1998,Svalbardtokt,SVA1998.SPD,LAHV,Jan Mayen,1998_1239,1,1,TRUE,0,NA
1998,Svalbardtokt,SVA1998.SPD,LAHV,Jan Mayen,1998_1240,1,1,TRUE,0,NA
1998,Svalbardtokt,SVA1998.SPD,LAHV,Jan Mayen,1998_1241,1,1,TRUE,0,NA
1998,Svalbardtokt,SVA1998.SPD,LAHV,Jan Mayen,1998_1242,1,1,TRUE,0,NA
1998,Svalbardtokt,SVA1998.SPD,LAHV,Jan Mayen,1998_1243,1,1,TRUE,0,NA
1998,Svalbardtokt,SVA1998.SPD,LAHV,Jan Mayen,1998_1244,1,1,TRUE,0,NA
1998,Svalbardtokt,SVA1998.SPD,LAHV,Jan Mayen,1998_1245,1,1,TRUE,0,NA
1998,Svalbardtokt,SVA1998.SPD,LAHV,Jan Mayen,1998_1246,1,1,TRUE,0,NA
1998,Svalbardtokt,SVA1998.SPD,LAHV,Jan Mayen,1998_1247,1,1,TRUE,0,NA
1998,Svalbardtokt,SVA1998.SPD,LAHV,Jan Mayen,1998_1248,1,1,TRUE,0,NA
1998,Svalbardtokt,SVA1998.SPD,LAHV,Jan Mayen,1998_1249,1,1,TRUE,0,NA
1998,Svalbardtokt,SVA1998.SPD,LAHV,Jan Mayen,1998_1250,1,1,TRUE,0,NA
1998,Svalbardtokt,SVA1998.SPD,LAHV,Jan Mayen,1998_1251,1,1,TRUE,0,NA
1998,Svalbardtokt,SVA1998.SPD,LAHV,Jan Mayen,1998_1252,1,1,TRUE,0,NA
1998,Svalbardtokt,SVA1998.SPD,LAHV,Jan Mayen,1998_1253,1,1,TRUE,0,NA
1998,Svalbardtokt,SVA1998.SPD,LAHV,Jan Mayen,1998_1254,1,1,TRUE,0,NA
1998,Svalbardtokt,SVA1998.SPD,LAHV,Jan Mayen,1998_1255,1,1,TRUE,0,NA
1998,Svalbardtokt,SVA1998.SPD,LAHV,Jan Mayen,1998_1256,1,1,TRUE,0,NA
1998,Svalbardtokt,SVA1998.SPD,LAHV,Jan Mayen,1998_1257,1,1,TRUE,0,NA
1998,Svalbardtokt,SVA1998.SPD,LAHV,Jan Mayen,1998_1258,1,1,TRUE,0,NA
1998,Svalbardtokt,SVA1998.SPD,LAHV,Jan Mayen,1998_1259,1,1,TRUE,0,NA
1998,WinterS,1998002,LLZG,G.O.Sars,1998_21,64,192,FALSE,1,Russian EEZ
1998,WinterS,1998202,LDGJ,Johan Hjort,1998_15,70,210,FALSE,1,Russian EEZ
1998,WinterS,1998825,LAHV,Jan Mayen,1998_14,66,198,TRUE,0,NA
1999,BHtokt,BAR1999.SPD,LAHV,Jan Mayen,1999_1001,1,1,TRUE,0,NA
1999,BHtokt,BAR1999.SPD,LAHV,Jan Mayen,1999_1002,1,1,TRUE,0,NA
1999,BHtokt,BAR1999.SPD,LAHV,Jan Mayen,1999_1003,1,1,TRUE,0,NA
1999,BHtokt,BAR1999.SPD,LAHV,Jan Mayen,1999_1004,1,1,TRUE,0,NA
1999,BHtokt,BAR1999.SPD,LAHV,Jan Mayen,1999_1005,1,1,TRUE,0,NA
1999,BHtokt,BAR1999.SPD,LAHV,Jan Mayen,1999_1006,1,1,TRUE,0,NA
1999,BHtokt,BAR1999.SPD,LAHV,Jan Mayen,1999_1007,1,1,TRUE,0,NA
1999,BHtokt,BAR1999.SPD,LAHV,Jan Mayen,1999_1008,1,1,TRUE,0,NA
1999,BHtokt,BAR1999.SPD,LAHV,Jan Mayen,1999_1009,1,1,TRUE,0,NA
1999,BHtokt,BAR1999.SPD,LAHV,Jan Mayen,1999_1010,1,1,TRUE,0,NA
1999,BHtokt,BAR1999.SPD,LAHV,Jan Mayen,1999_1011,1,1,TRUE,0,NA
1999,BHtokt,BAR1999.SPD,LAHV,Jan Mayen,1999_1012,1,1,TRUE,0,NA
1999,BHtokt,BAR1999.SPD,LAHV,Jan Mayen,1999_1013,1,1,TRUE,0,NA
1999,BHtokt,BAR1999.SPD,LAHV,Jan Mayen,1999_1014,1,1,TRUE,0,NA
1999,BHtokt,BAR1999.SPD,LAHV,Jan Mayen,1999_1015,1,1,TRUE,0,NA
1999,BHtokt,BAR1999.SPD,LAHV,Jan Mayen,1999_1016,1,1,TRUE,0,NA
1999,BHtokt,BAR1999.SPD,LAHV,Jan Mayen,1999_1017,1,1,TRUE,0,NA
1999,BHtokt,BAR1999.SPD,LAHV,Jan Mayen,1999_1018,1,1,TRUE,0,NA
1999,BHtokt,BAR1999.SPD,LAHV,Jan Mayen,1999_1019,1,1,TRUE,0,NA
1999,BHtokt,BAR1999.SPD,LAHV,Jan Mayen,1999_1322,1,1,TRUE,0,NA
1999,BHtokt,BAR1999.SPD,LAHV,Jan Mayen,1999_1323,1,1,TRUE,0,NA
1999,BHtokt,BAR1999.SPD,LAHV,Jan Mayen,1999_1324,1,1,TRUE,0,NA
1999,BHtokt,BAR1999.SPD,LAHV,Jan Mayen,1999_1325,1,1,TRUE,0,NA
1999,BHtokt,BAR1999.SPD,LAHV,Jan Mayen,1999_1326,1,1,TRUE,0,NA
1999,BHtokt,BAR1999.SPD,LAHV,Jan Mayen,1999_1327,1,1,TRUE,0,NA
1999,BHtokt,BAR1999.SPD,LAHV,Jan Mayen,1999_1328,1,1,TRUE,0,NA
1999,BHtokt,BAR1999.SPD,LAHV,Jan Mayen,1999_1329,1,1,TRUE,0,NA
1999,BHtokt,BAR1999.SPD,LAHV,Jan Mayen,1999_1330,1,1,TRUE,0,NA
1999,BHtokt,BAR1999.SPD,LAHV,Jan Mayen,1999_1331,1,1,TRUE,0,NA
1999,BHtokt,BAR1999.SPD,LAHV,Jan Mayen,1999_1332,1,1,TRUE,0,NA
1999,BHtokt,BAR1999.SPD,LAHV,Jan Mayen,1999_1333,1,1,TRUE,0,NA
1999,BHtokt,BAR1999.SPD,LAHV,Jan Mayen,1999_1334,1,1,TRUE,0,NA
1999,BHtokt,BAR1999.SPD,LAHV,Jan Mayen,1999_1335,1,1,TRUE,0,NA
1999,BHtokt,BAR1999.SPD,LAHV,Jan Mayen,1999_1336,1,1,TRUE,0,NA
1999,BHtokt,BAR1999.SPD,LAHV,Jan Mayen,1999_1337,1,1,TRUE,0,NA
1999,BHtokt,BAR1999.SPD,LAHV,Jan Mayen,1999_1338,1,1,TRUE,0,NA
1999,BHtokt,BAR1999.SPD,LAHV,Jan Mayen,1999_1339,1,1,TRUE,0,NA
1999,BHtokt,BAR1999.SPD,LAHV,Jan Mayen,1999_1340,1,1,TRUE,0,NA
1999,BHtokt,BAR1999.SPD,LAHV,Jan Mayen,1999_1341,1,1,TRUE,0,NA
1999,BHtokt,BAR1999.SPD,LAHV,Jan Mayen,1999_1342,1,1,TRUE,0,NA
1999,BHtokt,BAR1999.SPD,LAHV,Jan Mayen,1999_1343,1,1,TRUE,0,NA
1999,BHtokt,BAR1999.SPD,LAHV,Jan Mayen,1999_1344,1,1,TRUE,0,NA
1999,BHtokt,BAR1999.SPD,LAHV,Jan Mayen,1999_1345,1,1,TRUE,0,NA
1999,BHtokt,BAR1999.SPD,LAHV,Jan Mayen,1999_1346,1,1,TRUE,0,NA
1999,BHtokt,BAR1999.SPD,LAHV,Jan Mayen,1999_1347,1,1,TRUE,0,NA
1999,BHtokt,BAR1999.SPD,LAHV,Jan Mayen,1999_1348,1,1,TRUE,0,NA
1999,BHtokt,BAR1999.SPD,LAHV,Jan Mayen,1999_1349,1,1,TRUE,0,NA
1999,BHtokt,BAR1999.SPD,LAHV,Jan Mayen,1999_1350,1,1,TRUE,0,NA
1999,BHtokt,BAR1999.SPD,LAHV,Jan Mayen,1999_1351,1,1,TRUE,0,NA
1999,BHtokt,BAR1999.SPD,LAHV,Jan Mayen,1999_1352,1,1,TRUE,0,NA
1999,BHtokt,BAR1999.SPD,LAHV,Jan Mayen,1999_1353,1,1,TRUE,0,NA
1999,BHtokt,BAR1999.SPD,LAHV,Jan Mayen,1999_1354,1,1,TRUE,0,NA
1999,BHtokt,BAR1999.SPD,LAHV,Jan Mayen,1999_1355,1,1,TRUE,0,NA
1999,BHtokt,BAR1999.SPD,LAHV,Jan Mayen,1999_1356,1,1,FALSE,1,Russian EEZ
1999,BHtokt,BAR1999.SPD,LAHV,Jan Mayen,1999_1357,1,1,FALSE,1,Russian EEZ
1999,BHtokt,BAR1999.SPD,LAHV,Jan Mayen,1999_1358,1,1,FALSE,1,Russian EEZ
1999,BHtokt,BAR1999.SPD,LAHV,Jan Mayen,1999_1359,1,1,FALSE,1,Russian EEZ
1999,BHtokt,BAR1999.SPD,LAHV,Jan Mayen,1999_1360,1,1,TRUE,0,NA
1999,BHtokt,BAR1999.SPD,LAHV,Jan Mayen,1999_1361,1,1,TRUE,0,NA
1999,BHtokt,BAR1999.SPD,LAHV,Jan Mayen,1999_1362,1,1,TRUE,0,NA
1999,BHtokt,BAR1999.SPD,LAHV,Jan Mayen,1999_1363,1,1,TRUE,0,NA
1999,BHtokt,BAR1999.SPD,LAHV,Jan Mayen,1999_1364,1,1,TRUE,0,NA
1999,BHtokt,BAR1999.SPD,LAHV,Jan Mayen,1999_1365,1,1,TRUE,0,NA
1999,BHtokt,BAR1999.SPD,LAHV,Jan Mayen,1999_1366,1,1,TRUE,0,NA
1999,BHtokt,BAR1999.SPD,LAHV,Jan Mayen,1999_1367,1,1,TRUE,0,NA
1999,BHtokt,BAR1999.SPD,LAHV,Jan Mayen,1999_1368,1,1,TRUE,0,NA
1999,BHtokt,BAR1999.SPD,LAHV,Jan Mayen,1999_1369,1,1,TRUE,0,NA
1999,BHtokt,BAR1999.SPD,LAHV,Jan Mayen,1999_1370,1,1,TRUE,0,NA
1999,BHtokt,BAR1999.SPD,LAHV,Jan Mayen,1999_1371,1,1,TRUE,0,NA
1999,BHtokt,BAR1999.SPD,LAHV,Jan Mayen,1999_1372,1,1,TRUE,0,NA
1999,BHtokt,BAR1999.SPD,LAHV,Jan Mayen,1999_1373,1,1,TRUE,0,NA
1999,BHtokt,BAR1999.SPD,LAHV,Jan Mayen,1999_1374,1,1,TRUE,0,NA
1999,BHtokt,BAR1999.SPD,LAHV,Jan Mayen,1999_1375,1,1,TRUE,0,NA
1999,BHtokt,BAR1999.SPD,LAHV,Jan Mayen,1999_1376,1,1,TRUE,0,NA
1999,BHtokt,BAR1999.SPD,LAHV,Jan Mayen,1999_1377,1,1,TRUE,0,NA
1999,BHtokt,BAR1999.SPD,LAHV,Jan Mayen,1999_1378,1,1,TRUE,0,NA
1999,BHtokt,BAR1999.SPD,LAHV,Jan Mayen,1999_1379,1,1,TRUE,0,NA
1999,BHtokt,BAR1999.SPD,LAHV,Jan Mayen,1999_1380,1,1,TRUE,0,NA
1999,BHtokt,BAR1999.SPD,LAHV,Jan Mayen,1999_1381,1,1,TRUE,0,NA
1999,BHtokt,BAR1999.SPD,LAHV,Jan Mayen,1999_1382,1,1,TRUE,0,NA
1999,BHtokt,BAR1999.SPD,LAHV,Jan Mayen,1999_1383,1,1,TRUE,0,NA
1999,BHtokt,BAR1999.SPD,LAHV,Jan Mayen,1999_1384,1,1,TRUE,0,NA
1999,BHtokt,BAR1999.SPD,LAHV,Jan Mayen,1999_1385,1,1,TRUE,0,NA
1999,BHtokt,BAR1999.SPD,LAHV,Jan Mayen,1999_1386,1,1,TRUE,0,NA
1999,BHtokt,BAR1999.SPD,LAHV,Jan Mayen,1999_1387,1,1,TRUE,0,NA
1999,BHtokt,BAR1999.SPD,LAHV,Jan Mayen,1999_1388,1,1,TRUE,0,NA
1999,BHtokt,BAR1999.SPD,LAHV,Jan Mayen,1999_1389,1,1,TRUE,0,NA
1999,BHtokt,BAR1999.SPD,LAHV,Jan Mayen,1999_1390,1,1,TRUE,0,NA
1999,BHtokt,BAR1999.SPD,LAHV,Jan Mayen,1999_1391,1,1,TRUE,0,NA
1999,BHtokt,BAR1999.SPD,LAHV,Jan Mayen,1999_1392,1,1,TRUE,0,NA
1999,BHtokt,BAR1999.SPD,LAHV,Jan Mayen,1999_1393,1,1,TRUE,0,NA
1999,BHtokt,BAR1999.SPD,LAHV,Jan Mayen,1999_1394,1,1,TRUE,0,NA
1999,BHtokt,BAR1999.SPD,LAHV,Jan Mayen,1999_1395,1,1,TRUE,0,NA
1999,BHtokt,BAR1999.SPD,LAHV,Jan Mayen,1999_1396,1,1,TRUE,0,NA
1999,BHtokt,BAR1999.SPD,LAHV,Jan Mayen,1999_1397,1,1,TRUE,0,NA
1999,BHtokt,BAR1999.SPD,LAHV,Jan Mayen,1999_1398,1,1,TRUE,0,NA
1999,BHtokt,BAR1999.SPD,LAHV,Jan Mayen,1999_1399,1,1,TRUE,0,NA
1999,BHtokt,BAR1999.SPD,LAHV,Jan Mayen,1999_1400,1,1,TRUE,0,NA
1999,BHtokt,BAR1999.SPD,LAHV,Jan Mayen,1999_1401,1,1,TRUE,0,NA
1999,BHtokt,BAR1999.SPD,LAHV,Jan Mayen,1999_1402,1,1,TRUE,0,NA
1999,BHtokt,BAR1999.SPD,LAHV,Jan Mayen,1999_1403,1,1,TRUE,0,NA
1999,BHtokt,BAR1999.SPD,LAHV,Jan Mayen,1999_1404,1,1,TRUE,0,NA
1999,BHtokt,BAR1999.SPD,LAHV,Jan Mayen,1999_1405,1,1,TRUE,0,NA
1999,BHtokt,BAR1999.SPD,LAHV,Jan Mayen,1999_1406,1,1,TRUE,0,NA
1999,BHtokt,BAR1999.SPD,LAHV,Jan Mayen,1999_1407,1,1,TRUE,0,NA
1999,BHtokt,BAR1999.SPD,LAHV,Jan Mayen,1999_1408,1,1,TRUE,0,NA
1999,BHtokt,BAR1999.SPD,LAHV,Jan Mayen,1999_1409,1,1,TRUE,0,NA
1999,BHtokt,BAR1999.SPD,LAHV,Jan Mayen,1999_1410,1,1,TRUE,0,NA
1999,BHtokt,BAR1999.SPD,LAHV,Jan Mayen,1999_1411,1,1,TRUE,0,NA
1999,BHtokt,BAR1999.SPD,LAHV,Jan Mayen,1999_1412,1,1,TRUE,0,NA
1999,BHtokt,BAR1999.SPD,LAHV,Jan Mayen,1999_1413,1,1,TRUE,0,NA
1999,BHtokt,BAR1999.SPD,LAHV,Jan Mayen,1999_1414,1,1,TRUE,0,NA
1999,BHtokt,BAR1999.SPD,LAHV,Jan Mayen,1999_1415,1,1,TRUE,0,NA
1999,BHtokt,BAR1999.SPD,LAHV,Jan Mayen,1999_1416,1,1,TRUE,0,NA
1999,BHtokt,BAR1999.SPD,LAHV,Jan Mayen,1999_1417,1,1,TRUE,0,NA
1999,BHtokt,BAR1999.SPD,LAHV,Jan Mayen,1999_1418,1,1,TRUE,0,NA
1999,BHtokt,BAR1999.SPD,LAHV,Jan Mayen,1999_1419,1,1,TRUE,0,NA
1999,BHtokt,BAR1999.SPD,LAHV,Jan Mayen,1999_1420,1,1,TRUE,0,NA
1999,BHtokt,BAR1999.SPD,LAHV,Jan Mayen,1999_1421,1,1,TRUE,0,NA
1999,BHtokt,BAR1999.SPD,LAHV,Jan Mayen,1999_1422,1,1,TRUE,0,NA
1999,BHtokt,BAR1999.SPD,LAHV,Jan Mayen,1999_1423,1,1,TRUE,0,NA
1999,BHtokt,BAR1999.SPD,LAHV,Jan Mayen,1999_1424,1,1,TRUE,0,NA
1999,BHtokt,BAR1999.SPD,LAHV,Jan Mayen,1999_1425,1,1,TRUE,0,NA
1999,BHtokt,BAR1999.SPD,LAHV,Jan Mayen,1999_1426,1,1,TRUE,0,NA
1999,BHtokt,BAR1999.SPD,LAHV,Jan Mayen,1999_1427,1,1,TRUE,0,NA
1999,BHtokt,BAR1999.SPD,LAHV,Jan Mayen,1999_1428,1,1,TRUE,0,NA
1999,BHtokt,BAR1999.SPD,LAHV,Jan Mayen,1999_1429,1,1,TRUE,0,NA
1999,BHtokt,BAR1999.SPD,LAHV,Jan Mayen,1999_1430,1,1,TRUE,0,NA
1999,BHtokt,BAR1999.SPD,LAHV,Jan Mayen,1999_1431,1,1,TRUE,0,NA
1999,BHtokt,BAR1999.SPD,LAHV,Jan Mayen,1999_1432,1,1,TRUE,0,NA
1999,BHtokt,BAR1999.SPD,LAHV,Jan Mayen,1999_1433,1,1,TRUE,0,NA
1999,BHtokt,BAR1999.SPD,LAHV,Jan Mayen,1999_1434,1,1,TRUE,0,NA
1999,BHtokt,BAR1999.SPD,LAHV,Jan Mayen,1999_1435,1,1,TRUE,0,NA
1999,BHtokt,BAR1999.SPD,LAHV,Jan Mayen,1999_1436,1,1,TRUE,0,NA
1999,BHtokt,BAR1999.SPD,LAHV,Jan Mayen,1999_1437,1,1,TRUE,0,NA
1999,BHtokt,BAR1999.SPD,LAHV,Jan Mayen,1999_1438,1,1,TRUE,0,NA
1999,BHtokt,BAR1999.SPD,LAHV,Jan Mayen,1999_1439,1,1,TRUE,0,NA
1999,BHtokt,BAR1999.SPD,LAHV,Jan Mayen,1999_1440,1,1,TRUE,0,NA
1999,BHtokt,BAR1999.SPD,LAHV,Jan Mayen,1999_1441,1,1,TRUE,0,NA
1999,BHtokt,BAR1999.SPD,LAHV,Jan Mayen,1999_1442,1,1,TRUE,0,NA
1999,BHtokt,BAR1999.SPD,LAHV,Jan Mayen,1999_1443,1,1,TRUE,0,NA
1999,BHtokt,BAR1999.SPD,LAHV,Jan Mayen,1999_1444,1,1,TRUE,0,NA
1999,BHtokt,BAR1999.SPD,LAHV,Jan Mayen,1999_1445,1,1,TRUE,0,NA
1999,BHtokt,BAR1999.SPD,LAHV,Jan Mayen,1999_1446,1,1,TRUE,0,NA
1999,BHtokt,BAR1999.SPD,LAHV,Jan Mayen,1999_1447,1,1,TRUE,0,NA
1999,BHtokt,BAR1999.SPD,LAHV,Jan Mayen,1999_1448,1,1,TRUE,0,NA
1999,BHtokt,BAR1999.SPD,LAHV,Jan Mayen,1999_1449,1,1,TRUE,0,NA
1999,BHtokt,BAR1999.SPD,LAHV,Jan Mayen,1999_1450,1,1,TRUE,0,NA
1999,BHtokt,BAR1999.SPD,LAHV,Jan Mayen,1999_1451,1,1,TRUE,0,NA
1999,BHtokt,BAR1999.SPD,LAHV,Jan Mayen,1999_1452,1,1,TRUE,0,NA
1999,BHtokt,BAR1999.SPD,LAHV,Jan Mayen,1999_1453,1,1,TRUE,0,NA
1999,BHtokt,BAR1999.SPD,LAHV,Jan Mayen,1999_1454,1,1,TRUE,0,NA
1999,BHtokt,BAR1999.SPD,LAHV,Jan Mayen,1999_1455,1,1,TRUE,0,NA
1999,BHtokt,BAR1999.SPD,LAHV,Jan Mayen,1999_1456,1,1,TRUE,0,NA
1999,BHtokt,BAR1999.SPD,LAHV,Jan Mayen,1999_1457,1,1,TRUE,0,NA
1999,BHtokt,BAR1999.SPD,LAHV,Jan Mayen,1999_1458,1,1,TRUE,0,NA
1999,BHtokt,BAR1999.SPD,LAHV,Jan Mayen,1999_1459,1,1,TRUE,0,NA
1999,BHtokt,BAR1999.SPD,LAHV,Jan Mayen,1999_1460,1,1,TRUE,0,NA
1999,BHtokt,BAR1999.SPD,LAHV,Jan Mayen,1999_1461,1,1,TRUE,0,NA
1999,BHtokt,BAR1999.SPD,LAHV,Jan Mayen,1999_1462,1,1,TRUE,0,NA
1999,BHtokt,BAR1999.SPD,LAHV,Jan Mayen,1999_1463,1,1,TRUE,0,NA
1999,BHtokt,BAR1999.SPD,LAHV,Jan Mayen,1999_1464,1,1,TRUE,0,NA
1999,BHtokt,BAR1999.SPD,LAHV,Jan Mayen,1999_1465,1,1,TRUE,0,NA
1999,BHtokt,BAR1999.SPD,LAHV,Jan Mayen,1999_1466,1,1,TRUE,0,NA
1999,BHtokt,BAR1999.SPD,LAHV,Jan Mayen,1999_1467,1,1,TRUE,0,NA
1999,BHtokt,BAR1999.SPD,LAHV,Jan Mayen,1999_1468,1,1,TRUE,0,NA
1999,BHtokt,BAR1999.SPD,LAHV,Jan Mayen,1999_1469,1,1,TRUE,0,NA
1999,BHtokt,BAR1999.SPD,LAHV,Jan Mayen,1999_1470,1,1,TRUE,0,NA
1999,BHtokt,BAR1999.SPD,LAHV,Jan Mayen,1999_1471,1,1,TRUE,0,NA
1999,BHtokt,BAR1999.SPD,LAHV,Jan Mayen,1999_1472,1,1,TRUE,0,NA
1999,BHtokt,BAR1999.SPD,LAHV,Jan Mayen,1999_1473,1,1,TRUE,0,NA
1999,BHtokt,BAR1999.SPD,LAHV,Jan Mayen,1999_1474,1,1,TRUE,0,NA
1999,BHtokt,BAR1999.SPD,LAHV,Jan Mayen,1999_1475,1,1,TRUE,0,NA
1999,BHtokt,BAR1999.SPD,LAHV,Jan Mayen,1999_1476,1,1,TRUE,0,NA
1999,BHtokt,BAR1999.SPD,LAHV,Jan Mayen,1999_1477,1,1,TRUE,0,NA
1999,BHtokt,BAR1999.SPD,LAHV,Jan Mayen,1999_1478,1,1,TRUE,0,NA
1999,BHtokt,BAR1999.SPD,LAHV,Jan Mayen,1999_1479,1,1,TRUE,0,NA
1999,BHtokt,BAR1999.SPD,LAHV,Jan Mayen,1999_1480,1,1,TRUE,0,NA
1999,BHtokt,BAR1999.SPD,LAHV,Jan Mayen,1999_1481,1,1,TRUE,0,NA
1999,BHtokt,BAR1999.SPD,LAHV,Jan Mayen,1999_1482,1,1,TRUE,0,NA
1999,BHtokt,BAR1999.SPD,LAHV,Jan Mayen,1999_1483,1,1,TRUE,0,NA
1999,BHtokt,BAR1999.SPD,LAHV,Jan Mayen,1999_1484,1,1,TRUE,0,NA
1999,BHtokt,BAR1999.SPD,LAHV,Jan Mayen,1999_1485,1,1,TRUE,0,NA
1999,BHtokt,BAR1999.SPD,LAHV,Jan Mayen,1999_1486,1,1,TRUE,0,NA
1999,BHtokt,BAR1999.SPD,LAHV,Jan Mayen,1999_1487,1,1,TRUE,0,NA
1999,BHtokt,BAR1999.SPD,LAHV,Jan Mayen,1999_1488,1,1,TRUE,0,NA
1999,BHtokt,BAR1999.SPD,LAHV,Jan Mayen,1999_1489,1,1,TRUE,0,NA
1999,BHtokt,BAR1999.SPD,LAHV,Jan Mayen,1999_1490,1,1,TRUE,0,NA
1999,BHtokt,BAR1999.SPD,LAHV,Jan Mayen,1999_1491,1,1,TRUE,0,NA
1999,BHtokt,BAR1999.SPD,LAHV,Jan Mayen,1999_1492,1,1,TRUE,0,NA
1999,BHtokt,BAR1999.SPD,LAHV,Jan Mayen,1999_1493,1,1,TRUE,0,NA
1999,BHtokt,BAR1999.SPD,LAHV,Jan Mayen,1999_1494,1,1,TRUE,0,NA
1999,BHtokt,BAR1999.SPD,LAHV,Jan Mayen,1999_1495,1,1,TRUE,0,NA
1999,BHtokt,BAR1999.SPD,LAHV,Jan Mayen,1999_1496,1,1,TRUE,0,NA
1999,BSS,1999001,LMNJ,Skjervøyfisk,1999_26,24,72,FALSE,1,Russian EEZ
1999,BSS,1999109,LHUW,Michael Sars,1999_16,125,375,TRUE,0,NA
1999,BSS,1999212,LDGJ,Johan Hjort,1999_11,92,276,FALSE,1,Russian EEZ
1999,CoastalS,1999215,LDGJ,Johan Hjort,1999_19,70,210,TRUE,0,NA
1999,CoastalS,1999807,LAHV,Jan Mayen,1999_108,154,462,TRUE,0,NA
1999,EggaN,1999803,LAOW,Varegg,1999_199,167,501,TRUE,0,NA
1999,Other,1999013,LLZG,G.O.Sars,1999_43,2,6,TRUE,0,NA
1999,Other,1999802,LAOW,Varegg,1999_200,10,30,TRUE,0,NA
1999,Other,1999802,LJDU,Nordfjordtrål,1999_48,7,21,TRUE,0,NA
1999,Other,1999804,LILQ,Comet,1999_23,93,279,FALSE,1,Russian EEZ
1999,Other,1999806,LAHV,Helmer Hanssen,1999_9,130,390,TRUE,0,NA
1999,Svalbardtokt,SVA1999.SPD,LAHV,Jan Mayen,1999_1001,1,1,TRUE,0,NA
1999,Svalbardtokt,SVA1999.SPD,LAHV,Jan Mayen,1999_1002,1,1,TRUE,0,NA
1999,Svalbardtokt,SVA1999.SPD,LAHV,Jan Mayen,1999_1003,1,1,TRUE,0,NA
1999,Svalbardtokt,SVA1999.SPD,LAHV,Jan Mayen,1999_1004,1,1,TRUE,0,NA
1999,Svalbardtokt,SVA1999.SPD,LAHV,Jan Mayen,1999_1005,1,1,TRUE,0,NA
1999,Svalbardtokt,SVA1999.SPD,LAHV,Jan Mayen,1999_1006,1,1,TRUE,0,NA
1999,Svalbardtokt,SVA1999.SPD,LAHV,Jan Mayen,1999_1007,1,1,TRUE,0,NA
1999,Svalbardtokt,SVA1999.SPD,LAHV,Jan Mayen,1999_1008,1,1,TRUE,0,NA
1999,Svalbardtokt,SVA1999.SPD,LAHV,Jan Mayen,1999_1009,1,1,TRUE,0,NA
1999,Svalbardtokt,SVA1999.SPD,LAHV,Jan Mayen,1999_1010,1,1,TRUE,0,NA
1999,Svalbardtokt,SVA1999.SPD,LAHV,Jan Mayen,1999_1011,1,1,TRUE,0,NA
1999,Svalbardtokt,SVA1999.SPD,LAHV,Jan Mayen,1999_1012,1,1,TRUE,0,NA
1999,Svalbardtokt,SVA1999.SPD,LAHV,Jan Mayen,1999_1013,1,1,TRUE,0,NA
1999,Svalbardtokt,SVA1999.SPD,LAHV,Jan Mayen,1999_1014,1,1,TRUE,0,NA
1999,Svalbardtokt,SVA1999.SPD,LAHV,Jan Mayen,1999_1015,1,1,TRUE,0,NA
1999,Svalbardtokt,SVA1999.SPD,LAHV,Jan Mayen,1999_1016,1,1,TRUE,0,NA
1999,Svalbardtokt,SVA1999.SPD,LAHV,Jan Mayen,1999_1017,1,1,TRUE,0,NA
1999,Svalbardtokt,SVA1999.SPD,LAHV,Jan Mayen,1999_1018,1,1,TRUE,0,NA
1999,Svalbardtokt,SVA1999.SPD,LAHV,Jan Mayen,1999_1019,1,1,TRUE,0,NA
1999,Svalbardtokt,SVA1999.SPD,LAHV,Jan Mayen,1999_1020,1,1,TRUE,0,NA
1999,Svalbardtokt,SVA1999.SPD,LAHV,Jan Mayen,1999_1021,1,1,TRUE,0,NA
1999,Svalbardtokt,SVA1999.SPD,LAHV,Jan Mayen,1999_1022,1,1,TRUE,0,NA
1999,Svalbardtokt,SVA1999.SPD,LAHV,Jan Mayen,1999_1023,1,1,TRUE,0,NA
1999,Svalbardtokt,SVA1999.SPD,LAHV,Jan Mayen,1999_1260,1,1,TRUE,0,NA
1999,Svalbardtokt,SVA1999.SPD,LAHV,Jan Mayen,1999_1261,1,1,TRUE,0,NA
1999,Svalbardtokt,SVA1999.SPD,LAHV,Jan Mayen,1999_1262,1,1,TRUE,0,NA
1999,Svalbardtokt,SVA1999.SPD,LAHV,Jan Mayen,1999_1263,1,1,TRUE,0,NA
1999,Svalbardtokt,SVA1999.SPD,LAHV,Jan Mayen,1999_1264,1,1,TRUE,0,NA
1999,Svalbardtokt,SVA1999.SPD,LAHV,Jan Mayen,1999_1265,1,1,TRUE,0,NA
1999,Svalbardtokt,SVA1999.SPD,LAHV,Jan Mayen,1999_1266,1,1,TRUE,0,NA
1999,Svalbardtokt,SVA1999.SPD,LAHV,Jan Mayen,1999_1267,1,1,TRUE,0,NA
1999,Svalbardtokt,SVA1999.SPD,LAHV,Jan Mayen,1999_1268,1,1,TRUE,0,NA
1999,Svalbardtokt,SVA1999.SPD,LAHV,Jan Mayen,1999_1269,1,1,TRUE,0,NA
1999,Svalbardtokt,SVA1999.SPD,LAHV,Jan Mayen,1999_1270,1,1,TRUE,0,NA
1999,Svalbardtokt,SVA1999.SPD,LAHV,Jan Mayen,1999_1271,1,1,TRUE,0,NA
1999,Svalbardtokt,SVA1999.SPD,LAHV,Jan Mayen,1999_1272,1,1,TRUE,0,NA
1999,Svalbardtokt,SVA1999.SPD,LAHV,Jan Mayen,1999_1273,1,1,TRUE,0,NA
1999,Svalbardtokt,SVA1999.SPD,LAHV,Jan Mayen,1999_1274,1,1,TRUE,0,NA
1999,Svalbardtokt,SVA1999.SPD,LAHV,Jan Mayen,1999_1275,1,1,TRUE,0,NA
1999,Svalbardtokt,SVA1999.SPD,LAHV,Jan Mayen,1999_1276,1,1,TRUE,0,NA
1999,Svalbardtokt,SVA1999.SPD,LAHV,Jan Mayen,1999_1277,1,1,TRUE,0,NA
1999,Svalbardtokt,SVA1999.SPD,LAHV,Jan Mayen,1999_1278,1,1,TRUE,0,NA
1999,Svalbardtokt,SVA1999.SPD,LAHV,Jan Mayen,1999_1279,1,1,TRUE,0,NA
1999,Svalbardtokt,SVA1999.SPD,LAHV,Jan Mayen,1999_1280,1,1,TRUE,0,NA
1999,Svalbardtokt,SVA1999.SPD,LAHV,Jan Mayen,1999_1281,1,1,TRUE,0,NA
1999,Svalbardtokt,SVA1999.SPD,LAHV,Jan Mayen,1999_1282,1,1,TRUE,0,NA
1999,Svalbardtokt,SVA1999.SPD,LAHV,Jan Mayen,1999_1283,1,1,TRUE,0,NA
1999,Svalbardtokt,SVA1999.SPD,LAHV,Jan Mayen,1999_1284,1,1,TRUE,0,NA
1999,Svalbardtokt,SVA1999.SPD,LAHV,Jan Mayen,1999_1285,1,1,TRUE,0,NA
1999,Svalbardtokt,SVA1999.SPD,LAHV,Jan Mayen,1999_1286,1,1,TRUE,0,NA
1999,Svalbardtokt,SVA1999.SPD,LAHV,Jan Mayen,1999_1287,1,1,TRUE,0,NA
1999,Svalbardtokt,SVA1999.SPD,LAHV,Jan Mayen,1999_1288,1,1,TRUE,0,NA
1999,Svalbardtokt,SVA1999.SPD,LAHV,Jan Mayen,1999_1289,1,1,TRUE,0,NA
1999,Svalbardtokt,SVA1999.SPD,LAHV,Jan Mayen,1999_1290,1,1,TRUE,0,NA
1999,Svalbardtokt,SVA1999.SPD,LAHV,Jan Mayen,1999_1291,1,1,TRUE,0,NA
1999,Svalbardtokt,SVA1999.SPD,LAHV,Jan Mayen,1999_1292,1,1,TRUE,0,NA
1999,Svalbardtokt,SVA1999.SPD,LAHV,Jan Mayen,1999_1293,1,1,TRUE,0,NA
1999,Svalbardtokt,SVA1999.SPD,LAHV,Jan Mayen,1999_1294,1,1,TRUE,0,NA
1999,Svalbardtokt,SVA1999.SPD,LAHV,Jan Mayen,1999_1295,1,1,TRUE,0,NA
1999,Svalbardtokt,SVA1999.SPD,LAHV,Jan Mayen,1999_1296,1,1,TRUE,0,NA
1999,Svalbardtokt,SVA1999.SPD,LAHV,Jan Mayen,1999_1297,1,1,TRUE,0,NA
1999,Svalbardtokt,SVA1999.SPD,LAHV,Jan Mayen,1999_1298,1,1,TRUE,0,NA
1999,Svalbardtokt,SVA1999.SPD,LAHV,Jan Mayen,1999_1299,1,1,TRUE,0,NA
1999,Svalbardtokt,SVA1999.SPD,LAHV,Jan Mayen,1999_1300,1,1,TRUE,0,NA
1999,Svalbardtokt,SVA1999.SPD,LAHV,Jan Mayen,1999_1301,1,1,TRUE,0,NA
1999,Svalbardtokt,SVA1999.SPD,LAHV,Jan Mayen,1999_1302,1,1,TRUE,0,NA
1999,Svalbardtokt,SVA1999.SPD,LAHV,Jan Mayen,1999_1303,1,1,TRUE,0,NA
1999,Svalbardtokt,SVA1999.SPD,LAHV,Jan Mayen,1999_1304,1,1,TRUE,0,NA
1999,Svalbardtokt,SVA1999.SPD,LAHV,Jan Mayen,1999_1305,1,1,TRUE,0,NA
1999,Svalbardtokt,SVA1999.SPD,LAHV,Jan Mayen,1999_1306,1,1,TRUE,0,NA
1999,Svalbardtokt,SVA1999.SPD,LAHV,Jan Mayen,1999_1307,1,1,TRUE,0,NA
1999,Svalbardtokt,SVA1999.SPD,LAHV,Jan Mayen,1999_1308,1,1,TRUE,0,NA
1999,Svalbardtokt,SVA1999.SPD,LAHV,Jan Mayen,1999_1309,1,1,TRUE,0,NA
1999,Svalbardtokt,SVA1999.SPD,LAHV,Jan Mayen,1999_1310,1,1,TRUE,0,NA
1999,Svalbardtokt,SVA1999.SPD,LAHV,Jan Mayen,1999_1311,1,1,TRUE,0,NA
1999,Svalbardtokt,SVA1999.SPD,LAHV,Jan Mayen,1999_1312,1,1,TRUE,0,NA
1999,Svalbardtokt,SVA1999.SPD,LAHV,Jan Mayen,1999_1313,1,1,TRUE,0,NA
1999,Svalbardtokt,SVA1999.SPD,LAHV,Jan Mayen,1999_1314,1,1,TRUE,0,NA
1999,Svalbardtokt,SVA1999.SPD,LAHV,Jan Mayen,1999_1315,1,1,TRUE,0,NA
1999,Svalbardtokt,SVA1999.SPD,LAHV,Jan Mayen,1999_1316,1,1,TRUE,0,NA
1999,Svalbardtokt,SVA1999.SPD,LAHV,Jan Mayen,1999_1317,1,1,TRUE,0,NA
1999,Svalbardtokt,SVA1999.SPD,LAHV,Jan Mayen,1999_1318,1,1,TRUE,0,NA
1999,Svalbardtokt,SVA1999.SPD,LAHV,Jan Mayen,1999_1319,1,1,TRUE,0,NA
1999,Svalbardtokt,SVA1999.SPD,LAHV,Jan Mayen,1999_1320,1,1,TRUE,0,NA
1999,Svalbardtokt,SVA1999.SPD,LAHV,Jan Mayen,1999_1321,1,1,TRUE,0,NA
1999,Svalbardtokt,SVA1999.SPD,LAHV,Jan Mayen,1999_1322,1,1,TRUE,0,NA
1999,Svalbardtokt,SVA1999.SPD,LAHV,Jan Mayen,1999_1323,1,1,TRUE,0,NA
1999,Svalbardtokt,SVA1999.SPD,LAHV,Jan Mayen,1999_1324,1,1,TRUE,0,NA
1999,Svalbardtokt,SVA1999.SPD,LAHV,Jan Mayen,1999_1325,1,1,TRUE,0,NA
1999,Svalbardtokt,SVA1999.SPD,LAHV,Jan Mayen,1999_1326,1,1,TRUE,0,NA
1999,Svalbardtokt,SVA1999.SPD,LAHV,Jan Mayen,1999_1327,1,1,TRUE,0,NA
1999,Svalbardtokt,SVA1999.SPD,LAHV,Jan Mayen,1999_1328,1,1,TRUE,0,NA
1999,Svalbardtokt,SVA1999.SPD,LAHV,Jan Mayen,1999_1329,1,1,TRUE,0,NA
1999,Svalbardtokt,SVA1999.SPD,LAHV,Jan Mayen,1999_1330,1,1,TRUE,0,NA
1999,Svalbardtokt,SVA1999.SPD,LAHV,Jan Mayen,1999_1331,1,1,TRUE,0,NA
1999,Svalbardtokt,SVA1999.SPD,LAHV,Jan Mayen,1999_1332,1,1,TRUE,0,NA
1999,Svalbardtokt,SVA1999.SPD,LAHV,Jan Mayen,1999_1333,1,1,TRUE,0,NA
1999,Svalbardtokt,SVA1999.SPD,LAHV,Jan Mayen,1999_1334,1,1,TRUE,0,NA
1999,Svalbardtokt,SVA1999.SPD,LAHV,Jan Mayen,1999_1335,1,1,TRUE,0,NA
1999,Svalbardtokt,SVA1999.SPD,LAHV,Jan Mayen,1999_1336,1,1,TRUE,0,NA
1999,Svalbardtokt,SVA1999.SPD,LAHV,Jan Mayen,1999_1337,1,1,TRUE,0,NA
1999,Svalbardtokt,SVA1999.SPD,LAHV,Jan Mayen,1999_1338,1,1,TRUE,0,NA
1999,Svalbardtokt,SVA1999.SPD,LAHV,Jan Mayen,1999_1339,1,1,TRUE,0,NA
1999,Svalbardtokt,SVA1999.SPD,LAHV,Jan Mayen,1999_1340,1,1,TRUE,0,NA
1999,Svalbardtokt,SVA1999.SPD,LAHV,Jan Mayen,1999_1341,1,1,TRUE,0,NA
1999,Svalbardtokt,SVA1999.SPD,LAHV,Jan Mayen,1999_1342,1,1,TRUE,0,NA
1999,Svalbardtokt,SVA1999.SPD,LAHV,Jan Mayen,1999_1343,1,1,TRUE,0,NA
1999,Svalbardtokt,SVA1999.SPD,LAHV,Jan Mayen,1999_1344,1,1,TRUE,0,NA
1999,Svalbardtokt,SVA1999.SPD,LAHV,Jan Mayen,1999_1345,1,1,TRUE,0,NA
1999,Svalbardtokt,SVA1999.SPD,LAHV,Jan Mayen,1999_1346,1,1,TRUE,0,NA
1999,Svalbardtokt,SVA1999.SPD,LAHV,Jan Mayen,1999_1347,1,1,TRUE,0,NA
1999,Svalbardtokt,SVA1999.SPD,LAHV,Jan Mayen,1999_1348,1,1,TRUE,0,NA
1999,Svalbardtokt,SVA1999.SPD,LAHV,Jan Mayen,1999_1349,1,1,TRUE,0,NA
1999,Svalbardtokt,SVA1999.SPD,LAHV,Jan Mayen,1999_1350,1,1,TRUE,0,NA
1999,Svalbardtokt,SVA1999.SPD,LAHV,Jan Mayen,1999_1351,1,1,TRUE,0,NA
1999,Svalbardtokt,SVA1999.SPD,LAHV,Jan Mayen,1999_1352,1,1,TRUE,0,NA
1999,Svalbardtokt,SVA1999.SPD,LAHV,Jan Mayen,1999_1353,1,1,TRUE,0,NA
1999,Svalbardtokt,SVA1999.SPD,LAHV,Jan Mayen,1999_1354,1,1,TRUE,0,NA
1999,Svalbardtokt,SVA1999.SPD,LAHV,Jan Mayen,1999_1355,1,1,TRUE,0,NA
1999,Svalbardtokt,SVA1999.SPD,LAHV,Jan Mayen,1999_1356,1,1,TRUE,0,NA
1999,Svalbardtokt,SVA1999.SPD,LAHV,Jan Mayen,1999_1357,1,1,TRUE,0,NA
1999,Svalbardtokt,SVA1999.SPD,LAHV,Jan Mayen,1999_1358,1,1,TRUE,0,NA
1999,Svalbardtokt,SVA1999.SPD,LAHV,Jan Mayen,1999_1359,1,1,TRUE,0,NA
1999,Svalbardtokt,SVA1999.SPD,LAHV,Jan Mayen,1999_1360,1,1,TRUE,0,NA
1999,Svalbardtokt,SVA1999.SPD,LAHV,Jan Mayen,1999_1361,1,1,TRUE,0,NA
1999,Svalbardtokt,SVA1999.SPD,LAHV,Jan Mayen,1999_1362,1,1,TRUE,0,NA
1999,Svalbardtokt,SVA1999.SPD,LAHV,Jan Mayen,1999_1363,1,1,TRUE,0,NA
1999,Svalbardtokt,SVA1999.SPD,LAHV,Jan Mayen,1999_1364,1,1,TRUE,0,NA
1999,Svalbardtokt,SVA1999.SPD,LAHV,Jan Mayen,1999_1365,1,1,TRUE,0,NA
1999,Svalbardtokt,SVA1999.SPD,LAHV,Jan Mayen,1999_1366,1,1,TRUE,0,NA
1999,Svalbardtokt,SVA1999.SPD,LAHV,Jan Mayen,1999_1367,1,1,TRUE,0,NA
1999,Svalbardtokt,SVA1999.SPD,LAHV,Jan Mayen,1999_1368,1,1,TRUE,0,NA
1999,Svalbardtokt,SVA1999.SPD,LAHV,Jan Mayen,1999_1369,1,1,TRUE,0,NA
1999,Svalbardtokt,SVA1999.SPD,LAHV,Jan Mayen,1999_1370,1,1,TRUE,0,NA
1999,Svalbardtokt,SVA1999.SPD,LAHV,Jan Mayen,1999_1371,1,1,TRUE,0,NA
1999,Svalbardtokt,SVA1999.SPD,LAHV,Jan Mayen,1999_1372,1,1,TRUE,0,NA
1999,Svalbardtokt,SVA1999.SPD,LAHV,Jan Mayen,1999_1373,1,1,TRUE,0,NA
1999,Svalbardtokt,SVA1999.SPD,LAHV,Jan Mayen,1999_1374,1,1,TRUE,0,NA
1999,Svalbardtokt,SVA1999.SPD,LAHV,Jan Mayen,1999_1375,1,1,TRUE,0,NA
1999,Svalbardtokt,SVA1999.SPD,LAHV,Jan Mayen,1999_1376,1,1,TRUE,0,NA
1999,Svalbardtokt,SVA1999.SPD,LAHV,Jan Mayen,1999_1377,1,1,TRUE,0,NA
1999,Svalbardtokt,SVA1999.SPD,LAHV,Jan Mayen,1999_1378,1,1,TRUE,0,NA
1999,Svalbardtokt,SVA1999.SPD,LAHV,Jan Mayen,1999_1379,1,1,TRUE,0,NA
1999,Svalbardtokt,SVA1999.SPD,LAHV,Jan Mayen,1999_1380,1,1,TRUE,0,NA
1999,Svalbardtokt,SVA1999.SPD,LAHV,Jan Mayen,1999_1381,1,1,TRUE,0,NA
1999,Svalbardtokt,SVA1999.SPD,LAHV,Jan Mayen,1999_1382,1,1,TRUE,0,NA
1999,Svalbardtokt,SVA1999.SPD,LAHV,Jan Mayen,1999_1383,1,1,TRUE,0,NA
1999,Svalbardtokt,SVA1999.SPD,LAHV,Jan Mayen,1999_1384,1,1,TRUE,0,NA
1999,Svalbardtokt,SVA1999.SPD,LAHV,Jan Mayen,1999_1385,1,1,TRUE,0,NA
1999,Svalbardtokt,SVA1999.SPD,LAHV,Jan Mayen,1999_1386,1,1,TRUE,0,NA
1999,Svalbardtokt,SVA1999.SPD,LAHV,Jan Mayen,1999_1387,1,1,TRUE,0,NA
1999,Svalbardtokt,SVA1999.SPD,LAHV,Jan Mayen,1999_1388,1,1,TRUE,0,NA
1999,Svalbardtokt,SVA1999.SPD,LAHV,Jan Mayen,1999_1389,1,1,TRUE,0,NA
1999,Svalbardtokt,SVA1999.SPD,LAHV,Jan Mayen,1999_1390,1,1,TRUE,0,NA
1999,Svalbardtokt,SVA1999.SPD,LAHV,Jan Mayen,1999_1391,1,1,TRUE,0,NA
1999,Svalbardtokt,SVA1999.SPD,LAHV,Jan Mayen,1999_1392,1,1,TRUE,0,NA
1999,Svalbardtokt,SVA1999.SPD,LAHV,Jan Mayen,1999_1393,1,1,TRUE,0,NA
1999,Svalbardtokt,SVA1999.SPD,LAHV,Jan Mayen,1999_1394,1,1,TRUE,0,NA
1999,Svalbardtokt,SVA1999.SPD,LAHV,Jan Mayen,1999_1395,1,1,TRUE,0,NA
1999,Svalbardtokt,SVA1999.SPD,LAHV,Jan Mayen,1999_1396,1,1,TRUE,0,NA
1999,Svalbardtokt,SVA1999.SPD,LAHV,Jan Mayen,1999_1397,1,1,TRUE,0,NA
1999,Svalbardtokt,SVA1999.SPD,LAHV,Jan Mayen,1999_1398,1,1,TRUE,0,NA
1999,Svalbardtokt,SVA1999.SPD,LAHV,Jan Mayen,1999_1399,1,1,TRUE,0,NA
1999,Svalbardtokt,SVA1999.SPD,LAHV,Jan Mayen,1999_1400,1,1,TRUE,0,NA
1999,Svalbardtokt,SVA1999.SPD,LAHV,Jan Mayen,1999_1401,1,1,TRUE,0,NA
1999,Svalbardtokt,SVA1999.SPD,LAHV,Jan Mayen,1999_1402,1,1,TRUE,0,NA
1999,Svalbardtokt,SVA1999.SPD,LAHV,Jan Mayen,1999_1403,1,1,TRUE,0,NA
1999,Svalbardtokt,SVA1999.SPD,LAHV,Jan Mayen,1999_1404,1,1,TRUE,0,NA
1999,Svalbardtokt,SVA1999.SPD,LAHV,Jan Mayen,1999_1405,1,1,TRUE,0,NA
1999,Svalbardtokt,SVA1999.SPD,LAHV,Jan Mayen,1999_1406,1,1,TRUE,0,NA
1999,Svalbardtokt,SVA1999.SPD,LAHV,Jan Mayen,1999_1407,1,1,TRUE,0,NA
1999,Svalbardtokt,SVA1999.SPD,LAHV,Jan Mayen,1999_1408,1,1,TRUE,0,NA
1999,Svalbardtokt,SVA1999.SPD,LAHV,Jan Mayen,1999_1409,1,1,TRUE,0,NA
1999,Svalbardtokt,SVA1999.SPD,LAHV,Jan Mayen,1999_1410,1,1,TRUE,0,NA
1999,Svalbardtokt,SVA1999.SPD,LAHV,Jan Mayen,1999_1411,1,1,TRUE,0,NA
1999,Svalbardtokt,SVA1999.SPD,LAHV,Jan Mayen,1999_1412,1,1,TRUE,0,NA
1999,Svalbardtokt,SVA1999.SPD,LAHV,Jan Mayen,1999_1413,1,1,TRUE,0,NA
1999,Svalbardtokt,SVA1999.SPD,LAHV,Jan Mayen,1999_1414,1,1,TRUE,0,NA
1999,Svalbardtokt,SVA1999.SPD,LAHV,Jan Mayen,1999_1415,1,1,TRUE,0,NA
1999,Svalbardtokt,SVA1999.SPD,LAHV,Jan Mayen,1999_1416,1,1,TRUE,0,NA
1999,Svalbardtokt,SVA1999.SPD,LAHV,Jan Mayen,1999_1417,1,1,TRUE,0,NA
1999,Svalbardtokt,SVA1999.SPD,LAHV,Jan Mayen,1999_1418,1,1,TRUE,0,NA
1999,Svalbardtokt,SVA1999.SPD,LAHV,Jan Mayen,1999_1419,1,1,TRUE,0,NA
1999,Svalbardtokt,SVA1999.SPD,LAHV,Jan Mayen,1999_1420,1,1,TRUE,0,NA
1999,Svalbardtokt,SVA1999.SPD,LAHV,Jan Mayen,1999_1421,1,1,TRUE,0,NA
1999,Svalbardtokt,SVA1999.SPD,LAHV,Jan Mayen,1999_1422,1,1,TRUE,0,NA
1999,Svalbardtokt,SVA1999.SPD,LAHV,Jan Mayen,1999_1423,1,1,TRUE,0,NA
1999,Svalbardtokt,SVA1999.SPD,LAHV,Jan Mayen,1999_1424,1,1,TRUE,0,NA
1999,Svalbardtokt,SVA1999.SPD,LAHV,Jan Mayen,1999_1425,1,1,TRUE,0,NA
1999,Svalbardtokt,SVA1999.SPD,LAHV,Jan Mayen,1999_1426,1,1,TRUE,0,NA
1999,Svalbardtokt,SVA1999.SPD,LAHV,Jan Mayen,1999_1427,1,1,TRUE,0,NA
1999,Svalbardtokt,SVA1999.SPD,LAHV,Jan Mayen,1999_1428,1,1,TRUE,0,NA
1999,Svalbardtokt,SVA1999.SPD,LAHV,Jan Mayen,1999_1429,1,1,TRUE,0,NA
1999,Svalbardtokt,SVA1999.SPD,LAHV,Jan Mayen,1999_1430,1,1,TRUE,0,NA
1999,Svalbardtokt,SVA1999.SPD,LAHV,Jan Mayen,1999_1431,1,1,TRUE,0,NA
1999,Svalbardtokt,SVA1999.SPD,LAHV,Jan Mayen,1999_1432,1,1,TRUE,0,NA
1999,Svalbardtokt,SVA1999.SPD,LAHV,Jan Mayen,1999_1433,1,1,TRUE,0,NA
1999,Svalbardtokt,SVA1999.SPD,LAHV,Jan Mayen,1999_1434,1,1,TRUE,0,NA
1999,Svalbardtokt,SVA1999.SPD,LAHV,Jan Mayen,1999_1435,1,1,TRUE,0,NA
1999,Svalbardtokt,SVA1999.SPD,LAHV,Jan Mayen,1999_1436,1,1,TRUE,0,NA
1999,Svalbardtokt,SVA1999.SPD,LAHV,Jan Mayen,1999_1437,1,1,TRUE,0,NA
1999,Svalbardtokt,SVA1999.SPD,LAHV,Jan Mayen,1999_1438,1,1,TRUE,0,NA
1999,Svalbardtokt,SVA1999.SPD,LAHV,Jan Mayen,1999_1439,1,1,TRUE,0,NA
1999,Svalbardtokt,SVA1999.SPD,LAHV,Jan Mayen,1999_1440,1,1,TRUE,0,NA
1999,Svalbardtokt,SVA1999.SPD,LAHV,Jan Mayen,1999_1441,1,1,TRUE,0,NA
1999,Svalbardtokt,SVA1999.SPD,LAHV,Jan Mayen,1999_1442,1,1,TRUE,0,NA
1999,Svalbardtokt,SVA1999.SPD,LAHV,Jan Mayen,1999_1443,1,1,TRUE,0,NA
1999,Svalbardtokt,SVA1999.SPD,LAHV,Jan Mayen,1999_1444,1,1,TRUE,0,NA
1999,Svalbardtokt,SVA1999.SPD,LAHV,Jan Mayen,1999_1445,1,1,TRUE,0,NA
1999,Svalbardtokt,SVA1999.SPD,LAHV,Jan Mayen,1999_1446,1,1,TRUE,0,NA
1999,Svalbardtokt,SVA1999.SPD,LAHV,Jan Mayen,1999_1447,1,1,TRUE,0,NA
1999,Svalbardtokt,SVA1999.SPD,LAHV,Jan Mayen,1999_1448,1,1,TRUE,0,NA
1999,Svalbardtokt,SVA1999.SPD,LAHV,Jan Mayen,1999_1449,1,1,TRUE,0,NA
1999,Svalbardtokt,SVA1999.SPD,LAHV,Jan Mayen,1999_1450,1,1,TRUE,0,NA
1999,Svalbardtokt,SVA1999.SPD,LAHV,Jan Mayen,1999_1451,1,1,TRUE,0,NA
1999,Svalbardtokt,SVA1999.SPD,LAHV,Jan Mayen,1999_1452,1,1,TRUE,0,NA
1999,Svalbardtokt,SVA1999.SPD,LAHV,Jan Mayen,1999_1453,1,1,TRUE,0,NA
1999,Svalbardtokt,SVA1999.SPD,LAHV,Jan Mayen,1999_1454,1,1,TRUE,0,NA
1999,Svalbardtokt,SVA1999.SPD,LAHV,Jan Mayen,1999_1455,1,1,TRUE,0,NA
1999,Svalbardtokt,SVA1999.SPD,LAHV,Jan Mayen,1999_1456,1,1,TRUE,0,NA
1999,Svalbardtokt,SVA1999.SPD,LAHV,Jan Mayen,1999_1457,1,1,TRUE,0,NA
1999,Svalbardtokt,SVA1999.SPD,LAHV,Jan Mayen,1999_1458,1,1,TRUE,0,NA
1999,Svalbardtokt,SVA1999.SPD,LAHV,Jan Mayen,1999_1459,1,1,TRUE,0,NA
1999,Svalbardtokt,SVA1999.SPD,LAHV,Jan Mayen,1999_1460,1,1,TRUE,0,NA
1999,Svalbardtokt,SVA1999.SPD,LAHV,Jan Mayen,1999_1461,1,1,TRUE,0,NA
1999,Svalbardtokt,SVA1999.SPD,LAHV,Jan Mayen,1999_1462,1,1,TRUE,0,NA
1999,Svalbardtokt,SVA1999.SPD,LAHV,Jan Mayen,1999_1463,1,1,TRUE,0,NA
1999,Svalbardtokt,SVA1999.SPD,LAHV,Jan Mayen,1999_1464,1,1,TRUE,0,NA
1999,Svalbardtokt,SVA1999.SPD,LAHV,Jan Mayen,1999_1465,1,1,TRUE,0,NA
1999,Svalbardtokt,SVA1999.SPD,LAHV,Jan Mayen,1999_1466,1,1,TRUE,0,NA
1999,Svalbardtokt,SVA1999.SPD,LAHV,Jan Mayen,1999_1467,1,1,TRUE,0,NA
1999,Svalbardtokt,SVA1999.SPD,LAHV,Jan Mayen,1999_1468,1,1,TRUE,0,NA
1999,Svalbardtokt,SVA1999.SPD,LAHV,Jan Mayen,1999_1469,1,1,TRUE,0,NA
1999,Svalbardtokt,SVA1999.SPD,LAHV,Jan Mayen,1999_1470,1,1,TRUE,0,NA
1999,Svalbardtokt,SVA1999.SPD,LAHV,Jan Mayen,1999_1471,1,1,TRUE,0,NA
1999,Svalbardtokt,SVA1999.SPD,LAHV,Jan Mayen,1999_1472,1,1,TRUE,0,NA
1999,Svalbardtokt,SVA1999.SPD,LAHV,Jan Mayen,1999_1473,1,1,TRUE,0,NA
1999,Svalbardtokt,SVA1999.SPD,LAHV,Jan Mayen,1999_1474,1,1,TRUE,0,NA
1999,Svalbardtokt,SVA1999.SPD,LAHV,Jan Mayen,1999_1475,1,1,TRUE,0,NA
1999,Svalbardtokt,SVA1999.SPD,LAHV,Jan Mayen,1999_1476,1,1,TRUE,0,NA
1999,Svalbardtokt,SVA1999.SPD,LAHV,Jan Mayen,1999_1477,1,1,TRUE,0,NA
1999,Svalbardtokt,SVA1999.SPD,LAHV,Jan Mayen,1999_1478,1,1,TRUE,0,NA
1999,Svalbardtokt,SVA1999.SPD,LAHV,Jan Mayen,1999_1479,1,1,TRUE,0,NA
1999,Svalbardtokt,SVA1999.SPD,LAHV,Jan Mayen,1999_1480,1,1,TRUE,0,NA
1999,Svalbardtokt,SVA1999.SPD,LAHV,Jan Mayen,1999_1481,1,1,TRUE,0,NA
1999,Svalbardtokt,SVA1999.SPD,LAHV,Jan Mayen,1999_1482,1,1,TRUE,0,NA
1999,Svalbardtokt,SVA1999.SPD,LAHV,Jan Mayen,1999_1483,1,1,TRUE,0,NA
1999,Svalbardtokt,SVA1999.SPD,LAHV,Jan Mayen,1999_1484,1,1,TRUE,0,NA
1999,Svalbardtokt,SVA1999.SPD,LAHV,Jan Mayen,1999_1485,1,1,TRUE,0,NA
1999,Svalbardtokt,SVA1999.SPD,LAHV,Jan Mayen,1999_1486,1,1,TRUE,0,NA
1999,Svalbardtokt,SVA1999.SPD,LAHV,Jan Mayen,1999_1487,1,1,TRUE,0,NA
1999,Svalbardtokt,SVA1999.SPD,LAHV,Jan Mayen,1999_1488,1,1,TRUE,0,NA
1999,Svalbardtokt,SVA1999.SPD,LAHV,Jan Mayen,1999_1489,1,1,TRUE,0,NA
1999,Svalbardtokt,SVA1999.SPD,LAHV,Jan Mayen,1999_1490,1,1,TRUE,0,NA
1999,Svalbardtokt,SVA1999.SPD,LAHV,Jan Mayen,1999_1491,1,1,TRUE,0,NA
1999,Svalbardtokt,SVA1999.SPD,LAHV,Jan Mayen,1999_1492,1,1,TRUE,0,NA
1999,Svalbardtokt,SVA1999.SPD,LAHV,Jan Mayen,1999_1493,1,1,TRUE,0,NA
1999,Svalbardtokt,SVA1999.SPD,LAHV,Jan Mayen,1999_1494,1,1,TRUE,0,NA
1999,Svalbardtokt,SVA1999.SPD,LAHV,Jan Mayen,1999_1495,1,1,TRUE,0,NA
1999,Svalbardtokt,SVA1999.SPD,LAHV,Jan Mayen,1999_1496,1,1,TRUE,0,NA
1999,WinterS,1999002,LLZG,G.O.Sars,1999_6,115,345,FALSE,1,Russian EEZ
1999,WinterS,1999203,LDGJ,Johan Hjort,1999_10,105,315,FALSE,1,Russian EEZ
2000,BHtokt,Bar2000.txt,LAHV,Jan Mayen,2000_1020,1,1,TRUE,0,NA
2000,BHtokt,Bar2000.txt,LAHV,Jan Mayen,2000_1021,1,1,TRUE,0,NA
2000,BHtokt,Bar2000.txt,LAHV,Jan Mayen,2000_1022,1,1,TRUE,0,NA
2000,BHtokt,Bar2000.txt,LAHV,Jan Mayen,2000_1023,1,1,TRUE,0,NA
2000,BHtokt,Bar2000.txt,LAHV,Jan Mayen,2000_1024,1,1,TRUE,0,NA
2000,BHtokt,Bar2000.txt,LAHV,Jan Mayen,2000_1025,1,1,TRUE,0,NA
2000,BHtokt,Bar2000.txt,LAHV,Jan Mayen,2000_1026,1,1,TRUE,0,NA
2000,BHtokt,Bar2000.txt,LAHV,Jan Mayen,2000_1027,1,1,TRUE,0,NA
2000,BHtokt,Bar2000.txt,LAHV,Jan Mayen,2000_1028,1,1,TRUE,0,NA
2000,BHtokt,Bar2000.txt,LAHV,Jan Mayen,2000_1029,1,1,TRUE,0,NA
2000,BHtokt,Bar2000.txt,LAHV,Jan Mayen,2000_1030,1,1,TRUE,0,NA
2000,BHtokt,Bar2000.txt,LAHV,Jan Mayen,2000_1031,1,1,TRUE,0,NA
2000,BHtokt,Bar2000.txt,LAHV,Jan Mayen,2000_1032,1,1,TRUE,0,NA
2000,BHtokt,Bar2000.txt,LAHV,Jan Mayen,2000_1033,1,1,TRUE,0,NA
2000,BHtokt,Bar2000.txt,LAHV,Jan Mayen,2000_1034,1,1,TRUE,0,NA
2000,BHtokt,Bar2000.txt,LAHV,Jan Mayen,2000_1035,1,1,TRUE,0,NA
2000,BHtokt,Bar2000.txt,LAHV,Jan Mayen,2000_1036,1,1,TRUE,0,NA
2000,BHtokt,Bar2000.txt,LAHV,Jan Mayen,2000_1037,1,1,TRUE,0,NA
2000,BHtokt,Bar2000.txt,LAHV,Jan Mayen,2000_1038,1,1,TRUE,0,NA
2000,BHtokt,Bar2000.txt,LAHV,Jan Mayen,2000_1039,1,1,TRUE,0,NA
2000,BHtokt,Bar2000.txt,LAHV,Jan Mayen,2000_1040,1,1,TRUE,0,NA
2000,BHtokt,Bar2000.txt,LAHV,Jan Mayen,2000_1041,1,1,TRUE,0,NA
2000,BHtokt,Bar2000.txt,LAHV,Jan Mayen,2000_1042,1,1,TRUE,0,NA
2000,BHtokt,Bar2000.txt,LAHV,Jan Mayen,2000_1043,1,1,TRUE,0,NA
2000,BHtokt,Bar2000.txt,LAHV,Jan Mayen,2000_1044,1,1,TRUE,0,NA
2000,BHtokt,Bar2000.txt,LAHV,Jan Mayen,2000_1045,1,1,TRUE,0,NA
2000,BHtokt,Bar2000.txt,LAHV,Jan Mayen,2000_1046,1,1,TRUE,0,NA
2000,BHtokt,Bar2000.txt,LAHV,Jan Mayen,2000_1047,1,1,TRUE,0,NA
2000,BHtokt,Bar2000.txt,LAHV,Jan Mayen,2000_1048,1,1,TRUE,0,NA
2000,BHtokt,Bar2000.txt,LAHV,Jan Mayen,2000_1049,1,1,TRUE,0,NA
2000,BHtokt,Bar2000.txt,LAHV,Jan Mayen,2000_1050,1,1,TRUE,0,NA
2000,BHtokt,Bar2000.txt,LAHV,Jan Mayen,2000_1051,1,1,TRUE,0,NA
2000,BHtokt,Bar2000.txt,LAHV,Jan Mayen,2000_1052,1,1,TRUE,0,NA
2000,BHtokt,Bar2000.txt,LAHV,Jan Mayen,2000_1053,1,1,TRUE,0,NA
2000,BHtokt,Bar2000.txt,LAHV,Jan Mayen,2000_1054,1,1,TRUE,0,NA
2000,BHtokt,Bar2000.txt,LAHV,Jan Mayen,2000_1055,1,1,TRUE,0,NA
2000,BHtokt,Bar2000.txt,LAHV,Jan Mayen,2000_1056,1,1,TRUE,0,NA
2000,BHtokt,Bar2000.txt,LAHV,Jan Mayen,2000_1057,1,1,TRUE,0,NA
2000,BHtokt,Bar2000.txt,LAHV,Jan Mayen,2000_1058,1,1,TRUE,0,NA
2000,BHtokt,Bar2000.txt,LAHV,Jan Mayen,2000_1059,1,1,TRUE,0,NA
2000,BHtokt,Bar2000.txt,LAHV,Jan Mayen,2000_1060,1,1,TRUE,0,NA
2000,BHtokt,Bar2000.txt,LAHV,Jan Mayen,2000_1061,1,1,TRUE,0,NA
2000,BHtokt,Bar2000.txt,LAHV,Jan Mayen,2000_1062,1,1,TRUE,0,NA
2000,BHtokt,Bar2000.txt,LAHV,Jan Mayen,2000_1063,1,1,TRUE,0,NA
2000,BHtokt,Bar2000.txt,LAHV,Jan Mayen,2000_1064,1,1,FALSE,1,Russian EEZ
2000,BHtokt,Bar2000.txt,LAHV,Jan Mayen,2000_1065,1,1,FALSE,1,Russian EEZ
2000,BHtokt,Bar2000.txt,LAHV,Jan Mayen,2000_1066,1,1,TRUE,0,NA
2000,BHtokt,Bar2000.txt,LAHV,Jan Mayen,2000_1067,1,1,TRUE,0,NA
2000,BHtokt,Bar2000.txt,LAHV,Jan Mayen,2000_1068,1,1,TRUE,0,NA
2000,BHtokt,Bar2000.txt,LAHV,Jan Mayen,2000_1069,1,1,TRUE,0,NA
2000,BHtokt,Bar2000.txt,LAHV,Jan Mayen,2000_1070,1,1,TRUE,0,NA
2000,BHtokt,Bar2000.txt,LAHV,Jan Mayen,2000_1071,1,1,TRUE,0,NA
2000,BHtokt,Bar2000.txt,LAHV,Jan Mayen,2000_1072,1,1,TRUE,0,NA
2000,BHtokt,Bar2000.txt,LAHV,Jan Mayen,2000_1073,1,1,TRUE,0,NA
2000,BHtokt,Bar2000.txt,LAHV,Jan Mayen,2000_1074,1,1,TRUE,0,NA
2000,BHtokt,Bar2000.txt,LAHV,Jan Mayen,2000_1075,1,1,TRUE,0,NA
2000,BHtokt,Bar2000.txt,LAHV,Jan Mayen,2000_1076,1,1,TRUE,0,NA
2000,BHtokt,Bar2000.txt,LAHV,Jan Mayen,2000_1077,1,1,TRUE,0,NA
2000,BHtokt,Bar2000.txt,LAHV,Jan Mayen,2000_1078,1,1,TRUE,0,NA
2000,BHtokt,Bar2000.txt,LAHV,Jan Mayen,2000_1079,1,1,TRUE,0,NA
2000,BHtokt,Bar2000.txt,LAHV,Jan Mayen,2000_1080,1,1,TRUE,0,NA
2000,BHtokt,Bar2000.txt,LAHV,Jan Mayen,2000_1081,1,1,TRUE,0,NA
2000,BHtokt,Bar2000.txt,LAHV,Jan Mayen,2000_1082,1,1,TRUE,0,NA
2000,BHtokt,Bar2000.txt,LAHV,Jan Mayen,2000_1083,1,1,TRUE,0,NA
2000,BHtokt,Bar2000.txt,LAHV,Jan Mayen,2000_1084,1,1,TRUE,0,NA
2000,BHtokt,Bar2000.txt,LAHV,Jan Mayen,2000_1085,1,1,TRUE,0,NA
2000,BHtokt,Bar2000.txt,LAHV,Jan Mayen,2000_1086,1,1,TRUE,0,NA
2000,BHtokt,Bar2000.txt,LAHV,Jan Mayen,2000_1087,1,1,TRUE,0,NA
2000,BHtokt,Bar2000.txt,LAHV,Jan Mayen,2000_1088,1,1,TRUE,0,NA
2000,BHtokt,Bar2000.txt,LAHV,Jan Mayen,2000_1089,1,1,TRUE,0,NA
2000,BHtokt,Bar2000.txt,LAHV,Jan Mayen,2000_1090,1,1,TRUE,0,NA
2000,BHtokt,Bar2000.txt,LAHV,Jan Mayen,2000_1091,1,1,TRUE,0,NA
2000,BHtokt,Bar2000.txt,LAHV,Jan Mayen,2000_1092,1,1,TRUE,0,NA
2000,BHtokt,Bar2000.txt,LAHV,Jan Mayen,2000_1093,1,1,TRUE,0,NA
2000,BHtokt,Bar2000.txt,LAHV,Jan Mayen,2000_1094,1,1,TRUE,0,NA
2000,BHtokt,Bar2000.txt,LAHV,Jan Mayen,2000_1095,1,1,TRUE,0,NA
2000,BHtokt,Bar2000.txt,LAHV,Jan Mayen,2000_1096,1,1,TRUE,0,NA
2000,BHtokt,Bar2000.txt,LAHV,Jan Mayen,2000_1097,1,1,TRUE,0,NA
2000,BHtokt,Bar2000.txt,LAHV,Jan Mayen,2000_1098,1,1,TRUE,0,NA
2000,BHtokt,Bar2000.txt,LAHV,Jan Mayen,2000_1099,1,1,TRUE,0,NA
2000,BHtokt,Bar2000.txt,LAHV,Jan Mayen,2000_1100,1,1,TRUE,0,NA
2000,BHtokt,Bar2000.txt,LAHV,Jan Mayen,2000_1101,1,1,TRUE,0,NA
2000,BHtokt,Bar2000.txt,LAHV,Jan Mayen,2000_1102,1,1,TRUE,0,NA
2000,BHtokt,Bar2000.txt,LAHV,Jan Mayen,2000_1103,1,1,TRUE,0,NA
2000,BHtokt,Bar2000.txt,LAHV,Jan Mayen,2000_1104,1,1,TRUE,0,NA
2000,BHtokt,Bar2000.txt,LAHV,Jan Mayen,2000_1105,1,1,TRUE,0,NA
2000,BHtokt,Bar2000.txt,LAHV,Jan Mayen,2000_1106,1,1,TRUE,0,NA
2000,BHtokt,Bar2000.txt,LAHV,Jan Mayen,2000_1107,1,1,TRUE,0,NA
2000,BHtokt,Bar2000.txt,LAHV,Jan Mayen,2000_1108,1,1,TRUE,0,NA
2000,BHtokt,Bar2000.txt,LAHV,Jan Mayen,2000_1109,1,1,TRUE,0,NA
2000,BHtokt,Bar2000.txt,LAHV,Jan Mayen,2000_1110,1,1,TRUE,0,NA
2000,BHtokt,Bar2000.txt,LAHV,Jan Mayen,2000_1111,1,1,TRUE,0,NA
2000,BHtokt,Bar2000.txt,LAHV,Jan Mayen,2000_1112,1,1,TRUE,0,NA
2000,BHtokt,Bar2000.txt,LAHV,Jan Mayen,2000_1113,1,1,TRUE,0,NA
2000,BHtokt,Bar2000.txt,LAHV,Jan Mayen,2000_1114,1,1,TRUE,0,NA
2000,BHtokt,Bar2000.txt,LAHV,Jan Mayen,2000_1115,1,1,TRUE,0,NA
2000,BHtokt,Bar2000.txt,LAHV,Jan Mayen,2000_1116,1,1,TRUE,0,NA
2000,BHtokt,Bar2000.txt,LAHV,Jan Mayen,2000_1117,1,1,TRUE,0,NA
2000,BHtokt,Bar2000.txt,LAHV,Jan Mayen,2000_1118,1,1,TRUE,0,NA
2000,BHtokt,Bar2000.txt,LAHV,Jan Mayen,2000_1119,1,1,TRUE,0,NA
2000,BHtokt,Bar2000.txt,LAHV,Jan Mayen,2000_1120,1,1,TRUE,0,NA
2000,BHtokt,Bar2000.txt,LAHV,Jan Mayen,2000_1121,1,1,TRUE,0,NA
2000,BHtokt,Bar2000.txt,LAHV,Jan Mayen,2000_1122,1,1,TRUE,0,NA
2000,BHtokt,Bar2000.txt,LAHV,Jan Mayen,2000_1123,1,1,TRUE,0,NA
2000,BHtokt,Bar2000.txt,LAHV,Jan Mayen,2000_1124,1,1,TRUE,0,NA
2000,BHtokt,Bar2000.txt,LAHV,Jan Mayen,2000_1125,1,1,TRUE,0,NA
2000,BHtokt,Bar2000.txt,LAHV,Jan Mayen,2000_1126,1,1,TRUE,0,NA
2000,BHtokt,Bar2000.txt,LAHV,Jan Mayen,2000_1127,1,1,TRUE,0,NA
2000,BHtokt,Bar2000.txt,LAHV,Jan Mayen,2000_1128,1,1,TRUE,0,NA
2000,BHtokt,Bar2000.txt,LAHV,Jan Mayen,2000_1129,1,1,TRUE,0,NA
2000,BHtokt,Bar2000.txt,LAHV,Jan Mayen,2000_1130,1,1,TRUE,0,NA
2000,BHtokt,Bar2000.txt,LAHV,Jan Mayen,2000_1131,1,1,TRUE,0,NA
2000,BHtokt,Bar2000.txt,LAHV,Jan Mayen,2000_1132,1,1,TRUE,0,NA
2000,BHtokt,Bar2000.txt,LAHV,Jan Mayen,2000_1133,1,1,TRUE,0,NA
2000,BHtokt,Bar2000.txt,LAHV,Jan Mayen,2000_1134,1,1,TRUE,0,NA
2000,BHtokt,Bar2000.txt,LAHV,Jan Mayen,2000_1135,1,1,TRUE,0,NA
2000,BHtokt,Bar2000.txt,LAHV,Jan Mayen,2000_1136,1,1,TRUE,0,NA
2000,BHtokt,Bar2000.txt,LAHV,Jan Mayen,2000_1137,1,1,TRUE,0,NA
2000,BHtokt,Bar2000.txt,LAHV,Jan Mayen,2000_1138,1,1,TRUE,0,NA
2000,BHtokt,Bar2000.txt,LAHV,Jan Mayen,2000_1139,1,1,TRUE,0,NA
2000,BHtokt,Bar2000.txt,LAHV,Jan Mayen,2000_1140,1,1,TRUE,0,NA
2000,BHtokt,Bar2000.txt,LAHV,Jan Mayen,2000_1141,1,1,TRUE,0,NA
2000,BHtokt,Bar2000.txt,LAHV,Jan Mayen,2000_1142,1,1,TRUE,0,NA
2000,BHtokt,Bar2000.txt,LAHV,Jan Mayen,2000_1143,1,1,TRUE,0,NA
2000,BHtokt,Bar2000.txt,LAHV,Jan Mayen,2000_1144,1,1,TRUE,0,NA
2000,BHtokt,Bar2000.txt,LAHV,Jan Mayen,2000_1145,1,1,TRUE,0,NA
2000,BHtokt,Bar2000.txt,LAHV,Jan Mayen,2000_1146,1,1,TRUE,0,NA
2000,BHtokt,Bar2000.txt,LAHV,Jan Mayen,2000_1147,1,1,TRUE,0,NA
2000,BHtokt,Bar2000.txt,LAHV,Jan Mayen,2000_1148,1,1,TRUE,0,NA
2000,BHtokt,Bar2000.txt,LAHV,Jan Mayen,2000_1149,1,1,TRUE,0,NA
2000,BHtokt,Bar2000.txt,LAHV,Jan Mayen,2000_1150,1,1,TRUE,0,NA
2000,BHtokt,Bar2000.txt,LAHV,Jan Mayen,2000_1151,1,1,TRUE,0,NA
2000,BHtokt,Bar2000.txt,LAHV,Jan Mayen,2000_1152,1,1,TRUE,0,NA
2000,BHtokt,Bar2000.txt,LAHV,Jan Mayen,2000_1153,1,1,TRUE,0,NA
2000,BHtokt,Bar2000.txt,LAHV,Jan Mayen,2000_1154,1,1,TRUE,0,NA
2000,BHtokt,Bar2000.txt,LAHV,Jan Mayen,2000_1155,1,1,TRUE,0,NA
2000,BHtokt,Bar2000.txt,LAHV,Jan Mayen,2000_1156,1,1,TRUE,0,NA
2000,BHtokt,Bar2000.txt,LAHV,Jan Mayen,2000_1157,1,1,TRUE,0,NA
2000,BHtokt,Bar2000.txt,LAHV,Jan Mayen,2000_1158,1,1,TRUE,0,NA
2000,BHtokt,Bar2000.txt,LAHV,Jan Mayen,2000_1159,1,1,TRUE,0,NA
2000,BHtokt,Bar2000.txt,LAHV,Jan Mayen,2000_1160,1,1,TRUE,0,NA
2000,BHtokt,Bar2000.txt,LAHV,Jan Mayen,2000_1161,1,1,TRUE,0,NA
2000,BHtokt,Bar2000.txt,LAHV,Jan Mayen,2000_1162,1,1,TRUE,0,NA
2000,BHtokt,Bar2000.txt,LAHV,Jan Mayen,2000_1163,1,1,TRUE,0,NA
2000,BHtokt,Bar2000.txt,LAHV,Jan Mayen,2000_1164,1,1,TRUE,0,NA
2000,BHtokt,Bar2000.txt,LAHV,Jan Mayen,2000_1165,1,1,TRUE,0,NA
2000,BHtokt,Bar2000.txt,LAHV,Jan Mayen,2000_1166,1,1,TRUE,0,NA
2000,BHtokt,Bar2000.txt,LAHV,Jan Mayen,2000_1167,1,1,TRUE,0,NA
2000,BHtokt,Bar2000.txt,LAHV,Jan Mayen,2000_1168,1,1,TRUE,0,NA
2000,BHtokt,Bar2000.txt,LAHV,Jan Mayen,2000_1169,1,1,TRUE,0,NA
2000,BHtokt,Bar2000.txt,LAHV,Jan Mayen,2000_1170,1,1,TRUE,0,NA
2000,BHtokt,Bar2000.txt,LAHV,Jan Mayen,2000_1171,1,1,TRUE,0,NA
2000,BHtokt,Bar2000.txt,LAHV,Jan Mayen,2000_1172,1,1,TRUE,0,NA
2000,BHtokt,Bar2000.txt,LAHV,Jan Mayen,2000_1173,1,1,TRUE,0,NA
2000,BHtokt,Bar2000.txt,LAHV,Jan Mayen,2000_1174,1,1,TRUE,0,NA
2000,BHtokt,Bar2000.txt,LAHV,Jan Mayen,2000_1175,1,1,TRUE,0,NA
2000,BHtokt,Bar2000.txt,LAHV,Jan Mayen,2000_1176,1,1,TRUE,0,NA
2000,BHtokt,Bar2000.txt,LAHV,Jan Mayen,2000_1177,1,1,TRUE,0,NA
2000,BHtokt,Bar2000.txt,LAHV,Jan Mayen,2000_1178,1,1,TRUE,0,NA
2000,BHtokt,Bar2000.txt,LAHV,Jan Mayen,2000_1179,1,1,TRUE,0,NA
2000,BHtokt,Bar2000.txt,LAHV,Jan Mayen,2000_1180,1,1,TRUE,0,NA
2000,BHtokt,Bar2000.txt,LAHV,Jan Mayen,2000_1181,1,1,TRUE,0,NA
2000,BHtokt,Bar2000.txt,LAHV,Jan Mayen,2000_1182,1,1,TRUE,0,NA
2000,BHtokt,Bar2000.txt,LAHV,Jan Mayen,2000_1183,1,1,TRUE,0,NA
2000,BHtokt,Bar2000.txt,LAHV,Jan Mayen,2000_1184,1,1,TRUE,0,NA
2000,BHtokt,Bar2000.txt,LAHV,Jan Mayen,2000_1185,1,1,TRUE,0,NA
2000,BHtokt,Bar2000.txt,LAHV,Jan Mayen,2000_1186,1,1,TRUE,0,NA
2000,BHtokt,Bar2000.txt,LAHV,Jan Mayen,2000_1187,1,1,TRUE,0,NA
2000,BHtokt,Bar2000.txt,LAHV,Jan Mayen,2000_1188,1,1,TRUE,0,NA
2000,BHtokt,Bar2000.txt,LAHV,Jan Mayen,2000_1189,1,1,TRUE,0,NA
2000,BHtokt,Bar2000.txt,LAHV,Jan Mayen,2000_1190,1,1,TRUE,0,NA
2000,BHtokt,Bar2000.txt,LAHV,Jan Mayen,2000_1191,1,1,TRUE,0,NA
2000,BHtokt,Bar2000.txt,LAHV,Jan Mayen,2000_1192,1,1,TRUE,0,NA
2000,BHtokt,Bar2000.txt,LAHV,Jan Mayen,2000_1193,1,1,TRUE,0,NA
2000,BHtokt,Bar2000.txt,LAHV,Jan Mayen,2000_1194,1,1,TRUE,0,NA
2000,BHtokt,Bar2000.txt,LAHV,Jan Mayen,2000_1195,1,1,TRUE,0,NA
2000,BHtokt,Bar2000.txt,LAHV,Jan Mayen,2000_1196,1,1,TRUE,0,NA
2000,BHtokt,Bar2000.txt,LAHV,Jan Mayen,2000_1197,1,1,TRUE,0,NA
2000,BHtokt,Bar2000.txt,LAHV,Jan Mayen,2000_1198,1,1,TRUE,0,NA
2000,BHtokt,Bar2000.txt,LAHV,Jan Mayen,2000_1199,1,1,TRUE,0,NA
2000,BHtokt,Bar2000.txt,LAHV,Jan Mayen,2000_1200,1,1,TRUE,0,NA
2000,BHtokt,Bar2000.txt,LAHV,Jan Mayen,2000_1201,1,1,TRUE,0,NA
2000,BHtokt,Bar2000.txt,LAHV,Jan Mayen,2000_1202,1,1,TRUE,0,NA
2000,BHtokt,Bar2000.txt,LAHV,Jan Mayen,2000_1203,1,1,TRUE,0,NA
2000,BHtokt,Bar2000.txt,LAHV,Jan Mayen,2000_1204,1,1,TRUE,0,NA
2000,BHtokt,Bar2000.txt,LAHV,Jan Mayen,2000_1205,1,1,TRUE,0,NA
2000,BHtokt,Bar2000.txt,LAHV,Jan Mayen,2000_1206,1,1,TRUE,0,NA
2000,BHtokt,Bar2000.txt,LAHV,Jan Mayen,2000_1207,1,1,TRUE,0,NA
2000,BHtokt,Bar2000.txt,LAHV,Jan Mayen,2000_1208,1,1,TRUE,0,NA
2000,BHtokt,Bar2000.txt,LAHV,Jan Mayen,2000_1209,1,1,TRUE,0,NA
2000,BHtokt,Bar2000.txt,LAHV,Jan Mayen,2000_1210,1,1,TRUE,0,NA
2000,BHtokt,Bar2000.txt,LAHV,Jan Mayen,2000_1211,1,1,TRUE,0,NA
2000,BHtokt,Bar2000.txt,LAHV,Jan Mayen,2000_1212,1,1,TRUE,0,NA
2000,BHtokt,Bar2000.txt,LAHV,Jan Mayen,2000_1213,1,1,TRUE,0,NA
2000,BHtokt,Bar2000.txt,LAHV,Jan Mayen,2000_1214,1,1,TRUE,0,NA
2000,BHtokt,Bar2000.txt,LAHV,Jan Mayen,2000_1215,1,1,TRUE,0,NA
2000,BHtokt,Bar2000.txt,LAHV,Jan Mayen,2000_1216,1,1,TRUE,0,NA
2000,BHtokt,Bar2000.txt,LAHV,Jan Mayen,2000_1217,1,1,TRUE,0,NA
2000,BHtokt,Bar2000.txt,LAHV,Jan Mayen,2000_1218,1,1,TRUE,0,NA
2000,BHtokt,Bar2000.txt,LAHV,Jan Mayen,2000_1219,1,1,TRUE,0,NA
2000,BHtokt,Bar2000.txt,LAHV,Jan Mayen,2000_1220,1,1,TRUE,0,NA
2000,BHtokt,Bar2000.txt,LAHV,Jan Mayen,2000_1221,1,1,TRUE,0,NA
2000,BHtokt,Bar2000.txt,LAHV,Jan Mayen,2000_1222,1,1,TRUE,0,NA
2000,BHtokt,Bar2000.txt,LAHV,Jan Mayen,2000_1223,1,1,TRUE,0,NA
2000,BHtokt,Bar2000.txt,LAHV,Jan Mayen,2000_1224,1,1,TRUE,0,NA
2000,BHtokt,Bar2000.txt,LAHV,Jan Mayen,2000_1225,1,1,TRUE,0,NA
2000,BHtokt,Bar2000.txt,LAHV,Jan Mayen,2000_1226,1,1,TRUE,0,NA
2000,BHtokt,Bar2000.txt,LAHV,Jan Mayen,2000_1227,1,1,TRUE,0,NA
2000,BHtokt,Bar2000.txt,LAHV,Jan Mayen,2000_1228,1,1,TRUE,0,NA
2000,BHtokt,Bar2000.txt,LAHV,Jan Mayen,2000_1229,1,1,TRUE,0,NA
2000,BHtokt,Bar2000.txt,LAHV,Jan Mayen,2000_1230,1,1,TRUE,0,NA
2000,BHtokt,Bar2000.txt,LAHV,Jan Mayen,2000_1231,1,1,TRUE,0,NA
2000,BHtokt,Bar2000.txt,LAHV,Jan Mayen,2000_1232,1,1,TRUE,0,NA
2000,BHtokt,Bar2000.txt,LAHV,Jan Mayen,2000_1233,1,1,TRUE,0,NA
2000,BHtokt,Bar2000.txt,LAHV,Jan Mayen,2000_1234,1,1,TRUE,0,NA
2000,BHtokt,Bar2000.txt,LAHV,Jan Mayen,2000_1235,1,1,TRUE,0,NA
2000,BHtokt,Bar2000.txt,LAHV,Jan Mayen,2000_1236,1,1,TRUE,0,NA
2000,BHtokt,Bar2000.txt,LAHV,Jan Mayen,2000_1237,1,1,TRUE,0,NA
2000,BHtokt,Bar2000.txt,LAHV,Jan Mayen,2000_1238,1,1,TRUE,0,NA
2000,BHtokt,Bar2000.txt,LAHV,Jan Mayen,2000_1239,1,1,TRUE,0,NA
2000,BHtokt,Bar2000.txt,LAHV,Jan Mayen,2000_1240,1,1,TRUE,0,NA
2000,BHtokt,Bar2000.txt,LAHV,Jan Mayen,2000_1241,1,1,TRUE,0,NA
2000,BHtokt,Bar2000.txt,LAHV,Jan Mayen,2000_1242,1,1,TRUE,0,NA
2000,BHtokt,Bar2000.txt,LAHV,Jan Mayen,2000_1243,1,1,TRUE,0,NA
2000,BHtokt,Bar2000.txt,LAHV,Jan Mayen,2000_1244,1,1,TRUE,0,NA
2000,BHtokt,Bar2000.txt,LAHV,Jan Mayen,2000_1245,1,1,TRUE,0,NA
2000,BHtokt,Bar2000.txt,LAHV,Jan Mayen,2000_1246,1,1,TRUE,0,NA
2000,BHtokt,Bar2000.txt,LAHV,Jan Mayen,2000_1247,1,1,TRUE,0,NA
2000,BHtokt,Bar2000.txt,LAHV,Jan Mayen,2000_1248,1,1,TRUE,0,NA
2000,BHtokt,Bar2000.txt,LAHV,Jan Mayen,2000_1249,1,1,TRUE,0,NA
2000,BHtokt,Bar2000.txt,LAHV,Jan Mayen,2000_1250,1,1,TRUE,0,NA
2000,BHtokt,Bar2000.txt,LAHV,Jan Mayen,2000_1251,1,1,TRUE,0,NA
2000,BHtokt,Bar2000.txt,LAHV,Jan Mayen,2000_1252,1,1,TRUE,0,NA
2000,BHtokt,Bar2000.txt,LAHV,Jan Mayen,2000_1253,1,1,TRUE,0,NA
2000,BHtokt,Bar2000.txt,LAHV,Jan Mayen,2000_1254,1,1,TRUE,0,NA
2000,BHtokt,Bar2000.txt,LAHV,Jan Mayen,2000_1255,1,1,TRUE,0,NA
2000,BHtokt,Bar2000.txt,LAHV,Jan Mayen,2000_1256,1,1,TRUE,0,NA
2000,BHtokt,Bar2000.txt,LAHV,Jan Mayen,2000_1257,1,1,TRUE,0,NA
2000,BHtokt,Bar2000.txt,LAHV,Jan Mayen,2000_1258,1,1,TRUE,0,NA
2000,BHtokt,Bar2000.txt,LAHV,Jan Mayen,2000_1259,1,1,TRUE,0,NA
2000,BHtokt,Bar2000.txt,LAHV,Jan Mayen,2000_1260,1,1,TRUE,0,NA
2000,BHtokt,Bar2000.txt,LAHV,Jan Mayen,2000_1261,1,1,TRUE,0,NA
2000,BHtokt,Bar2000.txt,LAHV,Jan Mayen,2000_1262,1,1,TRUE,0,NA
2000,BHtokt,Bar2000.txt,LAHV,Jan Mayen,2000_1263,1,1,TRUE,0,NA
2000,BHtokt,Bar2000.txt,LAHV,Jan Mayen,2000_1264,1,1,TRUE,0,NA
2000,BHtokt,Bar2000.txt,LAHV,Jan Mayen,2000_1265,1,1,TRUE,0,NA
2000,BSS,2000110,LHUW,Michael Sars,2000_17,108,324,TRUE,0,NA
2000,BSS,2000210,LDGJ,Johan Hjort,2000_12,143,429,FALSE,1,Russian EEZ
2000,BSS,2000806,LAHV,Jan Mayen,2000_5,25,75,TRUE,0,NA
2000,CoastalS,2000214,LDGJ,Johan Hjort,2000_14,58,174,TRUE,0,NA
2000,CoastalS,2000811,LAHV,Jan Mayen,2000_265,155,465,TRUE,0,NA
2000,EggaN,2000808,JXMG,Kongsfjord,2000_56,189,567,TRUE,0,NA
2000,Other,2000807,JXQZ,Eldborgtrål,2000_50,5,15,TRUE,0,NA
2000,Other,2000807,LJPH,Båtsfjord,2000_51,5,15,TRUE,0,NA
2000,Other,2000809,LAHV,Jan Mayen,2000_10,81,243,TRUE,0,NA
2000,Svalbardtokt,SVA2000.SPD,LAHV,Jan Mayen,2000_1024,1,1,TRUE,0,NA
2000,Svalbardtokt,SVA2000.SPD,LAHV,Jan Mayen,2000_1025,1,1,TRUE,0,NA
2000,Svalbardtokt,SVA2000.SPD,LAHV,Jan Mayen,2000_1026,1,1,TRUE,0,NA
2000,Svalbardtokt,SVA2000.SPD,LAHV,Jan Mayen,2000_1027,1,1,TRUE,0,NA
2000,Svalbardtokt,SVA2000.SPD,LAHV,Jan Mayen,2000_1028,1,1,TRUE,0,NA
2000,Svalbardtokt,SVA2000.SPD,LAHV,Jan Mayen,2000_1029,1,1,TRUE,0,NA
2000,Svalbardtokt,SVA2000.SPD,LAHV,Jan Mayen,2000_1030,1,1,TRUE,0,NA
2000,Svalbardtokt,SVA2000.SPD,LAHV,Jan Mayen,2000_1031,1,1,TRUE,0,NA
2000,Svalbardtokt,SVA2000.SPD,LAHV,Jan Mayen,2000_1032,1,1,TRUE,0,NA
2000,Svalbardtokt,SVA2000.SPD,LAHV,Jan Mayen,2000_1033,1,1,TRUE,0,NA
2000,Svalbardtokt,SVA2000.SPD,LAHV,Jan Mayen,2000_1034,1,1,TRUE,0,NA
2000,Svalbardtokt,SVA2000.SPD,LAHV,Jan Mayen,2000_1035,1,1,TRUE,0,NA
2000,Svalbardtokt,SVA2000.SPD,LAHV,Jan Mayen,2000_1036,1,1,TRUE,0,NA
2000,Svalbardtokt,SVA2000.SPD,LAHV,Jan Mayen,2000_1037,1,1,TRUE,0,NA
2000,Svalbardtokt,SVA2000.SPD,LAHV,Jan Mayen,2000_1038,1,1,TRUE,0,NA
2000,Svalbardtokt,SVA2000.SPD,LAHV,Jan Mayen,2000_1039,1,1,TRUE,0,NA
2000,Svalbardtokt,SVA2000.SPD,LAHV,Jan Mayen,2000_1040,1,1,TRUE,0,NA
2000,Svalbardtokt,SVA2000.SPD,LAHV,Jan Mayen,2000_1041,1,1,TRUE,0,NA
2000,Svalbardtokt,SVA2000.SPD,LAHV,Jan Mayen,2000_1042,1,1,TRUE,0,NA
2000,Svalbardtokt,SVA2000.SPD,LAHV,Jan Mayen,2000_1043,1,1,TRUE,0,NA
2000,Svalbardtokt,SVA2000.SPD,LAHV,Jan Mayen,2000_1044,1,1,TRUE,0,NA
2000,Svalbardtokt,SVA2000.SPD,LAHV,Jan Mayen,2000_1045,1,1,TRUE,0,NA
2000,Svalbardtokt,SVA2000.SPD,LAHV,Jan Mayen,2000_1046,1,1,TRUE,0,NA
2000,Svalbardtokt,SVA2000.SPD,LAHV,Jan Mayen,2000_1047,1,1,TRUE,0,NA
2000,Svalbardtokt,SVA2000.SPD,LAHV,Jan Mayen,2000_1048,1,1,TRUE,0,NA
2000,Svalbardtokt,SVA2000.SPD,LAHV,Jan Mayen,2000_1049,1,1,TRUE,0,NA
2000,Svalbardtokt,SVA2000.SPD,LAHV,Jan Mayen,2000_1050,1,1,TRUE,0,NA
2000,Svalbardtokt,SVA2000.SPD,LAHV,Jan Mayen,2000_1051,1,1,TRUE,0,NA
2000,Svalbardtokt,SVA2000.SPD,LAHV,Jan Mayen,2000_1052,1,1,TRUE,0,NA
2000,Svalbardtokt,SVA2000.SPD,LAHV,Jan Mayen,2000_1053,1,1,TRUE,0,NA
2000,Svalbardtokt,SVA2000.SPD,LAHV,Jan Mayen,2000_1054,1,1,TRUE,0,NA
2000,Svalbardtokt,SVA2000.SPD,LAHV,Jan Mayen,2000_1055,1,1,TRUE,0,NA
2000,Svalbardtokt,SVA2000.SPD,LAHV,Jan Mayen,2000_1056,1,1,TRUE,0,NA
2000,Svalbardtokt,SVA2000.SPD,LAHV,Jan Mayen,2000_1057,1,1,TRUE,0,NA
2000,Svalbardtokt,SVA2000.SPD,LAHV,Jan Mayen,2000_1058,1,1,TRUE,0,NA
2000,Svalbardtokt,SVA2000.SPD,LAHV,Jan Mayen,2000_1059,1,1,TRUE,0,NA
2000,Svalbardtokt,SVA2000.SPD,LAHV,Jan Mayen,2000_1060,1,1,TRUE,0,NA
2000,Svalbardtokt,SVA2000.SPD,LAHV,Jan Mayen,2000_1061,1,1,TRUE,0,NA
2000,Svalbardtokt,SVA2000.SPD,LAHV,Jan Mayen,2000_1062,1,1,TRUE,0,NA
2000,Svalbardtokt,SVA2000.SPD,LAHV,Jan Mayen,2000_1063,1,1,TRUE,0,NA
2000,Svalbardtokt,SVA2000.SPD,LAHV,Jan Mayen,2000_1064,1,1,TRUE,0,NA
2000,Svalbardtokt,SVA2000.SPD,LAHV,Jan Mayen,2000_1065,1,1,TRUE,0,NA
2000,Svalbardtokt,SVA2000.SPD,LAHV,Jan Mayen,2000_1066,1,1,TRUE,0,NA
2000,Svalbardtokt,SVA2000.SPD,LAHV,Jan Mayen,2000_1067,1,1,TRUE,0,NA
2000,Svalbardtokt,SVA2000.SPD,LAHV,Jan Mayen,2000_1068,1,1,TRUE,0,NA
2000,Svalbardtokt,SVA2000.SPD,LAHV,Jan Mayen,2000_1069,1,1,TRUE,0,NA
2000,Svalbardtokt,SVA2000.SPD,LAHV,Jan Mayen,2000_1070,1,1,TRUE,0,NA
2000,Svalbardtokt,SVA2000.SPD,LAHV,Jan Mayen,2000_1071,1,1,TRUE,0,NA
2000,Svalbardtokt,SVA2000.SPD,LAHV,Jan Mayen,2000_1072,1,1,TRUE,0,NA
2000,Svalbardtokt,SVA2000.SPD,LAHV,Jan Mayen,2000_1073,1,1,TRUE,0,NA
2000,Svalbardtokt,SVA2000.SPD,LAHV,Jan Mayen,2000_1074,1,1,TRUE,0,NA
2000,Svalbardtokt,SVA2000.SPD,LAHV,Jan Mayen,2000_1075,1,1,TRUE,0,NA
2000,Svalbardtokt,SVA2000.SPD,LAHV,Jan Mayen,2000_1076,1,1,TRUE,0,NA
2000,Svalbardtokt,SVA2000.SPD,LAHV,Jan Mayen,2000_1077,1,1,TRUE,0,NA
2000,Svalbardtokt,SVA2000.SPD,LAHV,Jan Mayen,2000_1078,1,1,TRUE,0,NA
2000,Svalbardtokt,SVA2000.SPD,LAHV,Jan Mayen,2000_1079,1,1,TRUE,0,NA
2000,Svalbardtokt,SVA2000.SPD,LAHV,Jan Mayen,2000_1080,1,1,TRUE,0,NA
2000,Svalbardtokt,SVA2000.SPD,LAHV,Jan Mayen,2000_1081,1,1,TRUE,0,NA
2000,Svalbardtokt,SVA2000.SPD,LAHV,Jan Mayen,2000_1082,1,1,TRUE,0,NA
2000,Svalbardtokt,SVA2000.SPD,LAHV,Jan Mayen,2000_1083,1,1,TRUE,0,NA
2000,Svalbardtokt,SVA2000.SPD,LAHV,Jan Mayen,2000_1084,1,1,TRUE,0,NA
2000,Svalbardtokt,SVA2000.SPD,LAHV,Jan Mayen,2000_1085,1,1,TRUE,0,NA
2000,Svalbardtokt,SVA2000.SPD,LAHV,Jan Mayen,2000_1086,1,1,TRUE,0,NA
2000,Svalbardtokt,SVA2000.SPD,LAHV,Jan Mayen,2000_1087,1,1,TRUE,0,NA
2000,Svalbardtokt,SVA2000.SPD,LAHV,Jan Mayen,2000_1088,1,1,TRUE,0,NA
2000,Svalbardtokt,SVA2000.SPD,LAHV,Jan Mayen,2000_1089,1,1,TRUE,0,NA
2000,Svalbardtokt,SVA2000.SPD,LAHV,Jan Mayen,2000_1090,1,1,TRUE,0,NA
2000,Svalbardtokt,SVA2000.SPD,LAHV,Jan Mayen,2000_1091,1,1,TRUE,0,NA
2000,Svalbardtokt,SVA2000.SPD,LAHV,Jan Mayen,2000_1092,1,1,TRUE,0,NA
2000,Svalbardtokt,SVA2000.SPD,LAHV,Jan Mayen,2000_1093,1,1,TRUE,0,NA
2000,Svalbardtokt,SVA2000.SPD,LAHV,Jan Mayen,2000_1094,1,1,TRUE,0,NA
2000,Svalbardtokt,SVA2000.SPD,LAHV,Jan Mayen,2000_1095,1,1,TRUE,0,NA
2000,Svalbardtokt,SVA2000.SPD,LAHV,Jan Mayen,2000_1096,1,1,TRUE,0,NA
2000,Svalbardtokt,SVA2000.SPD,LAHV,Jan Mayen,2000_1097,1,1,TRUE,0,NA
2000,Svalbardtokt,SVA2000.SPD,LAHV,Jan Mayen,2000_1098,1,1,TRUE,0,NA
2000,Svalbardtokt,SVA2000.SPD,LAHV,Jan Mayen,2000_1099,1,1,TRUE,0,NA
2000,Svalbardtokt,SVA2000.SPD,LAHV,Jan Mayen,2000_1100,1,1,TRUE,0,NA
2000,Svalbardtokt,SVA2000.SPD,LAHV,Jan Mayen,2000_1101,1,1,TRUE,0,NA
2000,Svalbardtokt,SVA2000.SPD,LAHV,Jan Mayen,2000_1102,1,1,TRUE,0,NA
2000,Svalbardtokt,SVA2000.SPD,LAHV,Jan Mayen,2000_1103,1,1,TRUE,0,NA
2000,Svalbardtokt,SVA2000.SPD,LAHV,Jan Mayen,2000_1104,1,1,TRUE,0,NA
2000,Svalbardtokt,SVA2000.SPD,LAHV,Jan Mayen,2000_1105,1,1,TRUE,0,NA
2000,Svalbardtokt,SVA2000.SPD,LAHV,Jan Mayen,2000_1106,1,1,TRUE,0,NA
2000,Svalbardtokt,SVA2000.SPD,LAHV,Jan Mayen,2000_1107,1,1,TRUE,0,NA
2000,Svalbardtokt,SVA2000.SPD,LAHV,Jan Mayen,2000_1108,1,1,TRUE,0,NA
2000,Svalbardtokt,SVA2000.SPD,LAHV,Jan Mayen,2000_1109,1,1,TRUE,0,NA
2000,Svalbardtokt,SVA2000.SPD,LAHV,Jan Mayen,2000_1110,1,1,TRUE,0,NA
2000,Svalbardtokt,SVA2000.SPD,LAHV,Jan Mayen,2000_1111,1,1,TRUE,0,NA
2000,Svalbardtokt,SVA2000.SPD,LAHV,Jan Mayen,2000_1112,1,1,TRUE,0,NA
2000,Svalbardtokt,SVA2000.SPD,LAHV,Jan Mayen,2000_1113,1,1,TRUE,0,NA
2000,Svalbardtokt,SVA2000.SPD,LAHV,Jan Mayen,2000_1114,1,1,TRUE,0,NA
2000,Svalbardtokt,SVA2000.SPD,LAHV,Jan Mayen,2000_1115,1,1,TRUE,0,NA
2000,Svalbardtokt,SVA2000.SPD,LAHV,Jan Mayen,2000_1116,1,1,TRUE,0,NA
2000,Svalbardtokt,SVA2000.SPD,LAHV,Jan Mayen,2000_1117,1,1,TRUE,0,NA
2000,Svalbardtokt,SVA2000.SPD,LAHV,Jan Mayen,2000_1118,1,1,TRUE,0,NA
2000,Svalbardtokt,SVA2000.SPD,LAHV,Jan Mayen,2000_1119,1,1,TRUE,0,NA
2000,Svalbardtokt,SVA2000.SPD,LAHV,Jan Mayen,2000_1120,1,1,TRUE,0,NA
2000,Svalbardtokt,SVA2000.SPD,LAHV,Jan Mayen,2000_1121,1,1,TRUE,0,NA
2000,Svalbardtokt,SVA2000.SPD,LAHV,Jan Mayen,2000_1122,1,1,TRUE,0,NA
2000,Svalbardtokt,SVA2000.SPD,LAHV,Jan Mayen,2000_1123,1,1,TRUE,0,NA
2000,Svalbardtokt,SVA2000.SPD,LAHV,Jan Mayen,2000_1124,1,1,TRUE,0,NA
2000,Svalbardtokt,SVA2000.SPD,LAHV,Jan Mayen,2000_1125,1,1,TRUE,0,NA
2000,Svalbardtokt,SVA2000.SPD,LAHV,Jan Mayen,2000_1126,1,1,TRUE,0,NA
2000,Svalbardtokt,SVA2000.SPD,LAHV,Jan Mayen,2000_1127,1,1,TRUE,0,NA
2000,Svalbardtokt,SVA2000.SPD,LAHV,Jan Mayen,2000_1128,1,1,TRUE,0,NA
2000,Svalbardtokt,SVA2000.SPD,LAHV,Jan Mayen,2000_1129,1,1,TRUE,0,NA
2000,Svalbardtokt,SVA2000.SPD,LAHV,Jan Mayen,2000_1130,1,1,TRUE,0,NA
2000,Svalbardtokt,SVA2000.SPD,LAHV,Jan Mayen,2000_1131,1,1,TRUE,0,NA
2000,Svalbardtokt,SVA2000.SPD,LAHV,Jan Mayen,2000_1132,1,1,TRUE,0,NA
2000,Svalbardtokt,SVA2000.SPD,LAHV,Jan Mayen,2000_1133,1,1,TRUE,0,NA
2000,Svalbardtokt,SVA2000.SPD,LAHV,Jan Mayen,2000_1134,1,1,TRUE,0,NA
2000,Svalbardtokt,SVA2000.SPD,LAHV,Jan Mayen,2000_1135,1,1,TRUE,0,NA
2000,Svalbardtokt,SVA2000.SPD,LAHV,Jan Mayen,2000_1136,1,1,TRUE,0,NA
2000,Svalbardtokt,SVA2000.SPD,LAHV,Jan Mayen,2000_1137,1,1,TRUE,0,NA
2000,Svalbardtokt,SVA2000.SPD,LAHV,Jan Mayen,2000_1138,1,1,TRUE,0,NA
2000,Svalbardtokt,SVA2000.SPD,LAHV,Jan Mayen,2000_1139,1,1,TRUE,0,NA
2000,Svalbardtokt,SVA2000.SPD,LAHV,Jan Mayen,2000_1140,1,1,TRUE,0,NA
2000,Svalbardtokt,SVA2000.SPD,LAHV,Jan Mayen,2000_1141,1,1,TRUE,0,NA
2000,Svalbardtokt,SVA2000.SPD,LAHV,Jan Mayen,2000_1142,1,1,TRUE,0,NA
2000,Svalbardtokt,SVA2000.SPD,LAHV,Jan Mayen,2000_1143,1,1,TRUE,0,NA
2000,Svalbardtokt,SVA2000.SPD,LAHV,Jan Mayen,2000_1144,1,1,TRUE,0,NA
2000,Svalbardtokt,SVA2000.SPD,LAHV,Jan Mayen,2000_1145,1,1,TRUE,0,NA
2000,Svalbardtokt,SVA2000.SPD,LAHV,Jan Mayen,2000_1146,1,1,TRUE,0,NA
2000,Svalbardtokt,SVA2000.SPD,LAHV,Jan Mayen,2000_1147,1,1,TRUE,0,NA
2000,Svalbardtokt,SVA2000.SPD,LAHV,Jan Mayen,2000_1148,1,1,TRUE,0,NA
2000,Svalbardtokt,SVA2000.SPD,LAHV,Jan Mayen,2000_1149,1,1,TRUE,0,NA
2000,Svalbardtokt,SVA2000.SPD,LAHV,Jan Mayen,2000_1150,1,1,TRUE,0,NA
2000,Svalbardtokt,SVA2000.SPD,LAHV,Jan Mayen,2000_1151,1,1,TRUE,0,NA
2000,Svalbardtokt,SVA2000.SPD,LAHV,Jan Mayen,2000_1152,1,1,TRUE,0,NA
2000,Svalbardtokt,SVA2000.SPD,LAHV,Jan Mayen,2000_1153,1,1,TRUE,0,NA
2000,Svalbardtokt,SVA2000.SPD,LAHV,Jan Mayen,2000_1154,1,1,TRUE,0,NA
2000,Svalbardtokt,SVA2000.SPD,LAHV,Jan Mayen,2000_1155,1,1,TRUE,0,NA
2000,Svalbardtokt,SVA2000.SPD,LAHV,Jan Mayen,2000_1156,1,1,TRUE,0,NA
2000,Svalbardtokt,SVA2000.SPD,LAHV,Jan Mayen,2000_1157,1,1,TRUE,0,NA
2000,Svalbardtokt,SVA2000.SPD,LAHV,Jan Mayen,2000_1158,1,1,TRUE,0,NA
2000,Svalbardtokt,SVA2000.SPD,LAHV,Jan Mayen,2000_1159,1,1,TRUE,0,NA
2000,Svalbardtokt,SVA2000.SPD,LAHV,Jan Mayen,2000_1160,1,1,TRUE,0,NA
2000,Svalbardtokt,SVA2000.SPD,LAHV,Jan Mayen,2000_1161,1,1,TRUE,0,NA
2000,Svalbardtokt,SVA2000.SPD,LAHV,Jan Mayen,2000_1162,1,1,TRUE,0,NA
2000,Svalbardtokt,SVA2000.SPD,LAHV,Jan Mayen,2000_1163,1,1,TRUE,0,NA
2000,Svalbardtokt,SVA2000.SPD,LAHV,Jan Mayen,2000_1164,1,1,TRUE,0,NA
2000,Svalbardtokt,SVA2000.SPD,LAHV,Jan Mayen,2000_1165,1,1,TRUE,0,NA
2000,Svalbardtokt,SVA2000.SPD,LAHV,Jan Mayen,2000_1166,1,1,TRUE,0,NA
2000,Svalbardtokt,SVA2000.SPD,LAHV,Jan Mayen,2000_1167,1,1,TRUE,0,NA
2000,Svalbardtokt,SVA2000.SPD,LAHV,Jan Mayen,2000_1168,1,1,TRUE,0,NA
2000,Svalbardtokt,SVA2000.SPD,LAHV,Jan Mayen,2000_1169,1,1,TRUE,0,NA
2000,Svalbardtokt,SVA2000.SPD,LAHV,Jan Mayen,2000_1170,1,1,TRUE,0,NA
2000,Svalbardtokt,SVA2000.SPD,LAHV,Jan Mayen,2000_1171,1,1,TRUE,0,NA
2000,Svalbardtokt,SVA2000.SPD,LAHV,Jan Mayen,2000_1172,1,1,TRUE,0,NA
2000,Svalbardtokt,SVA2000.SPD,LAHV,Jan Mayen,2000_1173,1,1,TRUE,0,NA
2000,Svalbardtokt,SVA2000.SPD,LAHV,Jan Mayen,2000_1174,1,1,TRUE,0,NA
2000,Svalbardtokt,SVA2000.SPD,LAHV,Jan Mayen,2000_1175,1,1,TRUE,0,NA
2000,Svalbardtokt,SVA2000.SPD,LAHV,Jan Mayen,2000_1176,1,1,TRUE,0,NA
2000,Svalbardtokt,SVA2000.SPD,LAHV,Jan Mayen,2000_1177,1,1,TRUE,0,NA
2000,Svalbardtokt,SVA2000.SPD,LAHV,Jan Mayen,2000_1178,1,1,TRUE,0,NA
2000,Svalbardtokt,SVA2000.SPD,LAHV,Jan Mayen,2000_1179,1,1,TRUE,0,NA
2000,Svalbardtokt,SVA2000.SPD,LAHV,Jan Mayen,2000_1180,1,1,TRUE,0,NA
2000,Svalbardtokt,SVA2000.SPD,LAHV,Jan Mayen,2000_1181,1,1,TRUE,0,NA
2000,Svalbardtokt,SVA2000.SPD,LAHV,Jan Mayen,2000_1182,1,1,TRUE,0,NA
2000,Svalbardtokt,SVA2000.SPD,LAHV,Jan Mayen,2000_1183,1,1,TRUE,0,NA
2000,Svalbardtokt,SVA2000.SPD,LAHV,Jan Mayen,2000_1184,1,1,TRUE,0,NA
2000,Svalbardtokt,SVA2000.SPD,LAHV,Jan Mayen,2000_1185,1,1,TRUE,0,NA
2000,Svalbardtokt,SVA2000.SPD,LAHV,Jan Mayen,2000_1186,1,1,TRUE,0,NA
2000,Svalbardtokt,SVA2000.SPD,LAHV,Jan Mayen,2000_1187,1,1,TRUE,0,NA
2000,Svalbardtokt,SVA2000.SPD,LAHV,Jan Mayen,2000_1188,1,1,TRUE,0,NA
2000,Svalbardtokt,SVA2000.SPD,LAHV,Jan Mayen,2000_1189,1,1,TRUE,0,NA
2000,Svalbardtokt,SVA2000.SPD,LAHV,Jan Mayen,2000_1190,1,1,TRUE,0,NA
2000,Svalbardtokt,SVA2000.SPD,LAHV,Jan Mayen,2000_1191,1,1,TRUE,0,NA
2000,Svalbardtokt,SVA2000.SPD,LAHV,Jan Mayen,2000_1192,1,1,TRUE,0,NA
2000,Svalbardtokt,SVA2000.SPD,LAHV,Jan Mayen,2000_1193,1,1,TRUE,0,NA
2000,Svalbardtokt,SVA2000.SPD,LAHV,Jan Mayen,2000_1194,1,1,TRUE,0,NA
2000,Svalbardtokt,SVA2000.SPD,LAHV,Jan Mayen,2000_1195,1,1,TRUE,0,NA
2000,Svalbardtokt,SVA2000.SPD,LAHV,Jan Mayen,2000_1196,1,1,TRUE,0,NA
2000,Svalbardtokt,SVA2000.SPD,LAHV,Jan Mayen,2000_1197,1,1,TRUE,0,NA
2000,Svalbardtokt,SVA2000.SPD,LAHV,Jan Mayen,2000_1198,1,1,TRUE,0,NA
2000,Svalbardtokt,SVA2000.SPD,LAHV,Jan Mayen,2000_1199,1,1,TRUE,0,NA
2000,Svalbardtokt,SVA2000.SPD,LAHV,Jan Mayen,2000_1200,1,1,TRUE,0,NA
2000,Svalbardtokt,SVA2000.SPD,LAHV,Jan Mayen,2000_1201,1,1,TRUE,0,NA
2000,Svalbardtokt,SVA2000.SPD,LAHV,Jan Mayen,2000_1202,1,1,TRUE,0,NA
2000,Svalbardtokt,SVA2000.SPD,LAHV,Jan Mayen,2000_1203,1,1,TRUE,0,NA
2000,Svalbardtokt,SVA2000.SPD,LAHV,Jan Mayen,2000_1204,1,1,TRUE,0,NA
2000,Svalbardtokt,SVA2000.SPD,LAHV,Jan Mayen,2000_1205,1,1,TRUE,0,NA
2000,Svalbardtokt,SVA2000.SPD,LAHV,Jan Mayen,2000_1206,1,1,TRUE,0,NA
2000,Svalbardtokt,SVA2000.SPD,LAHV,Jan Mayen,2000_1207,1,1,TRUE,0,NA
2000,Svalbardtokt,SVA2000.SPD,LAHV,Jan Mayen,2000_1208,1,1,TRUE,0,NA
2000,Svalbardtokt,SVA2000.SPD,LAHV,Jan Mayen,2000_1209,1,1,TRUE,0,NA
2000,Svalbardtokt,SVA2000.SPD,LAHV,Jan Mayen,2000_1210,1,1,TRUE,0,NA
2000,Svalbardtokt,SVA2000.SPD,LAHV,Jan Mayen,2000_1211,1,1,TRUE,0,NA
2000,Svalbardtokt,SVA2000.SPD,LAHV,Jan Mayen,2000_1212,1,1,TRUE,0,NA
2000,Svalbardtokt,SVA2000.SPD,LAHV,Jan Mayen,2000_1213,1,1,TRUE,0,NA
2000,Svalbardtokt,SVA2000.SPD,LAHV,Jan Mayen,2000_1214,1,1,TRUE,0,NA
2000,Svalbardtokt,SVA2000.SPD,LAHV,Jan Mayen,2000_1215,1,1,TRUE,0,NA
2000,Svalbardtokt,SVA2000.SPD,LAHV,Jan Mayen,2000_1216,1,1,TRUE,0,NA
2000,Svalbardtokt,SVA2000.SPD,LAHV,Jan Mayen,2000_1217,1,1,TRUE,0,NA
2000,Svalbardtokt,SVA2000.SPD,LAHV,Jan Mayen,2000_1218,1,1,TRUE,0,NA
2000,Svalbardtokt,SVA2000.SPD,LAHV,Jan Mayen,2000_1219,1,1,TRUE,0,NA
2000,Svalbardtokt,SVA2000.SPD,LAHV,Jan Mayen,2000_1220,1,1,TRUE,0,NA
2000,Svalbardtokt,SVA2000.SPD,LAHV,Jan Mayen,2000_1221,1,1,TRUE,0,NA
2000,Svalbardtokt,SVA2000.SPD,LAHV,Jan Mayen,2000_1222,1,1,TRUE,0,NA
2000,Svalbardtokt,SVA2000.SPD,LAHV,Jan Mayen,2000_1223,1,1,TRUE,0,NA
2000,Svalbardtokt,SVA2000.SPD,LAHV,Jan Mayen,2000_1224,1,1,TRUE,0,NA
2000,Svalbardtokt,SVA2000.SPD,LAHV,Jan Mayen,2000_1225,1,1,TRUE,0,NA
2000,Svalbardtokt,Sva2002.SPD,LAHV,Jan Mayen,2000_1226,1,1,TRUE,0,NA
2000,Svalbardtokt,Sva2002.SPD,LAHV,Jan Mayen,2000_1227,1,1,TRUE,0,NA
2000,WinterS,2000002,LLZG,G.O.Sars,2000_7,134,402,FALSE,1,Russian EEZ
2000,WinterS,2000202,LDGJ,Johan Hjort,2000_11,107,321,FALSE,1,Russian EEZ
2000,WinterS,2000805,LAOW,Varegg,2000_22,61,183,TRUE,0,NA
2001,BHtokt,Bar2001.txt,LAHV,Jan Mayen,2001_1266,1,1,TRUE,0,NA
2001,BHtokt,Bar2001.txt,LAHV,Jan Mayen,2001_1267,1,1,TRUE,0,NA
2001,BHtokt,Bar2001.txt,LAHV,Jan Mayen,2001_1268,1,1,TRUE,0,NA
2001,BHtokt,Bar2001.txt,LAHV,Jan Mayen,2001_1269,1,1,TRUE,0,NA
2001,BHtokt,Bar2001.txt,LAHV,Jan Mayen,2001_1270,1,1,TRUE,0,NA
2001,BHtokt,Bar2001.txt,LAHV,Jan Mayen,2001_1271,1,1,TRUE,0,NA
2001,BHtokt,Bar2001.txt,LAHV,Jan Mayen,2001_1272,1,1,TRUE,0,NA
2001,BHtokt,Bar2001.txt,LAHV,Jan Mayen,2001_1273,1,1,TRUE,0,NA
2001,BHtokt,Bar2001.txt,LAHV,Jan Mayen,2001_1274,1,1,TRUE,0,NA
2001,BHtokt,Bar2001.txt,LAHV,Jan Mayen,2001_1275,1,1,TRUE,0,NA
2001,BHtokt,Bar2001.txt,LAHV,Jan Mayen,2001_1276,1,1,TRUE,0,NA
2001,BHtokt,Bar2001.txt,LAHV,Jan Mayen,2001_1277,1,1,TRUE,0,NA
2001,BHtokt,Bar2001.txt,LAHV,Jan Mayen,2001_1278,1,1,TRUE,0,NA
2001,BHtokt,Bar2001.txt,LAHV,Jan Mayen,2001_1279,1,1,TRUE,0,NA
2001,BHtokt,Bar2001.txt,LAHV,Jan Mayen,2001_1280,1,1,TRUE,0,NA
2001,BHtokt,Bar2001.txt,LAHV,Jan Mayen,2001_1281,1,1,TRUE,0,NA
2001,BHtokt,Bar2001.txt,LAHV,Jan Mayen,2001_1282,1,1,TRUE,0,NA
2001,BHtokt,Bar2001.txt,LAHV,Jan Mayen,2001_1283,1,1,TRUE,0,NA
2001,BHtokt,Bar2001.txt,LAHV,Jan Mayen,2001_1284,1,1,TRUE,0,NA
2001,BHtokt,Bar2001.txt,LAHV,Jan Mayen,2001_1285,1,1,TRUE,0,NA
2001,BHtokt,Bar2001.txt,LAHV,Jan Mayen,2001_1286,1,1,TRUE,0,NA
2001,BHtokt,Bar2001.txt,LAHV,Jan Mayen,2001_1287,1,1,TRUE,0,NA
2001,BHtokt,Bar2001.txt,LAHV,Jan Mayen,2001_1288,1,1,TRUE,0,NA
2001,BHtokt,Bar2001.txt,LAHV,Jan Mayen,2001_1289,1,1,TRUE,0,NA
2001,BHtokt,Bar2001.txt,LAHV,Jan Mayen,2001_1290,1,1,TRUE,0,NA
2001,BHtokt,Bar2001.txt,LAHV,Jan Mayen,2001_1291,1,1,TRUE,0,NA
2001,BHtokt,Bar2001.txt,LAHV,Jan Mayen,2001_1292,1,1,TRUE,0,NA
2001,BHtokt,Bar2001.txt,LAHV,Jan Mayen,2001_1293,1,1,TRUE,0,NA
2001,BHtokt,Bar2001.txt,LAHV,Jan Mayen,2001_1294,1,1,TRUE,0,NA
2001,BHtokt,Bar2001.txt,LAHV,Jan Mayen,2001_1295,1,1,TRUE,0,NA
2001,BHtokt,Bar2001.txt,LAHV,Jan Mayen,2001_1296,1,1,TRUE,0,NA
2001,BHtokt,Bar2001.txt,LAHV,Jan Mayen,2001_1297,1,1,TRUE,0,NA
2001,BHtokt,Bar2001.txt,LAHV,Jan Mayen,2001_1298,1,1,TRUE,0,NA
2001,BHtokt,Bar2001.txt,LAHV,Jan Mayen,2001_1299,1,1,TRUE,0,NA
2001,BHtokt,Bar2001.txt,LAHV,Jan Mayen,2001_1300,1,1,TRUE,0,NA
2001,BHtokt,Bar2001.txt,LAHV,Jan Mayen,2001_1301,1,1,TRUE,0,NA
2001,BHtokt,Bar2001.txt,LAHV,Jan Mayen,2001_1302,1,1,TRUE,0,NA
2001,BHtokt,Bar2001.txt,LAHV,Jan Mayen,2001_1303,1,1,TRUE,0,NA
2001,BHtokt,Bar2001.txt,LAHV,Jan Mayen,2001_1304,1,1,TRUE,0,NA
2001,BHtokt,Bar2001.txt,LAHV,Jan Mayen,2001_1305,1,1,TRUE,0,NA
2001,BHtokt,Bar2001.txt,LAHV,Jan Mayen,2001_1306,1,1,TRUE,0,NA
2001,BHtokt,Bar2001.txt,LAHV,Jan Mayen,2001_1307,1,1,TRUE,0,NA
2001,BHtokt,Bar2001.txt,LAHV,Jan Mayen,2001_1308,1,1,TRUE,0,NA
2001,BHtokt,Bar2001.txt,LAHV,Jan Mayen,2001_1309,1,1,TRUE,0,NA
2001,BHtokt,Bar2001.txt,LAHV,Jan Mayen,2001_1310,1,1,TRUE,0,NA
2001,BHtokt,Bar2001.txt,LAHV,Jan Mayen,2001_1311,1,1,TRUE,0,NA
2001,BHtokt,Bar2001.txt,LAHV,Jan Mayen,2001_1312,1,1,TRUE,0,NA
2001,BHtokt,Bar2001.txt,LAHV,Jan Mayen,2001_1313,1,1,TRUE,0,NA
2001,BHtokt,Bar2001.txt,LAHV,Jan Mayen,2001_1314,1,1,TRUE,0,NA
2001,BHtokt,Bar2001.txt,LAHV,Jan Mayen,2001_1315,1,1,TRUE,0,NA
2001,BHtokt,Bar2001.txt,LAHV,Jan Mayen,2001_1316,1,1,TRUE,0,NA
2001,BHtokt,Bar2001.txt,LAHV,Jan Mayen,2001_1317,1,1,TRUE,0,NA
2001,BHtokt,Bar2001.txt,LAHV,Jan Mayen,2001_1318,1,1,TRUE,0,NA
2001,BHtokt,Bar2001.txt,LAHV,Jan Mayen,2001_1319,1,1,TRUE,0,NA
2001,BHtokt,Bar2001.txt,LAHV,Jan Mayen,2001_1320,1,1,TRUE,0,NA
2001,BHtokt,Bar2001.txt,LAHV,Jan Mayen,2001_1321,1,1,TRUE,0,NA
2001,BHtokt,Bar2001.txt,LAHV,Jan Mayen,2001_1322,1,1,TRUE,0,NA
2001,BHtokt,Bar2001.txt,LAHV,Jan Mayen,2001_1323,1,1,TRUE,0,NA
2001,BHtokt,Bar2001.txt,LAHV,Jan Mayen,2001_1324,1,1,TRUE,0,NA
2001,BHtokt,Bar2001.txt,LAHV,Jan Mayen,2001_1325,1,1,TRUE,0,NA
2001,BHtokt,Bar2001.txt,LAHV,Jan Mayen,2001_1326,1,1,TRUE,0,NA
2001,BHtokt,Bar2001.txt,LAHV,Jan Mayen,2001_1327,1,1,TRUE,0,NA
2001,BHtokt,Bar2001.txt,LAHV,Jan Mayen,2001_1328,1,1,TRUE,0,NA
2001,BHtokt,Bar2001.txt,LAHV,Jan Mayen,2001_1329,1,1,TRUE,0,NA
2001,BHtokt,Bar2001.txt,LAHV,Jan Mayen,2001_1330,1,1,TRUE,0,NA
2001,BHtokt,Bar2001.txt,LAHV,Jan Mayen,2001_1331,1,1,TRUE,0,NA
2001,BHtokt,Bar2001.txt,LAHV,Jan Mayen,2001_1332,1,1,TRUE,0,NA
2001,BHtokt,Bar2001.txt,LAHV,Jan Mayen,2001_1333,1,1,TRUE,0,NA
2001,BHtokt,Bar2001.txt,LAHV,Jan Mayen,2001_1334,1,1,TRUE,0,NA
2001,BHtokt,Bar2001.txt,LAHV,Jan Mayen,2001_1335,1,1,TRUE,0,NA
2001,BHtokt,Bar2001.txt,LAHV,Jan Mayen,2001_1336,1,1,TRUE,0,NA
2001,BHtokt,Bar2001.txt,LAHV,Jan Mayen,2001_1337,1,1,TRUE,0,NA
2001,BHtokt,Bar2001.txt,LAHV,Jan Mayen,2001_1338,1,1,TRUE,0,NA
2001,BHtokt,Bar2001.txt,LAHV,Jan Mayen,2001_1339,1,1,TRUE,0,NA
2001,BHtokt,Bar2001.txt,LAHV,Jan Mayen,2001_1340,1,1,TRUE,0,NA
2001,BHtokt,Bar2001.txt,LAHV,Jan Mayen,2001_1341,1,1,TRUE,0,NA
2001,BHtokt,Bar2001.txt,LAHV,Jan Mayen,2001_1342,1,1,TRUE,0,NA
2001,BHtokt,Bar2001.txt,LAHV,Jan Mayen,2001_1343,1,1,TRUE,0,NA
2001,BHtokt,Bar2001.txt,LAHV,Jan Mayen,2001_1344,1,1,TRUE,0,NA
2001,BHtokt,Bar2001.txt,LAHV,Jan Mayen,2001_1345,1,1,TRUE,0,NA
2001,BHtokt,Bar2001.txt,LAHV,Jan Mayen,2001_1346,1,1,TRUE,0,NA
2001,BHtokt,Bar2001.txt,LAHV,Jan Mayen,2001_1347,1,1,TRUE,0,NA
2001,BHtokt,Bar2001.txt,LAHV,Jan Mayen,2001_1348,1,1,TRUE,0,NA
2001,BHtokt,Bar2001.txt,LAHV,Jan Mayen,2001_1349,1,1,TRUE,0,NA
2001,BHtokt,Bar2001.txt,LAHV,Jan Mayen,2001_1350,1,1,TRUE,0,NA
2001,BHtokt,Bar2001.txt,LAHV,Jan Mayen,2001_1351,1,1,TRUE,0,NA
2001,BHtokt,Bar2001.txt,LAHV,Jan Mayen,2001_1352,1,1,TRUE,0,NA
2001,BHtokt,Bar2001.txt,LAHV,Jan Mayen,2001_1353,1,1,TRUE,0,NA
2001,BHtokt,Bar2001.txt,LAHV,Jan Mayen,2001_1354,1,1,TRUE,0,NA
2001,BHtokt,Bar2001.txt,LAHV,Jan Mayen,2001_1355,1,1,TRUE,0,NA
2001,BHtokt,Bar2001.txt,LAHV,Jan Mayen,2001_1356,1,1,TRUE,0,NA
2001,BHtokt,Bar2001.txt,LAHV,Jan Mayen,2001_1357,1,1,TRUE,0,NA
2001,BHtokt,Bar2001.txt,LAHV,Jan Mayen,2001_1358,1,1,TRUE,0,NA
2001,BHtokt,Bar2001.txt,LAHV,Jan Mayen,2001_1359,1,1,TRUE,0,NA
2001,BHtokt,Bar2001.txt,LAHV,Jan Mayen,2001_1360,1,1,TRUE,0,NA
2001,BHtokt,Bar2001.txt,LAHV,Jan Mayen,2001_1361,1,1,TRUE,0,NA
2001,BHtokt,Bar2001.txt,LAHV,Jan Mayen,2001_1362,1,1,TRUE,0,NA
2001,BHtokt,Bar2001.txt,LAHV,Jan Mayen,2001_1363,1,1,TRUE,0,NA
2001,BHtokt,Bar2001.txt,LAHV,Jan Mayen,2001_1364,1,1,TRUE,0,NA
2001,BHtokt,Bar2001.txt,LAHV,Jan Mayen,2001_1365,1,1,TRUE,0,NA
2001,BHtokt,Bar2001.txt,LAHV,Jan Mayen,2001_1366,1,1,TRUE,0,NA
2001,BHtokt,Bar2001.txt,LAHV,Jan Mayen,2001_1367,1,1,TRUE,0,NA
2001,BHtokt,Bar2001.txt,LAHV,Jan Mayen,2001_1368,1,1,TRUE,0,NA
2001,BHtokt,Bar2001.txt,LAHV,Jan Mayen,2001_1369,1,1,TRUE,0,NA
2001,BHtokt,Bar2001.txt,LAHV,Jan Mayen,2001_1370,1,1,TRUE,0,NA
2001,BHtokt,Bar2001.txt,LAHV,Jan Mayen,2001_1371,1,1,TRUE,0,NA
2001,BHtokt,Bar2001.txt,LAHV,Jan Mayen,2001_1372,1,1,TRUE,0,NA
2001,BHtokt,Bar2001.txt,LAHV,Jan Mayen,2001_1373,1,1,TRUE,0,NA
2001,BHtokt,Bar2001.txt,LAHV,Jan Mayen,2001_1374,1,1,TRUE,0,NA
2001,BHtokt,Bar2001.txt,LAHV,Jan Mayen,2001_1375,1,1,TRUE,0,NA
2001,BHtokt,Bar2001.txt,LAHV,Jan Mayen,2001_1376,1,1,TRUE,0,NA
2001,BHtokt,Bar2001.txt,LAHV,Jan Mayen,2001_1377,1,1,TRUE,0,NA
2001,BHtokt,Bar2001.txt,LAHV,Jan Mayen,2001_1378,1,1,TRUE,0,NA
2001,BHtokt,Bar2001.txt,LAHV,Jan Mayen,2001_1379,1,1,TRUE,0,NA
2001,BHtokt,Bar2001.txt,LAHV,Jan Mayen,2001_1380,1,1,TRUE,0,NA
2001,BHtokt,Bar2001.txt,LAHV,Jan Mayen,2001_1381,1,1,TRUE,0,NA
2001,BHtokt,Bar2001.txt,LAHV,Jan Mayen,2001_1382,1,1,TRUE,0,NA
2001,BHtokt,Bar2001.txt,LAHV,Jan Mayen,2001_1383,1,1,TRUE,0,NA
2001,BHtokt,Bar2001.txt,LAHV,Jan Mayen,2001_1384,1,1,TRUE,0,NA
2001,BHtokt,Bar2001.txt,LAHV,Jan Mayen,2001_1385,1,1,TRUE,0,NA
2001,BHtokt,Bar2001.txt,LAHV,Jan Mayen,2001_1386,1,1,TRUE,0,NA
2001,BHtokt,Bar2001.txt,LAHV,Jan Mayen,2001_1387,1,1,TRUE,0,NA
2001,BHtokt,Bar2001.txt,LAHV,Jan Mayen,2001_1388,1,1,TRUE,0,NA
2001,BHtokt,Bar2001.txt,LAHV,Jan Mayen,2001_1389,1,1,TRUE,0,NA
2001,BHtokt,Bar2001.txt,LAHV,Jan Mayen,2001_1390,1,1,TRUE,0,NA
2001,BHtokt,Bar2001.txt,LAHV,Jan Mayen,2001_1391,1,1,TRUE,0,NA
2001,BHtokt,Bar2001.txt,LAHV,Jan Mayen,2001_1392,1,1,TRUE,0,NA
2001,BHtokt,Bar2001.txt,LAHV,Jan Mayen,2001_1393,1,1,TRUE,0,NA
2001,BHtokt,Bar2001.txt,LAHV,Jan Mayen,2001_1394,1,1,TRUE,0,NA
2001,BHtokt,Bar2001.txt,LAHV,Jan Mayen,2001_1395,1,1,TRUE,0,NA
2001,BHtokt,Bar2001.txt,LAHV,Jan Mayen,2001_1396,1,1,TRUE,0,NA
2001,BHtokt,Bar2001.txt,LAHV,Jan Mayen,2001_1397,1,1,TRUE,0,NA
2001,BHtokt,Bar2001.txt,LAHV,Jan Mayen,2001_1398,1,1,TRUE,0,NA
2001,BHtokt,Bar2001.txt,LAHV,Jan Mayen,2001_1399,1,1,TRUE,0,NA
2001,BHtokt,Bar2001.txt,LAHV,Jan Mayen,2001_1400,1,1,TRUE,0,NA
2001,BHtokt,Bar2001.txt,LAHV,Jan Mayen,2001_1401,1,1,TRUE,0,NA
2001,BHtokt,Bar2001.txt,LAHV,Jan Mayen,2001_1402,1,1,TRUE,0,NA
2001,BHtokt,Bar2001.txt,LAHV,Jan Mayen,2001_1403,1,1,TRUE,0,NA
2001,BHtokt,Bar2001.txt,LAHV,Jan Mayen,2001_1404,1,1,TRUE,0,NA
2001,BHtokt,Bar2001.txt,LAHV,Jan Mayen,2001_1405,1,1,TRUE,0,NA
2001,BHtokt,Bar2001.txt,LAHV,Jan Mayen,2001_1406,1,1,TRUE,0,NA
2001,BHtokt,Bar2001.txt,LAHV,Jan Mayen,2001_1407,1,1,TRUE,0,NA
2001,BHtokt,Bar2001.txt,LAHV,Jan Mayen,2001_1408,1,1,TRUE,0,NA
2001,BHtokt,Bar2001.txt,LAHV,Jan Mayen,2001_1409,1,1,TRUE,0,NA
2001,BHtokt,Bar2001.txt,LAHV,Jan Mayen,2001_1410,1,1,TRUE,0,NA
2001,BHtokt,Bar2001.txt,LAHV,Jan Mayen,2001_1411,1,1,TRUE,0,NA
2001,BHtokt,Bar2001.txt,LAHV,Jan Mayen,2001_1412,1,1,TRUE,0,NA
2001,BHtokt,Bar2001.txt,LAHV,Jan Mayen,2001_1413,1,1,TRUE,0,NA
2001,BHtokt,Bar2001.txt,LAHV,Jan Mayen,2001_1414,1,1,TRUE,0,NA
2001,BHtokt,Bar2001.txt,LAHV,Jan Mayen,2001_1415,1,1,TRUE,0,NA
2001,BHtokt,Bar2001.txt,LAHV,Jan Mayen,2001_1416,1,1,TRUE,0,NA
2001,BHtokt,Bar2001.txt,LAHV,Jan Mayen,2001_1417,1,1,TRUE,0,NA
2001,BHtokt,Bar2001.txt,LAHV,Jan Mayen,2001_1418,1,1,FALSE,1,Russian EEZ
2001,BHtokt,Bar2001.txt,LAHV,Jan Mayen,2001_1419,1,1,FALSE,1,Russian EEZ
2001,BHtokt,Bar2001.txt,LAHV,Jan Mayen,2001_1420,1,1,FALSE,1,Russian EEZ
2001,BHtokt,Bar2001.txt,LAHV,Jan Mayen,2001_1421,1,1,FALSE,1,Russian EEZ
2001,BHtokt,Bar2001.txt,LAHV,Jan Mayen,2001_1422,1,1,TRUE,0,NA
2001,BHtokt,Bar2001.txt,LAHV,Jan Mayen,2001_1423,1,1,TRUE,0,NA
2001,BHtokt,Bar2001.txt,LAHV,Jan Mayen,2001_1424,1,1,TRUE,0,NA
2001,BHtokt,Bar2001.txt,LAHV,Jan Mayen,2001_1425,1,1,TRUE,0,NA
2001,BHtokt,Bar2001.txt,LAHV,Jan Mayen,2001_1426,1,1,TRUE,0,NA
2001,BHtokt,Bar2001.txt,LAHV,Jan Mayen,2001_1427,1,1,TRUE,0,NA
2001,BHtokt,Bar2001.txt,LAHV,Jan Mayen,2001_1428,1,1,TRUE,0,NA
2001,BHtokt,Bar2001.txt,LAHV,Jan Mayen,2001_1429,1,1,TRUE,0,NA
2001,BHtokt,Bar2001.txt,LAHV,Jan Mayen,2001_1430,1,1,TRUE,0,NA
2001,BHtokt,Bar2001.txt,LAHV,Jan Mayen,2001_1431,1,1,TRUE,0,NA
2001,BHtokt,Bar2001.txt,LAHV,Jan Mayen,2001_1432,1,1,TRUE,0,NA
2001,BHtokt,Bar2001.txt,LAHV,Jan Mayen,2001_1433,1,1,TRUE,0,NA
2001,BHtokt,Bar2001.txt,LAHV,Jan Mayen,2001_1434,1,1,TRUE,0,NA
2001,BHtokt,Bar2001.txt,LAHV,Jan Mayen,2001_1435,1,1,TRUE,0,NA
2001,BHtokt,Bar2001.txt,LAHV,Jan Mayen,2001_1436,1,1,TRUE,0,NA
2001,BHtokt,Bar2001.txt,LAHV,Jan Mayen,2001_1437,1,1,TRUE,0,NA
2001,BHtokt,Bar2001.txt,LAHV,Jan Mayen,2001_1438,1,1,TRUE,0,NA
2001,BHtokt,Bar2001.txt,LAHV,Jan Mayen,2001_1439,1,1,TRUE,0,NA
2001,BHtokt,Bar2001.txt,LAHV,Jan Mayen,2001_1440,1,1,TRUE,0,NA
2001,BHtokt,Bar2001.txt,LAHV,Jan Mayen,2001_1441,1,1,TRUE,0,NA
2001,BHtokt,Bar2001.txt,LAHV,Jan Mayen,2001_1442,1,1,TRUE,0,NA
2001,BHtokt,Bar2001.txt,LAHV,Jan Mayen,2001_1443,1,1,TRUE,0,NA
2001,BHtokt,Bar2001.txt,LAHV,Jan Mayen,2001_1444,1,1,TRUE,0,NA
2001,BHtokt,Bar2001.txt,LAHV,Jan Mayen,2001_1445,1,1,TRUE,0,NA
2001,BSS,2001110,LHUW,Michael Sars,2001_36,89,267,FALSE,1,Russian EEZ
2001,BSS,2001801,LAHV,Jan Mayen,2001_29,113,339,TRUE,0,NA
2001,CoastalS,2001213,LDGJ,Johan Hjort,2001_35,53,159,TRUE,0,NA
2001,CoastalS,2001832,LAHV,Jan Mayen,2001_179,125,375,TRUE,0,NA
2001,EggaN,2001001,LAOW,Varegg,2001_54,187,561,TRUE,0,NA
2001,Other,2001807,LARD,Ståltor,2001_100,4,12,TRUE,0,NA
2001,Other,2001808,LAHV,Jan Mayen,2001_30,88,264,FALSE,1,Russian EEZ
2001,Other,2001831,JXJQ,Havbryn,2001_60,91,273,TRUE,0,NA
2001,Other,2001836,LAHV,Jan Mayen,2001_7,90,270,FALSE,1,Russian EEZ
2001,WinterS,2001002,LLZG,G.O.Sars,2001_26,175,525,FALSE,1,Russian EEZ
2001,WinterS,2001202,LDGJ,Johan Hjort,2001_22,145,435,FALSE,1,Russian EEZ
2002,BHtokt,Bar2002.txt,LAHV,Jan Mayen,2002_1001,1,1,TRUE,0,NA
2002,BHtokt,Bar2002.txt,LAHV,Jan Mayen,2002_1002,1,1,TRUE,0,NA
2002,BHtokt,Bar2002.txt,LAHV,Jan Mayen,2002_1003,1,1,TRUE,0,NA
2002,BHtokt,Bar2002.txt,LAHV,Jan Mayen,2002_1004,1,1,TRUE,0,NA
2002,BHtokt,Bar2002.txt,LAHV,Jan Mayen,2002_1005,1,1,TRUE,0,NA
2002,BHtokt,Bar2002.txt,LAHV,Jan Mayen,2002_1006,1,1,TRUE,0,NA
2002,BHtokt,Bar2002.txt,LAHV,Jan Mayen,2002_1007,1,1,TRUE,0,NA
2002,BHtokt,Bar2002.txt,LAHV,Jan Mayen,2002_1008,1,1,TRUE,0,NA
2002,BHtokt,Bar2002.txt,LAHV,Jan Mayen,2002_1009,1,1,TRUE,0,NA
2002,BHtokt,Bar2002.txt,LAHV,Jan Mayen,2002_1010,1,1,TRUE,0,NA
2002,BHtokt,Bar2002.txt,LAHV,Jan Mayen,2002_1011,1,1,TRUE,0,NA
2002,BHtokt,Bar2002.txt,LAHV,Jan Mayen,2002_1012,1,1,TRUE,0,NA
2002,BHtokt,Bar2002.txt,LAHV,Jan Mayen,2002_1013,1,1,TRUE,0,NA
2002,BHtokt,Bar2002.txt,LAHV,Jan Mayen,2002_1014,1,1,TRUE,0,NA
2002,BHtokt,Bar2002.txt,LAHV,Jan Mayen,2002_1015,1,1,TRUE,0,NA
2002,BHtokt,Bar2002.txt,LAHV,Jan Mayen,2002_1016,1,1,TRUE,0,NA
2002,BHtokt,Bar2002.txt,LAHV,Jan Mayen,2002_1017,1,1,TRUE,0,NA
2002,BHtokt,Bar2002.txt,LAHV,Jan Mayen,2002_1018,1,1,TRUE,0,NA
2002,BHtokt,Bar2002.txt,LAHV,Jan Mayen,2002_1019,1,1,TRUE,0,NA
2002,BHtokt,Bar2002.txt,LAHV,Jan Mayen,2002_1020,1,1,TRUE,0,NA
2002,BHtokt,Bar2002.txt,LAHV,Jan Mayen,2002_1021,1,1,TRUE,0,NA
2002,BHtokt,Bar2002.txt,LAHV,Jan Mayen,2002_1022,1,1,TRUE,0,NA
2002,BHtokt,Bar2002.txt,LAHV,Jan Mayen,2002_1023,1,1,TRUE,0,NA
2002,BHtokt,Bar2002.txt,LAHV,Jan Mayen,2002_1024,1,1,TRUE,0,NA
2002,BHtokt,Bar2002.txt,LAHV,Jan Mayen,2002_1025,1,1,TRUE,0,NA
2002,BHtokt,Bar2002.txt,LAHV,Jan Mayen,2002_1026,1,1,TRUE,0,NA
2002,BHtokt,Bar2002.txt,LAHV,Jan Mayen,2002_1027,1,1,TRUE,0,NA
2002,BHtokt,Bar2002.txt,LAHV,Jan Mayen,2002_1028,1,1,TRUE,0,NA
2002,BHtokt,Bar2002.txt,LAHV,Jan Mayen,2002_1029,1,1,TRUE,0,NA
2002,BHtokt,Bar2002.txt,LAHV,Jan Mayen,2002_1030,1,1,TRUE,0,NA
2002,BHtokt,Bar2002.txt,LAHV,Jan Mayen,2002_1031,1,1,TRUE,0,NA
2002,BHtokt,Bar2002.txt,LAHV,Jan Mayen,2002_1032,1,1,TRUE,0,NA
2002,BHtokt,Bar2002.txt,LAHV,Jan Mayen,2002_1033,1,1,TRUE,0,NA
2002,BHtokt,Bar2002.txt,LAHV,Jan Mayen,2002_1034,1,1,TRUE,0,NA
2002,BHtokt,Bar2002.txt,LAHV,Jan Mayen,2002_1035,1,1,TRUE,0,NA
2002,BHtokt,Bar2002.txt,LAHV,Jan Mayen,2002_1036,1,1,TRUE,0,NA
2002,BHtokt,Bar2002.txt,LAHV,Jan Mayen,2002_1037,1,1,TRUE,0,NA
2002,BHtokt,Bar2002.txt,LAHV,Jan Mayen,2002_1038,1,1,TRUE,0,NA
2002,BHtokt,Bar2002.txt,LAHV,Jan Mayen,2002_1039,1,1,TRUE,0,NA
2002,BHtokt,Bar2002.txt,LAHV,Jan Mayen,2002_1040,1,1,TRUE,0,NA
2002,BHtokt,Bar2002.txt,LAHV,Jan Mayen,2002_1041,1,1,TRUE,0,NA
2002,BHtokt,Bar2002.txt,LAHV,Jan Mayen,2002_1042,1,1,TRUE,0,NA
2002,BHtokt,Bar2002.txt,LAHV,Jan Mayen,2002_1043,1,1,TRUE,0,NA
2002,BHtokt,Bar2002.txt,LAHV,Jan Mayen,2002_1044,1,1,TRUE,0,NA
2002,BHtokt,Bar2002.txt,LAHV,Jan Mayen,2002_1045,1,1,TRUE,0,NA
2002,BHtokt,Bar2002.txt,LAHV,Jan Mayen,2002_1046,1,1,TRUE,0,NA
2002,BHtokt,Bar2002.txt,LAHV,Jan Mayen,2002_1047,1,1,TRUE,0,NA
2002,BHtokt,Bar2002.txt,LAHV,Jan Mayen,2002_1048,1,1,TRUE,0,NA
2002,BHtokt,Bar2002.txt,LAHV,Jan Mayen,2002_1049,1,1,TRUE,0,NA
2002,BHtokt,Bar2002.txt,LAHV,Jan Mayen,2002_1050,1,1,TRUE,0,NA
2002,BHtokt,Bar2002.txt,LAHV,Jan Mayen,2002_1051,1,1,TRUE,0,NA
2002,BHtokt,Bar2002.txt,LAHV,Jan Mayen,2002_1052,1,1,TRUE,0,NA
2002,BHtokt,Bar2002.txt,LAHV,Jan Mayen,2002_1053,1,1,TRUE,0,NA
2002,BHtokt,Bar2002.txt,LAHV,Jan Mayen,2002_1054,1,1,TRUE,0,NA
2002,BHtokt,Bar2002.txt,LAHV,Jan Mayen,2002_1055,1,1,TRUE,0,NA
2002,BHtokt,Bar2002.txt,LAHV,Jan Mayen,2002_1056,1,1,TRUE,0,NA
2002,BHtokt,Bar2002.txt,LAHV,Jan Mayen,2002_1057,1,1,TRUE,0,NA
2002,BHtokt,Bar2002.txt,LAHV,Jan Mayen,2002_1058,1,1,TRUE,0,NA
2002,BHtokt,Bar2002.txt,LAHV,Jan Mayen,2002_1059,1,1,TRUE,0,NA
2002,BHtokt,Bar2002.txt,LAHV,Jan Mayen,2002_1060,1,1,TRUE,0,NA
2002,BHtokt,Bar2002.txt,LAHV,Jan Mayen,2002_1061,1,1,TRUE,0,NA
2002,BHtokt,Bar2002.txt,LAHV,Jan Mayen,2002_1062,1,1,TRUE,0,NA
2002,BHtokt,Bar2002.txt,LAHV,Jan Mayen,2002_1063,1,1,TRUE,0,NA
2002,BHtokt,Bar2002.txt,LAHV,Jan Mayen,2002_1064,1,1,TRUE,0,NA
2002,BHtokt,Bar2002.txt,LAHV,Jan Mayen,2002_1065,1,1,TRUE,0,NA
2002,BHtokt,Bar2002.txt,LAHV,Jan Mayen,2002_1066,1,1,TRUE,0,NA
2002,BHtokt,Bar2002.txt,LAHV,Jan Mayen,2002_1067,1,1,TRUE,0,NA
2002,BHtokt,Bar2002.txt,LAHV,Jan Mayen,2002_1068,1,1,TRUE,0,NA
2002,BHtokt,Bar2002.txt,LAHV,Jan Mayen,2002_1069,1,1,TRUE,0,NA
2002,BHtokt,Bar2002.txt,LAHV,Jan Mayen,2002_1070,1,1,TRUE,0,NA
2002,BHtokt,Bar2002.txt,LAHV,Jan Mayen,2002_1071,1,1,TRUE,0,NA
2002,BHtokt,Bar2002.txt,LAHV,Jan Mayen,2002_1072,1,1,TRUE,0,NA
2002,BHtokt,Bar2002.txt,LAHV,Jan Mayen,2002_1073,1,1,TRUE,0,NA
2002,BHtokt,Bar2002.txt,LAHV,Jan Mayen,2002_1074,1,1,TRUE,0,NA
2002,BHtokt,Bar2002.txt,LAHV,Jan Mayen,2002_1075,1,1,TRUE,0,NA
2002,BHtokt,Bar2002.txt,LAHV,Jan Mayen,2002_1076,1,1,TRUE,0,NA
2002,BHtokt,Bar2002.txt,LAHV,Jan Mayen,2002_1077,1,1,TRUE,0,NA
2002,BHtokt,Bar2002.txt,LAHV,Jan Mayen,2002_1078,1,1,TRUE,0,NA
2002,BHtokt,Bar2002.txt,LAHV,Jan Mayen,2002_1079,1,1,TRUE,0,NA
2002,BHtokt,Bar2002.txt,LAHV,Jan Mayen,2002_1080,1,1,TRUE,0,NA
2002,BHtokt,Bar2002.txt,LAHV,Jan Mayen,2002_1081,1,1,TRUE,0,NA
2002,BHtokt,Bar2002.txt,LAHV,Jan Mayen,2002_1082,1,1,TRUE,0,NA
2002,BHtokt,Bar2002.txt,LAHV,Jan Mayen,2002_1083,1,1,TRUE,0,NA
2002,BHtokt,Bar2002.txt,LAHV,Jan Mayen,2002_1084,1,1,TRUE,0,NA
2002,BHtokt,Bar2002.txt,LAHV,Jan Mayen,2002_1085,1,1,TRUE,0,NA
2002,BHtokt,Bar2002.txt,LAHV,Jan Mayen,2002_1086,1,1,TRUE,0,NA
2002,BHtokt,Bar2002.txt,LAHV,Jan Mayen,2002_1087,1,1,TRUE,0,NA
2002,BHtokt,Bar2002.txt,LAHV,Jan Mayen,2002_1088,1,1,TRUE,0,NA
2002,BHtokt,Bar2002.txt,LAHV,Jan Mayen,2002_1089,1,1,TRUE,0,NA
2002,BHtokt,Bar2002.txt,LAHV,Jan Mayen,2002_1090,1,1,TRUE,0,NA
2002,BHtokt,Bar2002.txt,LAHV,Jan Mayen,2002_1091,1,1,TRUE,0,NA
2002,BHtokt,Bar2002.txt,LAHV,Jan Mayen,2002_1092,1,1,TRUE,0,NA
2002,BHtokt,Bar2002.txt,LAHV,Jan Mayen,2002_1093,1,1,TRUE,0,NA
2002,BHtokt,Bar2002.txt,LAHV,Jan Mayen,2002_1094,1,1,TRUE,0,NA
2002,BHtokt,Bar2002.txt,LAHV,Jan Mayen,2002_1095,1,1,TRUE,0,NA
2002,BHtokt,Bar2002.txt,LAHV,Jan Mayen,2002_1096,1,1,TRUE,0,NA
2002,BHtokt,Bar2002.txt,LAHV,Jan Mayen,2002_1097,1,1,TRUE,0,NA
2002,BHtokt,Bar2002.txt,LAHV,Jan Mayen,2002_1098,1,1,TRUE,0,NA
2002,BHtokt,Bar2002.txt,LAHV,Jan Mayen,2002_1099,1,1,TRUE,0,NA
2002,BHtokt,Bar2002.txt,LAHV,Jan Mayen,2002_1100,1,1,TRUE,0,NA
2002,BHtokt,Bar2002.txt,LAHV,Jan Mayen,2002_1101,1,1,TRUE,0,NA
2002,BHtokt,Bar2002.txt,LAHV,Jan Mayen,2002_1102,1,1,TRUE,0,NA
2002,BHtokt,Bar2002.txt,LAHV,Jan Mayen,2002_1103,1,1,TRUE,0,NA
2002,BHtokt,Bar2002.txt,LAHV,Jan Mayen,2002_1104,1,1,TRUE,0,NA
2002,BHtokt,Bar2002.txt,LAHV,Jan Mayen,2002_1105,1,1,TRUE,0,NA
2002,BHtokt,Bar2002.txt,LAHV,Jan Mayen,2002_1106,1,1,TRUE,0,NA
2002,BHtokt,Bar2002.txt,LAHV,Jan Mayen,2002_1107,1,1,TRUE,0,NA
2002,BHtokt,Bar2002.txt,LAHV,Jan Mayen,2002_1108,1,1,TRUE,0,NA
2002,BHtokt,Bar2002.txt,LAHV,Jan Mayen,2002_1109,1,1,TRUE,0,NA
2002,BHtokt,Bar2002.txt,LAHV,Jan Mayen,2002_1110,1,1,TRUE,0,NA
2002,BHtokt,Bar2002.txt,LAHV,Jan Mayen,2002_1111,1,1,TRUE,0,NA
2002,BHtokt,Bar2002.txt,LAHV,Jan Mayen,2002_1112,1,1,TRUE,0,NA
2002,BHtokt,Bar2002.txt,LAHV,Jan Mayen,2002_1113,1,1,TRUE,0,NA
2002,BHtokt,Bar2002.txt,LAHV,Jan Mayen,2002_1114,1,1,TRUE,0,NA
2002,BHtokt,Bar2002.txt,LAHV,Jan Mayen,2002_1115,1,1,TRUE,0,NA
2002,BHtokt,Bar2002.txt,LAHV,Jan Mayen,2002_1116,1,1,TRUE,0,NA
2002,BHtokt,Bar2002.txt,LAHV,Jan Mayen,2002_1117,1,1,TRUE,0,NA
2002,BHtokt,Bar2002.txt,LAHV,Jan Mayen,2002_1118,1,1,TRUE,0,NA
2002,BHtokt,Bar2002.txt,LAHV,Jan Mayen,2002_1119,1,1,TRUE,0,NA
2002,BHtokt,Bar2002.txt,LAHV,Jan Mayen,2002_1120,1,1,TRUE,0,NA
2002,BHtokt,Bar2002.txt,LAHV,Jan Mayen,2002_1121,1,1,TRUE,0,NA
2002,BHtokt,Bar2002.txt,LAHV,Jan Mayen,2002_1122,1,1,TRUE,0,NA
2002,BHtokt,Bar2002.txt,LAHV,Jan Mayen,2002_1123,1,1,TRUE,0,NA
2002,BHtokt,Bar2002.txt,LAHV,Jan Mayen,2002_1124,1,1,TRUE,0,NA
2002,BHtokt,Bar2002.txt,LAHV,Jan Mayen,2002_1125,1,1,TRUE,0,NA
2002,BHtokt,Bar2002.txt,LAHV,Jan Mayen,2002_1126,1,1,TRUE,0,NA
2002,BHtokt,Bar2002.txt,LAHV,Jan Mayen,2002_1127,1,1,TRUE,0,NA
2002,BHtokt,Bar2002.txt,LAHV,Jan Mayen,2002_1128,1,1,TRUE,0,NA
2002,BHtokt,Bar2002.txt,LAHV,Jan Mayen,2002_1129,1,1,TRUE,0,NA
2002,BHtokt,Bar2002.txt,LAHV,Jan Mayen,2002_1130,1,1,TRUE,0,NA
2002,BHtokt,Bar2002.txt,LAHV,Jan Mayen,2002_1131,1,1,TRUE,0,NA
2002,BHtokt,Bar2002.txt,LAHV,Jan Mayen,2002_1132,1,1,TRUE,0,NA
2002,BHtokt,Bar2002.txt,LAHV,Jan Mayen,2002_1133,1,1,TRUE,0,NA
2002,BHtokt,Bar2002.txt,LAHV,Jan Mayen,2002_1134,1,1,TRUE,0,NA
2002,BHtokt,Bar2002.txt,LAHV,Jan Mayen,2002_1135,1,1,TRUE,0,NA
2002,BHtokt,Bar2002.txt,LAHV,Jan Mayen,2002_1136,1,1,TRUE,0,NA
2002,BHtokt,Bar2002.txt,LAHV,Jan Mayen,2002_1137,1,1,TRUE,0,NA
2002,BHtokt,Bar2002.txt,LAHV,Jan Mayen,2002_1138,1,1,TRUE,0,NA
2002,BHtokt,Bar2002.txt,LAHV,Jan Mayen,2002_1139,1,1,TRUE,0,NA
2002,BHtokt,Bar2002.txt,LAHV,Jan Mayen,2002_1140,1,1,TRUE,0,NA
2002,BHtokt,Bar2002.txt,LAHV,Jan Mayen,2002_1141,1,1,TRUE,0,NA
2002,BHtokt,Bar2002.txt,LAHV,Jan Mayen,2002_1142,1,1,TRUE,0,NA
2002,BHtokt,Bar2002.txt,LAHV,Jan Mayen,2002_1143,1,1,TRUE,0,NA
2002,BHtokt,Bar2002.txt,LAHV,Jan Mayen,2002_1144,1,1,TRUE,0,NA
2002,BHtokt,Bar2002.txt,LAHV,Jan Mayen,2002_1145,1,1,TRUE,0,NA
2002,BHtokt,Bar2002.txt,LAHV,Jan Mayen,2002_1146,1,1,TRUE,0,NA
2002,BHtokt,Bar2002.txt,LAHV,Jan Mayen,2002_1147,1,1,TRUE,0,NA
2002,BHtokt,Bar2002.txt,LAHV,Jan Mayen,2002_1148,1,1,TRUE,0,NA
2002,BHtokt,Bar2002.txt,LAHV,Jan Mayen,2002_1149,1,1,TRUE,0,NA
2002,BHtokt,Bar2002.txt,LAHV,Jan Mayen,2002_1150,1,1,TRUE,0,NA
2002,BHtokt,Bar2002.txt,LAHV,Jan Mayen,2002_1151,1,1,TRUE,0,NA
2002,BHtokt,Bar2002.txt,LAHV,Jan Mayen,2002_1152,1,1,TRUE,0,NA
2002,BHtokt,Bar2002.txt,LAHV,Jan Mayen,2002_1153,1,1,TRUE,0,NA
2002,BHtokt,Bar2002.txt,LAHV,Jan Mayen,2002_1154,1,1,TRUE,0,NA
2002,BHtokt,Bar2002.txt,LAHV,Jan Mayen,2002_1155,1,1,TRUE,0,NA
2002,BHtokt,Bar2002.txt,LAHV,Jan Mayen,2002_1156,1,1,TRUE,0,NA
2002,BHtokt,Bar2002.txt,LAHV,Jan Mayen,2002_1157,1,1,TRUE,0,NA
2002,BHtokt,Bar2002.txt,LAHV,Jan Mayen,2002_1158,1,1,TRUE,0,NA
2002,BHtokt,Bar2002.txt,LAHV,Jan Mayen,2002_1159,1,1,TRUE,0,NA
2002,BHtokt,Bar2002.txt,LAHV,Jan Mayen,2002_1160,1,1,TRUE,0,NA
2002,BHtokt,Bar2002.txt,LAHV,Jan Mayen,2002_1161,1,1,TRUE,0,NA
2002,BHtokt,Bar2002.txt,LAHV,Jan Mayen,2002_1162,1,1,TRUE,0,NA
2002,BHtokt,Bar2002.txt,LAHV,Jan Mayen,2002_1163,1,1,TRUE,0,NA
2002,BHtokt,Bar2002.txt,LAHV,Jan Mayen,2002_1446,1,1,TRUE,0,NA
2002,BHtokt,Bar2002.txt,LAHV,Jan Mayen,2002_1447,1,1,TRUE,0,NA
2002,BHtokt,Bar2002.txt,LAHV,Jan Mayen,2002_1448,1,1,TRUE,0,NA
2002,BHtokt,Bar2002.txt,LAHV,Jan Mayen,2002_1449,1,1,TRUE,0,NA
2002,BHtokt,Bar2002.txt,LAHV,Jan Mayen,2002_1450,1,1,TRUE,0,NA
2002,BHtokt,Bar2002.txt,LAHV,Jan Mayen,2002_1451,1,1,TRUE,0,NA
2002,BHtokt,Bar2002.txt,LAHV,Jan Mayen,2002_1452,1,1,TRUE,0,NA
2002,BHtokt,Bar2002.txt,LAHV,Jan Mayen,2002_1453,1,1,TRUE,0,NA
2002,BHtokt,Bar2002.txt,LAHV,Jan Mayen,2002_1454,1,1,TRUE,0,NA
2002,BHtokt,Bar2002.txt,LAHV,Jan Mayen,2002_1455,1,1,TRUE,0,NA
2002,BHtokt,Bar2002.txt,LAHV,Jan Mayen,2002_1456,1,1,TRUE,0,NA
2002,BHtokt,Bar2002.txt,LAHV,Jan Mayen,2002_1457,1,1,TRUE,0,NA
2002,BHtokt,Bar2002.txt,LAHV,Jan Mayen,2002_1458,1,1,TRUE,0,NA
2002,BHtokt,Bar2002.txt,LAHV,Jan Mayen,2002_1459,1,1,TRUE,0,NA
2002,BHtokt,Bar2002.txt,LAHV,Jan Mayen,2002_1460,1,1,TRUE,0,NA
2002,BHtokt,Bar2002.txt,LAHV,Jan Mayen,2002_1461,1,1,TRUE,0,NA
2002,BHtokt,Bar2002.txt,LAHV,Jan Mayen,2002_1462,1,1,TRUE,0,NA
2002,BHtokt,Bar2002.txt,LAHV,Jan Mayen,2002_1463,1,1,TRUE,0,NA
2002,BHtokt,Bar2002.txt,LAHV,Jan Mayen,2002_1464,1,1,TRUE,0,NA
2002,BHtokt,Bar2002.txt,LAHV,Jan Mayen,2002_1465,1,1,TRUE,0,NA
2002,BHtokt,Bar2002.txt,LAHV,Jan Mayen,2002_1466,1,1,TRUE,0,NA
2002,BHtokt,Bar2002.txt,LAHV,Jan Mayen,2002_1467,1,1,TRUE,0,NA
2002,BHtokt,Bar2002.txt,LAHV,Jan Mayen,2002_1468,1,1,TRUE,0,NA
2002,BHtokt,Bar2002.txt,LAHV,Jan Mayen,2002_1469,1,1,TRUE,0,NA
2002,BHtokt,Bar2002.txt,LAHV,Jan Mayen,2002_1470,1,1,TRUE,0,NA
2002,BHtokt,Bar2002.txt,LAHV,Jan Mayen,2002_1471,1,1,TRUE,0,NA
2002,BHtokt,Bar2002.txt,LAHV,Jan Mayen,2002_1472,1,1,TRUE,0,NA
2002,BHtokt,Bar2002.txt,LAHV,Jan Mayen,2002_1473,1,1,TRUE,0,NA
2002,BHtokt,Bar2002.txt,LAHV,Jan Mayen,2002_1474,1,1,TRUE,0,NA
2002,BHtokt,Bar2002.txt,LAHV,Jan Mayen,2002_1475,1,1,TRUE,0,NA
2002,BHtokt,Bar2002.txt,LAHV,Jan Mayen,2002_1476,1,1,TRUE,0,NA
2002,BHtokt,Bar2002.txt,LAHV,Jan Mayen,2002_1477,1,1,TRUE,0,NA
2002,BHtokt,Bar2002.txt,LAHV,Jan Mayen,2002_1478,1,1,TRUE,0,NA
2002,BHtokt,Bar2002.txt,LAHV,Jan Mayen,2002_1479,1,1,TRUE,0,NA
2002,BHtokt,Bar2002.txt,LAHV,Jan Mayen,2002_1480,1,1,TRUE,0,NA
2002,BHtokt,Bar2002.txt,LAHV,Jan Mayen,2002_1481,1,1,TRUE,0,NA
2002,BHtokt,Bar2002.txt,LAHV,Jan Mayen,2002_1482,1,1,TRUE,0,NA
2002,BHtokt,Bar2002.txt,LAHV,Jan Mayen,2002_1483,1,1,TRUE,0,NA
2002,BHtokt,Bar2002.txt,LAHV,Jan Mayen,2002_1484,1,1,FALSE,1,Russian EEZ
2002,BHtokt,Bar2002.txt,LAHV,Jan Mayen,2002_1485,1,1,FALSE,1,Russian EEZ
2002,BHtokt,Bar2002.txt,LAHV,Jan Mayen,2002_1486,1,1,TRUE,0,NA
2002,BHtokt,Bar2002.txt,LAHV,Jan Mayen,2002_1487,1,1,TRUE,0,NA
2002,BHtokt,Bar2002.txt,LAHV,Jan Mayen,2002_1488,1,1,TRUE,0,NA
2002,BHtokt,Bar2002.txt,LAHV,Jan Mayen,2002_1489,1,1,TRUE,0,NA
2002,BHtokt,Bar2002.txt,LAHV,Jan Mayen,2002_1490,1,1,TRUE,0,NA
2002,BHtokt,Bar2002.txt,LAHV,Jan Mayen,2002_1491,1,1,TRUE,0,NA
2002,BHtokt,Bar2002.txt,LAHV,Jan Mayen,2002_1492,1,1,TRUE,0,NA
2002,BHtokt,Bar2002.txt,LAHV,Jan Mayen,2002_1493,1,1,TRUE,0,NA
2002,BHtokt,Bar2002.txt,LAHV,Jan Mayen,2002_1494,1,1,TRUE,0,NA
2002,BHtokt,Bar2002.txt,LAHV,Jan Mayen,2002_1495,1,1,TRUE,0,NA
2002,BHtokt,Bar2002.txt,LAHV,Jan Mayen,2002_1496,1,1,TRUE,0,NA
2002,BSS,2002211,LDGJ,Johan Hjort,2002_6,137,411,FALSE,1,Russian EEZ
2002,BSS,2002702,LAHV,Jan Mayen,2002_4,118,354,TRUE,0,NA
2002,CoastalS,2002214,LDGJ,Johan Hjort,2002_8,55,165,TRUE,0,NA
2002,CoastalS,2002710,LAHV,Jan Mayen,2002_326,169,507,TRUE,0,NA
2002,EggaN,2002828,LAOW,Varegg,2002_23,187,561,TRUE,0,NA
2002,Other,2002003,LLZG,G.O.Sars,2002_34,46,138,TRUE,0,NA
2002,Other,2002005,LLZG,G.O.Sars,2002_36,3,9,TRUE,0,NA
2002,Other,2002703,LAHV,Jan Mayen,2002_5,77,231,FALSE,1,Russian EEZ
2002,Other,2002822,LNWV,Rosund,2002_66,5,15,TRUE,0,NA
2002,WinterS,2002002,LLZG,G.O.Sars,2002_12,148,444,FALSE,1,Russian EEZ
2002,WinterS,2002203,LDGJ,Johan Hjort,2002_16,144,432,FALSE,1,Russian EEZ
2003,BlkvProj,TNNOV03.SPD,JXNA,Prestfjord,2003_1001,1,1,TRUE,0,NA
2003,BlkvProj,TNNOV03.SPD,JXNA,Prestfjord,2003_1002,1,1,TRUE,0,NA
2003,BlkvProj,TNNOV03.SPD,JXNA,Prestfjord,2003_1003,1,1,TRUE,0,NA
2003,BlkvProj,TNNOV03.SPD,JXNA,Prestfjord,2003_1004,1,1,TRUE,0,NA
2003,BlkvProj,TNNOV03.SPD,JXNA,Prestfjord,2003_1005,1,1,TRUE,0,NA
2003,BlkvProj,TNNOV03.SPD,JXNA,Prestfjord,2003_1006,1,1,TRUE,0,NA
2003,BlkvProj,TNNOV03.SPD,JXNA,Prestfjord,2003_1007,1,1,TRUE,0,NA
2003,BlkvProj,TNNOV03.SPD,JXNA,Prestfjord,2003_1008,1,1,TRUE,0,NA
2003,BlkvProj,TNNOV03.SPD,JXNA,Prestfjord,2003_1009,1,1,TRUE,0,NA
2003,BlkvProj,TNNOV03.SPD,JXNA,Prestfjord,2003_1010,1,1,TRUE,0,NA
2003,BlkvProj,TNNOV03.SPD,JXNA,Prestfjord,2003_1011,1,1,TRUE,0,NA
2003,BlkvProj,TNNOV03.SPD,JXNA,Prestfjord,2003_1012,1,1,TRUE,0,NA
2003,BlkvProj,TNNOV03.SPD,JXNA,Prestfjord,2003_1013,1,1,TRUE,0,NA
2003,BlkvProj,TNNOV03.SPD,JXNA,Prestfjord,2003_1014,1,1,TRUE,0,NA
2003,BlkvProj,TNNOV03.SPD,JXNA,Prestfjord,2003_1015,1,1,TRUE,0,NA
2003,BlkvProj,TNNOV03.SPD,JXNA,Prestfjord,2003_1016,1,1,TRUE,0,NA
2003,BlkvProj,TNNOV03.SPD,JXNA,Prestfjord,2003_1017,1,1,TRUE,0,NA
2003,BlkvProj,TNNOV03.SPD,JXNA,Prestfjord,2003_1018,1,1,TRUE,0,NA
2003,BlkvProj,TNNOV03.SPD,JXNA,Prestfjord,2003_1019,1,1,TRUE,0,NA
2003,BlkvProj,TNNOV03.SPD,JXNA,Prestfjord,2003_1020,1,1,TRUE,0,NA
2003,BlkvProj,TNNOV03.SPD,JXNA,Prestfjord,2003_1021,1,1,TRUE,0,NA
2003,BlkvProj,TNNOV03.SPD,JXNA,Prestfjord,2003_1022,1,1,TRUE,0,NA
2003,BlkvProj,TNNOV03.SPD,JXNA,Prestfjord,2003_1023,1,1,TRUE,0,NA
2003,BlkvProj,TNNOV03.SPD,JXNA,Prestfjord,2003_1024,1,1,TRUE,0,NA
2003,BlkvProj,TNNOV03.SPD,JXNA,Prestfjord,2003_1025,1,1,TRUE,0,NA
2003,BlkvProj,TNNOV03.SPD,JXNA,Prestfjord,2003_1026,1,1,TRUE,0,NA
2003,BlkvProj,TNNOV03.SPD,JXNA,Prestfjord,2003_1027,1,1,TRUE,0,NA
2003,BlkvProj,TNNOV03.SPD,JXNA,Prestfjord,2003_1028,1,1,TRUE,0,NA
2003,BlkvProj,TNNOV03.SPD,JXNA,Prestfjord,2003_1029,1,1,TRUE,0,NA
2003,BlkvProj,TNNOV03.SPD,JXNA,Prestfjord,2003_1030,1,1,TRUE,0,NA
2003,BlkvProj,TNNOV03.SPD,JXNA,Prestfjord,2003_1031,1,1,TRUE,0,NA
2003,BlkvProj,TNNOV03.SPD,JXNA,Prestfjord,2003_1032,1,1,TRUE,0,NA
2003,BlkvProj,TNNOV03.SPD,JXNA,Prestfjord,2003_1033,1,1,TRUE,0,NA
2003,BlkvProj,TNNOV03.SPD,JXNA,Prestfjord,2003_1034,1,1,TRUE,0,NA
2003,BlkvProj,TNNOV03.SPD,JXNA,Prestfjord,2003_1035,1,1,TRUE,0,NA
2003,BlkvProj,TNNOV03.SPD,JXNA,Prestfjord,2003_1036,1,1,TRUE,0,NA
2003,BlkvProj,TNNOV03.SPD,JXNA,Prestfjord,2003_1037,1,1,TRUE,0,NA
2003,BlkvProj,TNNOV03.SPD,JXNA,Prestfjord,2003_1038,1,1,TRUE,0,NA
2003,BlkvProj,TNNOV03.SPD,JXNA,Prestfjord,2003_1039,1,1,TRUE,0,NA
2003,BlkvProj,TNNOV03.SPD,JXNA,Prestfjord,2003_1040,1,1,TRUE,0,NA
2003,BlkvProj,TNNOV03.SPD,JXNA,Prestfjord,2003_1041,1,1,TRUE,0,NA
2003,BlkvProj,TNNOV03.SPD,JXNA,Prestfjord,2003_1042,1,1,TRUE,0,NA
2003,BlkvProj,TNNOV03.SPD,JXNA,Prestfjord,2003_1043,1,1,TRUE,0,NA
2003,BlkvProj,TNNOV03.SPD,JXNA,Prestfjord,2003_1044,1,1,TRUE,0,NA
2003,BlkvProj,TNNOV03.SPD,JXNA,Prestfjord,2003_1045,1,1,TRUE,0,NA
2003,BlkvProj,TNNOV03.SPD,JXNA,Prestfjord,2003_1046,1,1,TRUE,0,NA
2003,BlkvProj,TNNOV03.SPD,JXNA,Prestfjord,2003_1047,1,1,TRUE,0,NA
2003,BlkvProj,TNNOV03.SPD,JXNA,Prestfjord,2003_1048,1,1,TRUE,0,NA
2003,BlkvProj,TNNOV03.SPD,JXNA,Prestfjord,2003_1049,1,1,TRUE,0,NA
2003,BlkvProj,TNNOV03.SPD,JXNA,Prestfjord,2003_1050,1,1,TRUE,0,NA
2003,BlkvProj,TNNOV03.SPD,JXNA,Prestfjord,2003_1051,1,1,TRUE,0,NA
2003,BlkvProj,TNNOV03.SPD,JXNA,Prestfjord,2003_1052,1,1,TRUE,0,NA
2003,BlkvProj,TNNOV03.SPD,JXNA,Prestfjord,2003_1053,1,1,TRUE,0,NA
2003,BlkvProj,TNNOV03.SPD,JXNA,Prestfjord,2003_1054,1,1,TRUE,0,NA
2003,BlkvProj,TNNOV03.SPD,JXNA,Prestfjord,2003_1055,1,1,TRUE,0,NA
2003,BlkvProj,TNNOV03.SPD,JXNA,Prestfjord,2003_1056,1,1,TRUE,0,NA
2003,BlkvProj,TNNOV03.SPD,JXNA,Prestfjord,2003_1057,1,1,TRUE,0,NA
2003,BlkvProj,TNNOV03.SPD,JXNA,Prestfjord,2003_1058,1,1,TRUE,0,NA
2003,BlkvProj,TNNOV03.SPD,JXNA,Prestfjord,2003_1059,1,1,TRUE,0,NA
2003,BlkvProj,TNNOV03.SPD,JXNA,Prestfjord,2003_1060,1,1,TRUE,0,NA
2003,BlkvProj,TNNOV03.SPD,JXNA,Prestfjord,2003_1061,1,1,TRUE,0,NA
2003,BlkvProj,TNNOV03.SPD,JXNA,Prestfjord,2003_1062,1,1,TRUE,0,NA
2003,BlkvProj,TNNOV03.SPD,JXNA,Prestfjord,2003_1063,1,1,TRUE,0,NA
2003,BlkvProj,TNNOV03.SPD,JXNA,Prestfjord,2003_1064,1,1,TRUE,0,NA
2003,BlkvProj,TNNOV03.SPD,JXNA,Prestfjord,2003_1065,1,1,TRUE,0,NA
2003,BlkvProj,TNNOV03.SPD,JXNA,Prestfjord,2003_1066,1,1,TRUE,0,NA
2003,BlkvProj,TNNOV03.SPD,JXNA,Prestfjord,2003_1067,1,1,TRUE,0,NA
2003,BlkvProj,TNNOV03.SPD,JXNA,Prestfjord,2003_1068,1,1,TRUE,0,NA
2003,BlkvProj,TNNOV03.SPD,JXNA,Prestfjord,2003_1069,1,1,TRUE,0,NA
2003,BlkvProj,TNNOV03.SPD,JXNA,Prestfjord,2003_1070,1,1,TRUE,0,NA
2003,BlkvProj,TNNOV03.SPD,JXNA,Prestfjord,2003_1071,1,1,TRUE,0,NA
2003,BlkvProj,TNNOV03.SPD,JXNA,Prestfjord,2003_1072,1,1,TRUE,0,NA
2003,BlkvProj,TNNOV03.SPD,JXNA,Prestfjord,2003_1073,1,1,TRUE,0,NA
2003,BlkvProj,TNNOV03.SPD,JXNA,Prestfjord,2003_1074,1,1,TRUE,0,NA
2003,BlkvProj,TNNOV03.SPD,JXNA,Prestfjord,2003_1075,1,1,TRUE,0,NA
2003,BlkvProj,TNNOV03.SPD,JXNA,Prestfjord,2003_1076,1,1,TRUE,0,NA
2003,BlkvProj,TNNOV03.SPD,JXNA,Prestfjord,2003_1077,1,1,TRUE,0,NA
2003,BlkvProj,TNNOV03.SPD,JXNA,Prestfjord,2003_1078,1,1,TRUE,0,NA
2003,BlkvProj,TNNOV03.SPD,JXNA,Prestfjord,2003_1079,1,1,TRUE,0,NA
2003,BlkvProj,TNNOV03.SPD,JXNA,Prestfjord,2003_1080,1,1,TRUE,0,NA
2003,BlkvProj,TNNOV03.SPD,JXNA,Prestfjord,2003_1081,1,1,TRUE,0,NA
2003,BlkvProj,TNNOV03.SPD,JXNA,Prestfjord,2003_1082,1,1,TRUE,0,NA
2003,BlkvProj,TNNOV03.SPD,JXNA,Prestfjord,2003_1083,1,1,TRUE,0,NA
2003,BlkvProj,TNNOV03.SPD,JXNA,Prestfjord,2003_1084,1,1,TRUE,0,NA
2003,BlkvProj,TNNOV03.SPD,JXNA,Prestfjord,2003_1085,1,1,TRUE,0,NA
2003,BlkvProj,TNNOV03.SPD,JXNA,Prestfjord,2003_1086,1,1,TRUE,0,NA
2003,BlkvProj,TNNOV03.SPD,JXNA,Prestfjord,2003_1087,1,1,TRUE,0,NA
2003,BlkvProj,TNNOV03.SPD,JXNA,Prestfjord,2003_1088,1,1,TRUE,0,NA
2003,BlkvProj,TNNOV03.SPD,JXNA,Prestfjord,2003_1089,1,1,TRUE,0,NA
2003,BlkvProj,TNNOV03.SPD,JXNA,Prestfjord,2003_1090,1,1,TRUE,0,NA
2003,BlkvProj,TNNOV03.SPD,JXNA,Prestfjord,2003_1091,1,1,TRUE,0,NA
2003,BlkvProj,TNNOV03.SPD,JXNA,Prestfjord,2003_1092,1,1,TRUE,0,NA
2003,BlkvProj,TNNOV03.SPD,JXNA,Prestfjord,2003_1093,1,1,TRUE,0,NA
2003,BlkvProj,TNNOV03.SPD,JXNA,Prestfjord,2003_1094,1,1,TRUE,0,NA
2003,BlkvProj,TNNOV03.SPD,JXNA,Prestfjord,2003_1095,1,1,TRUE,0,NA
2003,BlkvProj,TNNOV03.SPD,JXNA,Prestfjord,2003_1096,1,1,TRUE,0,NA
2003,BlkvProj,TNNOV03.SPD,JXNA,Prestfjord,2003_1097,1,1,TRUE,0,NA
2003,BlkvProj,TNNOV03.SPD,JXNA,Prestfjord,2003_1098,1,1,TRUE,0,NA
2003,BlkvProj,TNNOV03.SPD,JXNA,Prestfjord,2003_1099,1,1,TRUE,0,NA
2003,BlkvProj,TNNOV03.SPD,JXNA,Prestfjord,2003_1100,1,1,TRUE,0,NA
2003,BlkvProj,TNNOV03.SPD,JXNA,Prestfjord,2003_1101,1,1,TRUE,0,NA
2003,BlkvProj,TNNOV03.SPD,JXNA,Prestfjord,2003_1102,1,1,TRUE,0,NA
2003,BlkvProj,TNNOV03.SPD,JXNA,Prestfjord,2003_1103,1,1,TRUE,0,NA
2003,BlkvProj,TNNOV03.SPD,JXNA,Prestfjord,2003_1104,1,1,TRUE,0,NA
2003,BlkvProj,TNNOV03.SPD,JXNA,Prestfjord,2003_1105,1,1,TRUE,0,NA
2003,BlkvProj,TNNOV03.SPD,JXNA,Prestfjord,2003_1106,1,1,TRUE,0,NA
2003,BlkvProj,TNNOV03.SPD,JXNA,Prestfjord,2003_1107,1,1,TRUE,0,NA
2003,BlkvProj,TNNOV03.SPD,JXNA,Prestfjord,2003_1108,1,1,TRUE,0,NA
2003,BlkvProj,TNNOV03.SPD,JXNA,Prestfjord,2003_1109,1,1,TRUE,0,NA
2003,BlkvProj,TNNOV03.SPD,JXNA,Prestfjord,2003_1110,1,1,TRUE,0,NA
2003,BlkvProj,TNNOV03.SPD,JXNA,Prestfjord,2003_1111,1,1,TRUE,0,NA
2003,BlkvProj,TNNOV03.SPD,JXNA,Prestfjord,2003_1112,1,1,TRUE,0,NA
2003,BlkvProj,TNNOV03.SPD,JXNA,Prestfjord,2003_1113,1,1,TRUE,0,NA
2003,BlkvProj,TNNOV03.SPD,JXNA,Prestfjord,2003_1114,1,1,TRUE,0,NA
2003,BlkvProj,TNNOV03.SPD,JXNA,Prestfjord,2003_1115,1,1,TRUE,0,NA
2003,BlkvProj,TNNOV03.SPD,JXNA,Prestfjord,2003_1116,1,1,TRUE,0,NA
2003,BlkvProj,TNNOV03.SPD,JXNA,Prestfjord,2003_1117,1,1,TRUE,0,NA
2003,BlkvProj,TNNOV03.SPD,JXNA,Prestfjord,2003_1118,1,1,TRUE,0,NA
2003,BlkvProj,TNNOV03.SPD,JXNA,Prestfjord,2003_1119,1,1,TRUE,0,NA
2003,BlkvProj,TNNOV03.SPD,JXNA,Prestfjord,2003_1120,1,1,TRUE,0,NA
2003,BlkvProj,TNNOV03.SPD,JXNA,Prestfjord,2003_1121,1,1,TRUE,0,NA
2003,BlkvProj,TNNOV03.SPD,JXNA,Prestfjord,2003_1122,1,1,TRUE,0,NA
2003,BlkvProj,TNNOV03.SPD,JXNA,Prestfjord,2003_1123,1,1,TRUE,0,NA
2003,BlkvProj,TNNOV03.SPD,JXNA,Prestfjord,2003_1124,1,1,TRUE,0,NA
2003,BlkvProj,TNNOV03.SPD,JXNA,Prestfjord,2003_1125,1,1,TRUE,0,NA
2003,BlkvProj,TNNOV03.SPD,JXNA,Prestfjord,2003_1126,1,1,TRUE,0,NA
2003,BlkvProj,TNNOV03.SPD,JXNA,Prestfjord,2003_1127,1,1,TRUE,0,NA
2003,BlkvProj,TNNOV03.SPD,JXNA,Prestfjord,2003_1128,1,1,TRUE,0,NA
2003,BlkvProj,TNNOV03.SPD,JXNA,Prestfjord,2003_1129,1,1,TRUE,0,NA
2003,BlkvProj,TNNOV03.SPD,JXNA,Prestfjord,2003_1130,1,1,TRUE,0,NA
2003,BlkvProj,TNNOV03.SPD,JXNA,Prestfjord,2003_1131,1,1,TRUE,0,NA
2003,BlkvProj,TNNOV03.SPD,JXNA,Prestfjord,2003_1132,1,1,TRUE,0,NA
2003,BlkvProj,TNNOV03.SPD,JXNA,Prestfjord,2003_1133,1,1,TRUE,0,NA
2003,BlkvProj,TNNOV03.SPD,JXNA,Prestfjord,2003_1134,1,1,TRUE,0,NA
2003,BlkvProj,TNNOV03.SPD,JXNA,Prestfjord,2003_1135,1,1,TRUE,0,NA
2003,BlkvProj,TNNOV03.SPD,JXNA,Prestfjord,2003_1136,1,1,TRUE,0,NA
2003,BlkvProj,TNNOV03.SPD,JXNA,Prestfjord,2003_1137,1,1,TRUE,0,NA
2003,BlkvProj,TNNOV03.SPD,JXNA,Prestfjord,2003_1138,1,1,TRUE,0,NA
2003,BlkvProj,TNNOV03.SPD,JXNA,Prestfjord,2003_1139,1,1,TRUE,0,NA
2003,BlkvProj,TNNOV03.SPD,JXNA,Prestfjord,2003_1140,1,1,TRUE,0,NA
2003,BlkvProj,TNNOV03.SPD,JXNA,Prestfjord,2003_1141,1,1,TRUE,0,NA
2003,BlkvProj,TNNOV03.SPD,JXNA,Prestfjord,2003_1142,1,1,TRUE,0,NA
2003,BlkvProj,TNNOV03.SPD,JXNA,Prestfjord,2003_1143,1,1,TRUE,0,NA
2003,BlkvProj,TNNOV03.SPD,JXNA,Prestfjord,2003_1150,1,1,TRUE,0,NA
2003,BlkvProj,TNNOV03.SPD,JXNA,Prestfjord,2003_1151,1,1,TRUE,0,NA
2003,BlkvProj,TNNOV03.SPD,JXNA,Prestfjord,2003_1152,1,1,TRUE,0,NA
2003,BlkvProj,TNNOV03.SPD,JXNA,Prestfjord,2003_1153,1,1,TRUE,0,NA
2003,BlkvProj,TNNOV03.SPD,JXNA,Prestfjord,2003_1154,1,1,TRUE,0,NA
2003,BlkvProj,TNNOV03.SPD,JXNA,Prestfjord,2003_1155,1,1,TRUE,0,NA
2003,BlkvProj,TNNOV03.SPD,JXNA,Prestfjord,2003_1156,1,1,TRUE,0,NA
2003,BlkvProj,TNNOV03.SPD,JXNA,Prestfjord,2003_1157,1,1,TRUE,0,NA
2003,BlkvProj,TNNOV03.SPD,JXNA,Prestfjord,2003_1158,1,1,TRUE,0,NA
2003,BlkvProj,TNNOV03.SPD,JXNA,Prestfjord,2003_1159,1,1,TRUE,0,NA
2003,BlkvProj,TNNOV03.SPD,JXNA,Prestfjord,2003_1162,1,1,TRUE,0,NA
2003,BlkvProj,TNNOV03.SPD,JXNA,Prestfjord,2003_1163,1,1,TRUE,0,NA
2003,BlkvProj,TNNOV03.SPD,JXNA,Prestfjord,2003_1164,1,1,TRUE,0,NA
2003,BlkvProj,TNNOV03.SPD,JXNA,Prestfjord,2003_1165,1,1,TRUE,0,NA
2003,BlkvProj,TNNOV03.SPD,JXNA,Prestfjord,2003_1166,1,1,TRUE,0,NA
2003,BlkvProj,TNNOV03.SPD,JXNA,Prestfjord,2003_1167,1,1,TRUE,0,NA
2003,BlkvProj,TNNOV03.SPD,JXNA,Prestfjord,2003_1168,1,1,TRUE,0,NA
2003,BlkvProj,TNNOV03.SPD,JXNA,Prestfjord,2003_1169,1,1,TRUE,0,NA
2003,BlkvProj,TNNOV03.SPD,JXNA,Prestfjord,2003_1174,1,1,TRUE,0,NA
2003,BlkvProj,TNNOV03.SPD,JXNA,Prestfjord,2003_1175,1,1,TRUE,0,NA
2003,BlkvProj,TNNOV03.SPD,JXNA,Prestfjord,2003_1176,1,1,TRUE,0,NA
2003,BlkvProj,TNNOV03.SPD,JXNA,Prestfjord,2003_1177,1,1,TRUE,0,NA
2003,BlkvProj,TNNOV03.SPD,JXNA,Prestfjord,2003_1178,1,1,TRUE,0,NA
2003,BlkvProj,TNNOV03.SPD,JXNA,Prestfjord,2003_1179,1,1,TRUE,0,NA
2003,BlkvProj,TNNOV03.SPD,JXNA,Prestfjord,2003_1180,1,1,TRUE,0,NA
2003,BlkvProj,TNNOV03.SPD,JXNA,Prestfjord,2003_1181,1,1,TRUE,0,NA
2003,BlkvProj,TNNOV03.SPD,JXNA,Prestfjord,2003_1182,1,1,TRUE,0,NA
2003,BlkvProj,TNNOV03.SPD,JXNA,Prestfjord,2003_1183,1,1,TRUE,0,NA
2003,BlkvProj,TNNOV03.SPD,JXNA,Prestfjord,2003_1186,1,1,TRUE,0,NA
2003,BlkvProj,TNNOV03.SPD,JXNA,Prestfjord,2003_1187,1,1,TRUE,0,NA
2003,BlkvProj,TNNOV03.SPD,JXNA,Prestfjord,2003_1188,1,1,TRUE,0,NA
2003,BlkvProj,TNNOV03.SPD,JXNA,Prestfjord,2003_1189,1,1,TRUE,0,NA
2003,BlkvProj,TNNOV03.SPD,JXNA,Prestfjord,2003_1190,1,1,TRUE,0,NA
2003,BlkvProj,TNNOV03.SPD,JXNA,Prestfjord,2003_1191,1,1,TRUE,0,NA
2003,BlkvProj,TNNOV03.SPD,JXNA,Prestfjord,2003_1192,1,1,TRUE,0,NA
2003,BlkvProj,TNNOV03.SPD,JXNA,Prestfjord,2003_1193,1,1,TRUE,0,NA
2003,BlkvProj,TNNOV03.SPD,JXNA,Prestfjord,2003_1194,1,1,TRUE,0,NA
2003,BlkvProj,TNNOV03.SPD,JXNA,Prestfjord,2003_1195,1,1,TRUE,0,NA
2003,BlkvProj,TNNOV03.SPD,JXNA,Prestfjord,2003_1196,1,1,TRUE,0,NA
2003,BlkvProj,TNNOV03.SPD,JXNA,Prestfjord,2003_1197,1,1,TRUE,0,NA
2003,BlkvProj,TNNOV03.SPD,JXNA,Prestfjord,2003_1198,1,1,TRUE,0,NA
2003,BlkvProj,TNNOV03.SPD,JXNA,Prestfjord,2003_1199,1,1,TRUE,0,NA
2003,BlkvProj,TNNOV03.SPD,JXNA,Prestfjord,2003_1200,1,1,TRUE,0,NA
2003,BlkvProj,TNNOV03.SPD,JXNA,Prestfjord,2003_1201,1,1,TRUE,0,NA
2003,BlkvProj,TNNOV03.SPD,JXNA,Prestfjord,2003_1202,1,1,TRUE,0,NA
2003,BlkvProj,TNNOV03.SPD,JXNA,Prestfjord,2003_1203,1,1,TRUE,0,NA
2003,BlkvProj,TNNOV03.SPD,JXNA,Prestfjord,2003_1204,1,1,TRUE,0,NA
2003,BlkvProj,TNNOV03.SPD,JXNA,Prestfjord,2003_1205,1,1,TRUE,0,NA
2003,BlkvProj,TNNOV03.SPD,JXNA,Prestfjord,2003_1206,1,1,TRUE,0,NA
2003,BlkvProj,TNNOV03.SPD,JXNA,Prestfjord,2003_1207,1,1,TRUE,0,NA
2003,BlkvProj,TNNOV03.SPD,JXNA,Prestfjord,2003_1402,1,1,TRUE,0,NA
2003,BlkvProj,TNNOV03.SPD,JXNA,Prestfjord,2003_1403,1,1,TRUE,0,NA
2003,BlkvProj,TNNOV03.SPD,JXNA,Prestfjord,2003_1404,1,1,TRUE,0,NA
2003,BlkvProj,TNNOV03.SPD,JXNA,Prestfjord,2003_1405,1,1,TRUE,0,NA
2003,BlkvProj,TNNOV03.SPD,JXNA,Prestfjord,2003_1406,1,1,TRUE,0,NA
2003,BlkvProj,TNNOV03.SPD,JXNA,Prestfjord,2003_1407,1,1,TRUE,0,NA
2003,BlkvProj,TNNOV03.SPD,JXNA,Prestfjord,2003_1408,1,1,TRUE,0,NA
2003,BlkvProj,TNNOV03.SPD,JXNA,Prestfjord,2003_1409,1,1,TRUE,0,NA
2003,BlkvProj,TNNOV03.SPD,JXNA,Prestfjord,2003_1410,1,1,TRUE,0,NA
2003,BlkvProj,TNNOV03.SPD,JXNA,Prestfjord,2003_1411,1,1,TRUE,0,NA
2003,BlkvProj,TNNOV03.SPD,JXNA,Prestfjord,2003_1412,1,1,TRUE,0,NA
2003,BlkvProj,TNNOV03.SPD,JXNA,Prestfjord,2003_1413,1,1,TRUE,0,NA
2003,BlkvProj,TNNOV03.SPD,JXNA,Prestfjord,2003_1414,1,1,TRUE,0,NA
2003,BlkvProj,TNNOV03.SPD,JXNA,Prestfjord,2003_1415,1,1,TRUE,0,NA
2003,BlkvProj,TNNOV03.SPD,JXNA,Prestfjord,2003_1416,1,1,TRUE,0,NA
2003,BlkvProj,TNNOV03.SPD,JXNA,Prestfjord,2003_1417,1,1,TRUE,0,NA
2003,BlkvProj,TNNOV03.SPD,JXNA,Prestfjord,2003_1418,1,1,TRUE,0,NA
2003,BlkvProj,TNNOV03.SPD,JXNA,Prestfjord,2003_1419,1,1,TRUE,0,NA
2003,BlkvProj,TNNOV03.SPD,JXNA,Prestfjord,2003_1420,1,1,TRUE,0,NA
2003,BlkvProj,TNNOV03.SPD,JXNA,Prestfjord,2003_1421,1,1,TRUE,0,NA
2003,BlkvProj,TNNOV03.SPD,JXNA,Prestfjord,2003_1422,1,1,TRUE,0,NA
2003,BlkvProj,TNNOV03.SPD,JXNA,Prestfjord,2003_1423,1,1,TRUE,0,NA
2003,BlkvProj,TNNOV03.SPD,JXNA,Prestfjord,2003_1424,1,1,TRUE,0,NA
2003,BlkvProj,TNNOV03.SPD,JXNA,Prestfjord,2003_1425,1,1,TRUE,0,NA
2003,BlkvProj,TNNOV03.SPD,JXNA,Prestfjord,2003_1426,1,1,TRUE,0,NA
2003,BlkvProj,TNNOV03.SPD,JXNA,Prestfjord,2003_1427,1,1,TRUE,0,NA
2003,BlkvProj,TNNOV03.SPD,JXNA,Prestfjord,2003_1428,1,1,TRUE,0,NA
2003,BlkvProj,TNNOV03.SPD,JXNA,Prestfjord,2003_1429,1,1,TRUE,0,NA
2003,BlkvProj,TNNOV03.SPD,JXNA,Prestfjord,2003_1430,1,1,TRUE,0,NA
2003,BlkvProj,TNNOV03.SPD,JXNA,Prestfjord,2003_1431,1,1,TRUE,0,NA
2003,BlkvProj,TNNOV03.SPD,JXNA,Prestfjord,2003_1432,1,1,TRUE,0,NA
2003,BlkvProj,TNNOV03.SPD,JXNA,Prestfjord,2003_1433,1,1,TRUE,0,NA
2003,BlkvProj,TNNOV03.SPD,JXNA,Prestfjord,2003_1434,1,1,TRUE,0,NA
2003,BlkvProj,TNNOV03.SPD,JXNA,Prestfjord,2003_1435,1,1,TRUE,0,NA
2003,BlkvProj,TNNOV03.SPD,JXNA,Prestfjord,2003_1436,1,1,TRUE,0,NA
2003,BlkvProj,TNNOV03.SPD,JXNA,Prestfjord,2003_1437,1,1,TRUE,0,NA
2003,BlkvProj,TNNOV03.SPD,JXNA,Prestfjord,2003_1438,1,1,TRUE,0,NA
2003,BlkvProj,TNNOV03.SPD,JXNA,Prestfjord,2003_1439,1,1,TRUE,0,NA
2003,BlkvProj,TNNOV03.SPD,JXNA,Prestfjord,2003_1440,1,1,TRUE,0,NA
2003,BlkvProj,TNNOV03.SPD,JXNA,Prestfjord,2003_1441,1,1,TRUE,0,NA
2003,BlkvProj,TNNOV03.SPD,JXNA,Prestfjord,2003_1442,1,1,TRUE,0,NA
2003,BlkvProj,TNNOV03.SPD,JXNA,Prestfjord,2003_1443,1,1,TRUE,0,NA
2003,BlkvProj,TNNOV03.SPD,JXNA,Prestfjord,2003_1444,1,1,TRUE,0,NA
2003,BlkvProj,TNNOV03.SPD,JXNA,Prestfjord,2003_1445,1,1,TRUE,0,NA
2003,BlkvProj,TNNOV03.SPD,JXNA,Prestfjord,2003_1446,1,1,TRUE,0,NA
2003,BlkvProj,TNNOV03.SPD,JXNA,Prestfjord,2003_1447,1,1,TRUE,0,NA
2003,BlkvProj,TNNOV03.SPD,JXNA,Prestfjord,2003_1448,1,1,TRUE,0,NA
2003,BlkvProj,TNNOV03.SPD,JXNA,Prestfjord,2003_1449,1,1,TRUE,0,NA
2003,BlkvProj,TNNOV03.SPD,JXNA,Prestfjord,2003_1450,1,1,TRUE,0,NA
2003,BlkvProj,TNNOV03.SPD,JXNA,Prestfjord,2003_1451,1,1,TRUE,0,NA
2003,BlkvProj,TNNOV03.SPD,JXNA,Prestfjord,2003_1452,1,1,TRUE,0,NA
2003,BlkvProj,TNNOV03.SPD,JXNA,Prestfjord,2003_1453,1,1,TRUE,0,NA
2003,BlkvProj,TNNOV03.SPD,JXNA,Prestfjord,2003_1454,1,1,TRUE,0,NA
2003,BlkvProj,TNNOV03.SPD,JXNA,Prestfjord,2003_1455,1,1,TRUE,0,NA
2003,BlkvProj,TNNOV03.SPD,JXNA,Prestfjord,2003_1456,1,1,TRUE,0,NA
2003,BlkvProj,TNNOV03.SPD,JXNA,Prestfjord,2003_1457,1,1,TRUE,0,NA
2003,BlkvProj,TNNOV03.SPD,JXNA,Prestfjord,2003_1458,1,1,TRUE,0,NA
2003,BlkvProj,TNNOV03.SPD,JXNA,Prestfjord,2003_1459,1,1,TRUE,0,NA
2003,BlkvProj,TNNOV03.SPD,JXNA,Prestfjord,2003_1460,1,1,TRUE,0,NA
2003,BlkvProj,TNNOV03.SPD,JXNA,Prestfjord,2003_1461,1,1,TRUE,0,NA
2003,BlkvProj,TNNOV03.SPD,JXNA,Prestfjord,2003_1462,1,1,TRUE,0,NA
2003,BlkvProj,TNNOV03.SPD,JXNA,Prestfjord,2003_1463,1,1,TRUE,0,NA
2003,BlkvProj,TNNOV03.SPD,JXNA,Prestfjord,2003_1464,1,1,TRUE,0,NA
2003,BlkvProj,TNNOV03.SPD,JXNA,Prestfjord,2003_1465,1,1,TRUE,0,NA
2003,BlkvProj,TNNOV03.SPD,JXNA,Prestfjord,2003_1466,1,1,TRUE,0,NA
2003,BlkvProj,TNNOV03.SPD,JXNA,Prestfjord,2003_1467,1,1,TRUE,0,NA
2003,BlkvProj,TNNOV03.SPD,JXNA,Prestfjord,2003_1468,1,1,TRUE,0,NA
2003,BlkvProj,TNNOV03.SPD,JXNA,Prestfjord,2003_1469,1,1,TRUE,0,NA
2003,BlkvProj,TNNOV03.SPD,JXNA,Prestfjord,2003_1470,1,1,TRUE,0,NA
2003,BlkvProj,TNNOV03.SPD,JXNA,Prestfjord,2003_1471,1,1,TRUE,0,NA
2003,BlkvProj,TNNOV03.SPD,JXNA,Prestfjord,2003_1472,1,1,TRUE,0,NA
2003,BlkvProj,TNNOV03.SPD,JXNA,Prestfjord,2003_1473,1,1,TRUE,0,NA
2003,BlkvProj,TNNOV03.SPD,JXNA,Prestfjord,2003_1474,1,1,TRUE,0,NA
2003,BlkvProj,TNNOV03.SPD,JXNA,Prestfjord,2003_1475,1,1,TRUE,0,NA
2003,BlkvProj,TNNOV03.SPD,JXNA,Prestfjord,2003_1476,1,1,TRUE,0,NA
2003,BlkvProj,TNNOV03.SPD,JXNA,Prestfjord,2003_1477,1,1,TRUE,0,NA
2003,BlkvProj,TNNOV03.SPD,JXNA,Prestfjord,2003_1478,1,1,TRUE,0,NA
2003,BlkvProj,TNNOV03.SPD,JXNA,Prestfjord,2003_1479,1,1,TRUE,0,NA
2003,BlkvProj,TNNOV03.SPD,JXNA,Prestfjord,2003_1480,1,1,TRUE,0,NA
2003,BlkvProj,TNNOV03.SPD,JXNA,Prestfjord,2003_1481,1,1,TRUE,0,NA
2003,BlkvProj,TNNOV03.SPD,JXNA,Prestfjord,2003_1482,1,1,TRUE,0,NA
2003,BlkvProj,TNNOV03.SPD,JXNA,Prestfjord,2003_1483,1,1,TRUE,0,NA
2003,BlkvProj,TNNOV03.SPD,JXNA,Prestfjord,2003_1484,1,1,TRUE,0,NA
2003,BlkvProj,TNNOV03.SPD,JXNA,Prestfjord,2003_1485,1,1,TRUE,0,NA
2003,BlkvProj,TNNOV03.SPD,JXNA,Prestfjord,2003_1486,1,1,TRUE,0,NA
2003,BlkvProj,TNNOV03.SPD,JXNA,Prestfjord,2003_1487,1,1,TRUE,0,NA
2003,BlkvProj,TNNOV03.SPD,JXNA,Prestfjord,2003_1488,1,1,TRUE,0,NA
2003,BlkvProj,TNNOV03.SPD,JXNA,Prestfjord,2003_1489,1,1,TRUE,0,NA
2003,BlkvProj,TNNOV03.SPD,JXNA,Prestfjord,2003_1490,1,1,TRUE,0,NA
2003,BlkvProj,TNNOV03.SPD,JXNA,Prestfjord,2003_1491,1,1,TRUE,0,NA
2003,BlkvProj,TNNOV03.SPD,JXNA,Prestfjord,2003_1492,1,1,TRUE,0,NA
2003,BlkvProj,TNNOV03.SPD,JXNA,Prestfjord,2003_1493,1,1,TRUE,0,NA
2003,BlkvProj,TNNOV03.SPD,JXNA,Prestfjord,2003_1494,1,1,TRUE,0,NA
2003,BlkvProj,TNNOV03.SPD,JXNA,Prestfjord,2003_1495,1,1,TRUE,0,NA
2003,BlkvProj,TNNOV03.SPD,JXNA,Prestfjord,2003_1496,1,1,TRUE,0,NA
2003,BlkvProj,TSNOV03.SPD,JXJQ,Havbryn,2003_1228,1,1,TRUE,0,NA
2003,BlkvProj,TSNOV03.SPD,JXJQ,Havbryn,2003_1229,1,1,TRUE,0,NA
2003,BlkvProj,TSNOV03.SPD,JXJQ,Havbryn,2003_1230,1,1,TRUE,0,NA
2003,BlkvProj,TSNOV03.SPD,JXJQ,Havbryn,2003_1231,1,1,TRUE,0,NA
2003,BlkvProj,TSNOV03.SPD,JXJQ,Havbryn,2003_1232,1,1,TRUE,0,NA
2003,BlkvProj,TSNOV03.SPD,JXJQ,Havbryn,2003_1233,1,1,TRUE,0,NA
2003,BlkvProj,TSNOV03.SPD,JXJQ,Havbryn,2003_1234,1,1,TRUE,0,NA
2003,BlkvProj,TSNOV03.SPD,JXJQ,Havbryn,2003_1235,1,1,TRUE,0,NA
2003,BlkvProj,TSNOV03.SPD,JXJQ,Havbryn,2003_1236,1,1,TRUE,0,NA
2003,BlkvProj,TSNOV03.SPD,JXJQ,Havbryn,2003_1237,1,1,TRUE,0,NA
2003,BlkvProj,TSNOV03.SPD,JXJQ,Havbryn,2003_1238,1,1,TRUE,0,NA
2003,BlkvProj,TSNOV03.SPD,JXJQ,Havbryn,2003_1239,1,1,TRUE,0,NA
2003,BlkvProj,TSNOV03.SPD,JXJQ,Havbryn,2003_1240,1,1,TRUE,0,NA
2003,BlkvProj,TSNOV03.SPD,JXJQ,Havbryn,2003_1241,1,1,TRUE,0,NA
2003,BlkvProj,TSNOV03.SPD,JXJQ,Havbryn,2003_1242,1,1,TRUE,0,NA
2003,BlkvProj,TSNOV03.SPD,JXJQ,Havbryn,2003_1243,1,1,TRUE,0,NA
2003,BlkvProj,TSNOV03.SPD,JXJQ,Havbryn,2003_1244,1,1,TRUE,0,NA
2003,BlkvProj,TSNOV03.SPD,JXJQ,Havbryn,2003_1245,1,1,TRUE,0,NA
2003,BlkvProj,TSNOV03.SPD,JXJQ,Havbryn,2003_1246,1,1,TRUE,0,NA
2003,BlkvProj,TSNOV03.SPD,JXJQ,Havbryn,2003_1247,1,1,TRUE,0,NA
2003,BlkvProj,TSNOV03.SPD,JXJQ,Havbryn,2003_1248,1,1,TRUE,0,NA
2003,BlkvProj,TSNOV03.SPD,JXJQ,Havbryn,2003_1249,1,1,TRUE,0,NA
2003,BlkvProj,TSNOV03.SPD,JXJQ,Havbryn,2003_1250,1,1,TRUE,0,NA
2003,BlkvProj,TSNOV03.SPD,JXJQ,Havbryn,2003_1251,1,1,TRUE,0,NA
2003,BlkvProj,TSNOV03.SPD,JXJQ,Havbryn,2003_1252,1,1,TRUE,0,NA
2003,BlkvProj,TSNOV03.SPD,JXJQ,Havbryn,2003_1253,1,1,TRUE,0,NA
2003,BlkvProj,TSNOV03.SPD,JXJQ,Havbryn,2003_1254,1,1,TRUE,0,NA
2003,BlkvProj,TSNOV03.SPD,JXJQ,Havbryn,2003_1255,1,1,TRUE,0,NA
2003,BlkvProj,TSNOV03.SPD,JXJQ,Havbryn,2003_1256,1,1,TRUE,0,NA
2003,BlkvProj,TSNOV03.SPD,JXJQ,Havbryn,2003_1257,1,1,TRUE,0,NA
2003,BlkvProj,TSNOV03.SPD,JXJQ,Havbryn,2003_1258,1,1,TRUE,0,NA
2003,BlkvProj,TSNOV03.SPD,JXJQ,Havbryn,2003_1259,1,1,TRUE,0,NA
2003,BlkvProj,TSNOV03.SPD,JXJQ,Havbryn,2003_1260,1,1,TRUE,0,NA
2003,BlkvProj,TSNOV03.SPD,JXJQ,Havbryn,2003_1261,1,1,TRUE,0,NA
2003,BlkvProj,TSNOV03.SPD,JXJQ,Havbryn,2003_1262,1,1,TRUE,0,NA
2003,BlkvProj,TSNOV03.SPD,JXJQ,Havbryn,2003_1263,1,1,TRUE,0,NA
2003,BlkvProj,TSNOV03.SPD,JXJQ,Havbryn,2003_1264,1,1,TRUE,0,NA
2003,BlkvProj,TSNOV03.SPD,JXJQ,Havbryn,2003_1265,1,1,TRUE,0,NA
2003,BlkvProj,TSNOV03.SPD,JXJQ,Havbryn,2003_1266,1,1,TRUE,0,NA
2003,BlkvProj,TSNOV03.SPD,JXJQ,Havbryn,2003_1267,1,1,TRUE,0,NA
2003,BlkvProj,TSNOV03.SPD,JXJQ,Havbryn,2003_1268,1,1,TRUE,0,NA
2003,BlkvProj,TSNOV03.SPD,JXJQ,Havbryn,2003_1269,1,1,TRUE,0,NA
2003,BlkvProj,TSNOV03.SPD,JXJQ,Havbryn,2003_1270,1,1,TRUE,0,NA
2003,BlkvProj,TSNOV03.SPD,JXJQ,Havbryn,2003_1271,1,1,TRUE,0,NA
2003,BlkvProj,TSNOV03.SPD,JXJQ,Havbryn,2003_1272,1,1,TRUE,0,NA
2003,BlkvProj,TSNOV03.SPD,JXJQ,Havbryn,2003_1273,1,1,TRUE,0,NA
2003,BlkvProj,TSNOV03.SPD,JXJQ,Havbryn,2003_1274,1,1,TRUE,0,NA
2003,BlkvProj,TSNOV03.SPD,JXJQ,Havbryn,2003_1275,1,1,TRUE,0,NA
2003,BlkvProj,TSNOV03.SPD,JXJQ,Havbryn,2003_1276,1,1,TRUE,0,NA
2003,BlkvProj,TSNOV03.SPD,JXJQ,Havbryn,2003_1277,1,1,TRUE,0,NA
2003,BlkvProj,TSNOV03.SPD,JXJQ,Havbryn,2003_1278,1,1,TRUE,0,NA
2003,BlkvProj,TSNOV03.SPD,JXJQ,Havbryn,2003_1279,1,1,TRUE,0,NA
2003,BlkvProj,TSNOV03.SPD,JXJQ,Havbryn,2003_1280,1,1,TRUE,0,NA
2003,BlkvProj,TSNOV03.SPD,JXJQ,Havbryn,2003_1281,1,1,TRUE,0,NA
2003,BlkvProj,TSNOV03.SPD,JXJQ,Havbryn,2003_1282,1,1,TRUE,0,NA
2003,BlkvProj,TSNOV03.SPD,JXJQ,Havbryn,2003_1283,1,1,TRUE,0,NA
2003,BlkvProj,TSNOV03.SPD,JXJQ,Havbryn,2003_1284,1,1,TRUE,0,NA
2003,BlkvProj,TSNOV03.SPD,JXJQ,Havbryn,2003_1285,1,1,TRUE,0,NA
2003,BlkvProj,TSNOV03.SPD,JXJQ,Havbryn,2003_1286,1,1,TRUE,0,NA
2003,BlkvProj,TSNOV03.SPD,JXJQ,Havbryn,2003_1287,1,1,TRUE,0,NA
2003,BlkvProj,TSNOV03.SPD,JXJQ,Havbryn,2003_1288,1,1,TRUE,0,NA
2003,BlkvProj,TSNOV03.SPD,JXJQ,Havbryn,2003_1289,1,1,TRUE,0,NA
2003,BlkvProj,TSNOV03.SPD,JXJQ,Havbryn,2003_1290,1,1,TRUE,0,NA
2003,BlkvProj,TSNOV03.SPD,JXJQ,Havbryn,2003_1291,1,1,TRUE,0,NA
2003,BlkvProj,TSNOV03.SPD,JXJQ,Havbryn,2003_1292,1,1,TRUE,0,NA
2003,BlkvProj,TSNOV03.SPD,JXJQ,Havbryn,2003_1293,1,1,TRUE,0,NA
2003,BlkvProj,TSNOV03.SPD,JXJQ,Havbryn,2003_1294,1,1,TRUE,0,NA
2003,BlkvProj,TSNOV03.SPD,JXJQ,Havbryn,2003_1295,1,1,TRUE,0,NA
2003,BlkvProj,TSNOV03.SPD,JXJQ,Havbryn,2003_1296,1,1,TRUE,0,NA
2003,BlkvProj,TSNOV03.SPD,JXJQ,Havbryn,2003_1297,1,1,TRUE,0,NA
2003,BlkvProj,TSNOV03.SPD,JXJQ,Havbryn,2003_1298,1,1,TRUE,0,NA
2003,BlkvProj,TSNOV03.SPD,JXJQ,Havbryn,2003_1299,1,1,TRUE,0,NA
2003,BlkvProj,TSNOV03.SPD,JXJQ,Havbryn,2003_1300,1,1,TRUE,0,NA
2003,BlkvProj,TSNOV03.SPD,JXJQ,Havbryn,2003_1301,1,1,TRUE,0,NA
2003,BlkvProj,TSNOV03.SPD,JXJQ,Havbryn,2003_1302,1,1,TRUE,0,NA
2003,BlkvProj,TSNOV03.SPD,JXJQ,Havbryn,2003_1303,1,1,TRUE,0,NA
2003,BlkvProj,TSNOV03.SPD,JXJQ,Havbryn,2003_1304,1,1,TRUE,0,NA
2003,BlkvProj,TSNOV03.SPD,JXJQ,Havbryn,2003_1305,1,1,TRUE,0,NA
2003,BlkvProj,TSNOV03.SPD,JXJQ,Havbryn,2003_1306,1,1,TRUE,0,NA
2003,BlkvProj,TSNOV03.SPD,JXJQ,Havbryn,2003_1307,1,1,TRUE,0,NA
2003,BlkvProj,TSNOV03.SPD,JXJQ,Havbryn,2003_1308,1,1,TRUE,0,NA
2003,BlkvProj,TSNOV03.SPD,JXJQ,Havbryn,2003_1309,1,1,TRUE,0,NA
2003,BlkvProj,TSNOV03.SPD,JXJQ,Havbryn,2003_1310,1,1,TRUE,0,NA
2003,BlkvProj,TSNOV03.SPD,JXJQ,Havbryn,2003_1311,1,1,TRUE,0,NA
2003,BlkvProj,TSNOV03.SPD,JXJQ,Havbryn,2003_1312,1,1,TRUE,0,NA
2003,BlkvProj,TSNOV03.SPD,JXJQ,Havbryn,2003_1313,1,1,TRUE,0,NA
2003,BlkvProj,TSNOV03.SPD,JXJQ,Havbryn,2003_1314,1,1,TRUE,0,NA
2003,BlkvProj,TSNOV03.SPD,JXJQ,Havbryn,2003_1315,1,1,TRUE,0,NA
2003,BlkvProj,TSNOV03.SPD,JXJQ,Havbryn,2003_1316,1,1,TRUE,0,NA
2003,BlkvProj,TSNOV03.SPD,JXJQ,Havbryn,2003_1317,1,1,TRUE,0,NA
2003,BlkvProj,TSNOV03.SPD,JXJQ,Havbryn,2003_1318,1,1,TRUE,0,NA
2003,BlkvProj,TSNOV03.SPD,JXJQ,Havbryn,2003_1319,1,1,TRUE,0,NA
2003,BlkvProj,TSNOV03.SPD,JXJQ,Havbryn,2003_1320,1,1,TRUE,0,NA
2003,BlkvProj,TSNOV03.SPD,JXJQ,Havbryn,2003_1321,1,1,TRUE,0,NA
2003,BlkvProj,TSNOV03.SPD,JXJQ,Havbryn,2003_1322,1,1,TRUE,0,NA
2003,BlkvProj,TSNOV03.SPD,JXJQ,Havbryn,2003_1323,1,1,TRUE,0,NA
2003,BlkvProj,TSNOV03.SPD,JXJQ,Havbryn,2003_1324,1,1,TRUE,0,NA
2003,BlkvProj,TSNOV03.SPD,JXJQ,Havbryn,2003_1325,1,1,TRUE,0,NA
2003,BlkvProj,TSNOV03.SPD,JXJQ,Havbryn,2003_1326,1,1,TRUE,0,NA
2003,BlkvProj,TSNOV03.SPD,JXJQ,Havbryn,2003_1327,1,1,TRUE,0,NA
2003,BlkvProj,TSNOV03.SPD,JXJQ,Havbryn,2003_1328,1,1,TRUE,0,NA
2003,BlkvProj,TSNOV03.SPD,JXJQ,Havbryn,2003_1329,1,1,TRUE,0,NA
2003,BlkvProj,TSNOV03.SPD,JXJQ,Havbryn,2003_1330,1,1,TRUE,0,NA
2003,BlkvProj,TSNOV03.SPD,JXJQ,Havbryn,2003_1331,1,1,TRUE,0,NA
2003,BlkvProj,TSNOV03.SPD,JXJQ,Havbryn,2003_1332,1,1,TRUE,0,NA
2003,BlkvProj,TSNOV03.SPD,JXJQ,Havbryn,2003_1333,1,1,TRUE,0,NA
2003,BlkvProj,TSNOV03.SPD,JXJQ,Havbryn,2003_1334,1,1,TRUE,0,NA
2003,BlkvProj,TSNOV03.SPD,JXJQ,Havbryn,2003_1335,1,1,TRUE,0,NA
2003,BlkvProj,TSNOV03.SPD,JXJQ,Havbryn,2003_1336,1,1,TRUE,0,NA
2003,BlkvProj,TSNOV03.SPD,JXJQ,Havbryn,2003_1337,1,1,TRUE,0,NA
2003,BlkvProj,TSNOV03.SPD,JXJQ,Havbryn,2003_1338,1,1,TRUE,0,NA
2003,BlkvProj,TSNOV03.SPD,JXJQ,Havbryn,2003_1339,1,1,TRUE,0,NA
2003,BlkvProj,TSNOV03.SPD,JXJQ,Havbryn,2003_1340,1,1,TRUE,0,NA
2003,BlkvProj,TSNOV03.SPD,JXJQ,Havbryn,2003_1341,1,1,TRUE,0,NA
2003,BlkvProj,TSNOV03.SPD,JXJQ,Havbryn,2003_1342,1,1,TRUE,0,NA
2003,BlkvProj,TSNOV03.SPD,JXJQ,Havbryn,2003_1343,1,1,TRUE,0,NA
2003,BlkvProj,TSNOV03.SPD,JXJQ,Havbryn,2003_1344,1,1,TRUE,0,NA
2003,BlkvProj,TSNOV03.SPD,JXJQ,Havbryn,2003_1345,1,1,TRUE,0,NA
2003,BlkvProj,TSNOV03.SPD,JXJQ,Havbryn,2003_1352,1,1,TRUE,0,NA
2003,BlkvProj,TSNOV03.SPD,JXJQ,Havbryn,2003_1353,1,1,TRUE,0,NA
2003,BlkvProj,TSNOV03.SPD,JXJQ,Havbryn,2003_1354,1,1,TRUE,0,NA
2003,BlkvProj,TSNOV03.SPD,JXJQ,Havbryn,2003_1355,1,1,TRUE,0,NA
2003,BlkvProj,TSNOV03.SPD,JXJQ,Havbryn,2003_1356,1,1,TRUE,0,NA
2003,BlkvProj,TSNOV03.SPD,JXJQ,Havbryn,2003_1357,1,1,TRUE,0,NA
2003,BlkvProj,TSNOV03.SPD,JXJQ,Havbryn,2003_1358,1,1,TRUE,0,NA
2003,BlkvProj,TSNOV03.SPD,JXJQ,Havbryn,2003_1359,1,1,TRUE,0,NA
2003,BlkvProj,TSNOV03.SPD,JXJQ,Havbryn,2003_1360,1,1,TRUE,0,NA
2003,BlkvProj,TSNOV03.SPD,JXJQ,Havbryn,2003_1361,1,1,TRUE,0,NA
2003,BlkvProj,TSNOV03.SPD,JXJQ,Havbryn,2003_1362,1,1,TRUE,0,NA
2003,BlkvProj,TSNOV03.SPD,JXJQ,Havbryn,2003_1363,1,1,TRUE,0,NA
2003,BlkvProj,TSNOV03.SPD,JXJQ,Havbryn,2003_1364,1,1,TRUE,0,NA
2003,BlkvProj,TSNOV03.SPD,JXJQ,Havbryn,2003_1365,1,1,TRUE,0,NA
2003,BlkvProj,TSNOV03.SPD,JXJQ,Havbryn,2003_1366,1,1,TRUE,0,NA
2003,BlkvProj,TSNOV03.SPD,JXJQ,Havbryn,2003_1367,1,1,TRUE,0,NA
2003,BlkvProj,TSNOV03.SPD,JXJQ,Havbryn,2003_1368,1,1,TRUE,0,NA
2003,BlkvProj,TSNOV03.SPD,JXJQ,Havbryn,2003_1369,1,1,TRUE,0,NA
2003,BlkvProj,TSNOV03.SPD,JXJQ,Havbryn,2003_1370,1,1,TRUE,0,NA
2003,BlkvProj,TSNOV03.SPD,JXJQ,Havbryn,2003_1371,1,1,TRUE,0,NA
2003,BlkvProj,TSNOV03.SPD,JXJQ,Havbryn,2003_1372,1,1,TRUE,0,NA
2003,BlkvProj,TSNOV03.SPD,JXJQ,Havbryn,2003_1373,1,1,TRUE,0,NA
2003,BlkvProj,TSNOV03.SPD,JXJQ,Havbryn,2003_1374,1,1,TRUE,0,NA
2003,BlkvProj,TSNOV03.SPD,JXJQ,Havbryn,2003_1375,1,1,TRUE,0,NA
2003,BlkvProj,TSNOV03.SPD,JXJQ,Havbryn,2003_1376,1,1,TRUE,0,NA
2003,BlkvProj,TSNOV03.SPD,JXJQ,Havbryn,2003_1377,1,1,TRUE,0,NA
2003,BlkvProj,TSNOV03.SPD,JXJQ,Havbryn,2003_1378,1,1,TRUE,0,NA
2003,BlkvProj,TSNOV03.SPD,JXJQ,Havbryn,2003_1379,1,1,TRUE,0,NA
2003,BlkvProj,TSNOV03.SPD,JXJQ,Havbryn,2003_1380,1,1,TRUE,0,NA
2003,BlkvProj,TSNOV03.SPD,JXJQ,Havbryn,2003_1381,1,1,TRUE,0,NA
2003,BlkvProj,TSNOV03.SPD,JXJQ,Havbryn,2003_1382,1,1,TRUE,0,NA
2003,BlkvProj,TSNOV03.SPD,JXJQ,Havbryn,2003_1383,1,1,TRUE,0,NA
2003,BlkvProj,TSNOV03.SPD,JXJQ,Havbryn,2003_1384,1,1,TRUE,0,NA
2003,BlkvProj,TSNOV03.SPD,JXJQ,Havbryn,2003_1385,1,1,TRUE,0,NA
2003,BlkvProj,TSNOV03.SPD,JXJQ,Havbryn,2003_1386,1,1,TRUE,0,NA
2003,BlkvProj,TSNOV03.SPD,JXJQ,Havbryn,2003_1387,1,1,TRUE,0,NA
2003,BlkvProj,TSNOV03.SPD,JXJQ,Havbryn,2003_1388,1,1,TRUE,0,NA
2003,BlkvProj,TSNOV03.SPD,JXJQ,Havbryn,2003_1389,1,1,TRUE,0,NA
2003,BlkvProj,TSNOV03.SPD,JXJQ,Havbryn,2003_1390,1,1,TRUE,0,NA
2003,BlkvProj,TSNOV03.SPD,JXJQ,Havbryn,2003_1391,1,1,TRUE,0,NA
2003,BlkvProj,TSNOV03.SPD,JXJQ,Havbryn,2003_1392,1,1,TRUE,0,NA
2003,BlkvProj,TSNOV03.SPD,JXJQ,Havbryn,2003_1393,1,1,TRUE,0,NA
2003,BlkvProj,TSNOV03.SPD,JXJQ,Havbryn,2003_1394,1,1,TRUE,0,NA
2003,BlkvProj,TSNOV03.SPD,JXJQ,Havbryn,2003_1395,1,1,TRUE,0,NA
2003,BlkvProj,TSNOV03.SPD,JXJQ,Havbryn,2003_1396,1,1,TRUE,0,NA
2003,BlkvProj,TSNOV03.SPD,JXJQ,Havbryn,2003_1397,1,1,TRUE,0,NA
2003,BlkvProj,TSNOV03.SPD,JXJQ,Havbryn,2003_1398,1,1,TRUE,0,NA
2003,BlkvProj,TSNOV03.SPD,JXJQ,Havbryn,2003_1399,1,1,TRUE,0,NA
2003,BlkvProj,TSNOV03.SPD,JXJQ,Havbryn,2003_1400,1,1,TRUE,0,NA
2003,BlkvProj,TSNOV03.SPD,JXJQ,Havbryn,2003_1401,1,1,TRUE,0,NA
2003,CoastalS,2003211,LDGJ,Johan Hjort,2003_12,64,192,TRUE,0,NA
2003,CoastalS,2003706,LAHV,Jan Mayen,2003_10,95,285,TRUE,0,NA
2003,EcoS,2003110,LMEL,G.O.Sars,2003_6,19,57,TRUE,0,NA
2003,EcoS,2003209,LDGJ,Johan Hjort,2003_3,112,336,FALSE,1,Russian EEZ
2003,EcoS,2003703,LAHV,Jan Mayen,2003_9,95,285,TRUE,0,NA
2003,EcoS,2003705,LAHV,Jan Mayen,2003_33,72,216,FALSE,1,Russian EEZ
2003,EggaN,2003823,LAOW,Varegg,2003_29,191,573,TRUE,0,NA
2003,Other,2003702,LAHV,Jan Mayen,2003_306,109,327,FALSE,1,Russian EEZ
2003,Other,2003817,JXQZ,Gadus,2003_50,6,18,TRUE,0,NA
2003,Other,2003817,LILQ,Comet,2003_26,5,15,TRUE,0,NA
2003,Other,2003834,JXMG,Kongsfjord,2003_48,115,345,TRUE,0,NA
2003,WinterS,2003002,LLZG,G.O.Sars,2003_2,120,360,TRUE,0,NA
2003,WinterS,2003202,LDGJ,Johan Hjort,2003_11,99,297,FALSE,1,Russian EEZ
2004,BlkvProj,TNMAR04.SPD,JXUS,Havstrand,2004_1208,1,1,TRUE,0,NA
2004,BlkvProj,TNMAR04.SPD,JXUS,Havstrand,2004_1209,1,1,TRUE,0,NA
2004,BlkvProj,TNMAR04.SPD,JXUS,Havstrand,2004_1210,1,1,TRUE,0,NA
2004,BlkvProj,TNMAR04.SPD,JXUS,Havstrand,2004_1211,1,1,TRUE,0,NA
2004,BlkvProj,TNMAR04.SPD,JXUS,Havstrand,2004_1212,1,1,TRUE,0,NA
2004,BlkvProj,TNMAR04.SPD,JXUS,Havstrand,2004_1213,1,1,TRUE,0,NA
2004,BlkvProj,TNMAR04.SPD,JXUS,Havstrand,2004_1214,1,1,TRUE,0,NA
2004,BlkvProj,TNMAR04.SPD,JXUS,Havstrand,2004_1215,1,1,TRUE,0,NA
2004,BlkvProj,TNMAR04.SPD,JXUS,Havstrand,2004_1216,1,1,TRUE,0,NA
2004,BlkvProj,TNMAR04.SPD,JXUS,Havstrand,2004_1217,1,1,TRUE,0,NA
2004,BlkvProj,TNMAR04.SPD,JXUS,Havstrand,2004_1218,1,1,TRUE,0,NA
2004,BlkvProj,TNMAR04.SPD,JXUS,Havstrand,2004_1219,1,1,TRUE,0,NA
2004,BlkvProj,TNMAR04.SPD,JXUS,Havstrand,2004_1220,1,1,TRUE,0,NA
2004,BlkvProj,TNMAR04.SPD,JXUS,Havstrand,2004_1221,1,1,TRUE,0,NA
2004,BlkvProj,TNMAR04.SPD,JXUS,Havstrand,2004_1222,1,1,TRUE,0,NA
2004,BlkvProj,TNMAR04.SPD,JXUS,Havstrand,2004_1223,1,1,TRUE,0,NA
2004,BlkvProj,TNMAR04.SPD,JXUS,Havstrand,2004_1224,1,1,TRUE,0,NA
2004,BlkvProj,TNMAR04.SPD,JXUS,Havstrand,2004_1225,1,1,TRUE,0,NA
2004,BlkvProj,TNMAR04.SPD,JXUS,Havstrand,2004_1226,1,1,TRUE,0,NA
2004,BlkvProj,TNMAR04.SPD,JXUS,Havstrand,2004_1227,1,1,TRUE,0,NA
2004,BlkvProj,TNMAR04.SPD,JXUS,Havstrand,2004_1228,1,1,TRUE,0,NA
2004,BlkvProj,TNMAR04.SPD,JXUS,Havstrand,2004_1229,1,1,TRUE,0,NA
2004,BlkvProj,TNMAR04.SPD,JXUS,Havstrand,2004_1230,1,1,TRUE,0,NA
2004,BlkvProj,TNMAR04.SPD,JXUS,Havstrand,2004_1231,1,1,TRUE,0,NA
2004,BlkvProj,TNMAR04.SPD,JXUS,Havstrand,2004_1232,1,1,TRUE,0,NA
2004,BlkvProj,TNMAR04.SPD,JXUS,Havstrand,2004_1233,1,1,TRUE,0,NA
2004,BlkvProj,TNMAR04.SPD,JXUS,Havstrand,2004_1234,1,1,TRUE,0,NA
2004,BlkvProj,TNMAR04.SPD,JXUS,Havstrand,2004_1235,1,1,TRUE,0,NA
2004,BlkvProj,TNMAR04.SPD,JXUS,Havstrand,2004_1236,1,1,TRUE,0,NA
2004,BlkvProj,TNMAR04.SPD,JXUS,Havstrand,2004_1237,1,1,TRUE,0,NA
2004,BlkvProj,TNMAR04.SPD,JXUS,Havstrand,2004_1238,1,1,TRUE,0,NA
2004,BlkvProj,TNMAR04.SPD,JXUS,Havstrand,2004_1239,1,1,TRUE,0,NA
2004,BlkvProj,TNMAR04.SPD,JXUS,Havstrand,2004_1240,1,1,TRUE,0,NA
2004,BlkvProj,TNMAR04.SPD,JXUS,Havstrand,2004_1241,1,1,TRUE,0,NA
2004,BlkvProj,TNMAR04.SPD,JXUS,Havstrand,2004_1242,1,1,TRUE,0,NA
2004,BlkvProj,TNMAR04.SPD,JXUS,Havstrand,2004_1243,1,1,TRUE,0,NA
2004,BlkvProj,TNMAR04.SPD,JXUS,Havstrand,2004_1244,1,1,TRUE,0,NA
2004,BlkvProj,TNMAR04.SPD,JXUS,Havstrand,2004_1245,1,1,TRUE,0,NA
2004,BlkvProj,TNMAR04.SPD,JXUS,Havstrand,2004_1246,1,1,TRUE,0,NA
2004,BlkvProj,TNMAR04.SPD,JXUS,Havstrand,2004_1247,1,1,TRUE,0,NA
2004,BlkvProj,TNMAR04.SPD,JXUS,Havstrand,2004_1248,1,1,TRUE,0,NA
2004,BlkvProj,TNMAR04.SPD,JXUS,Havstrand,2004_1249,1,1,TRUE,0,NA
2004,BlkvProj,TNMAR04.SPD,JXUS,Havstrand,2004_1250,1,1,TRUE,0,NA
2004,BlkvProj,TNMAR04.SPD,JXUS,Havstrand,2004_1251,1,1,TRUE,0,NA
2004,BlkvProj,TNMAR04.SPD,JXUS,Havstrand,2004_1252,1,1,TRUE,0,NA
2004,BlkvProj,TNMAR04.SPD,JXUS,Havstrand,2004_1253,1,1,TRUE,0,NA
2004,BlkvProj,TNMAR04.SPD,JXUS,Havstrand,2004_1254,1,1,TRUE,0,NA
2004,BlkvProj,TNMAR04.SPD,JXUS,Havstrand,2004_1255,1,1,TRUE,0,NA
2004,BlkvProj,TNMAR04.SPD,JXUS,Havstrand,2004_1256,1,1,TRUE,0,NA
2004,BlkvProj,TNMAR04.SPD,JXUS,Havstrand,2004_1257,1,1,TRUE,0,NA
2004,BlkvProj,TNMAR04.SPD,JXUS,Havstrand,2004_1258,1,1,TRUE,0,NA
2004,BlkvProj,TNMAR04.SPD,JXUS,Havstrand,2004_1259,1,1,TRUE,0,NA
2004,BlkvProj,TNMAR04.SPD,JXUS,Havstrand,2004_1260,1,1,TRUE,0,NA
2004,BlkvProj,TNMAR04.SPD,JXUS,Havstrand,2004_1261,1,1,TRUE,0,NA
2004,BlkvProj,TNMAR04.SPD,JXUS,Havstrand,2004_1262,1,1,TRUE,0,NA
2004,BlkvProj,TNMAR04.SPD,JXUS,Havstrand,2004_1263,1,1,TRUE,0,NA
2004,BlkvProj,TNMAR04.SPD,JXUS,Havstrand,2004_1264,1,1,TRUE,0,NA
2004,BlkvProj,TNMAR04.SPD,JXUS,Havstrand,2004_1265,1,1,TRUE,0,NA
2004,BlkvProj,TNMAR04.SPD,JXUS,Havstrand,2004_1266,1,1,TRUE,0,NA
2004,BlkvProj,TNMAR04.SPD,JXUS,Havstrand,2004_1267,1,1,TRUE,0,NA
2004,BlkvProj,TNMAR04.SPD,JXUS,Havstrand,2004_1268,1,1,TRUE,0,NA
2004,BlkvProj,TNMAR04.SPD,JXUS,Havstrand,2004_1269,1,1,TRUE,0,NA
2004,BlkvProj,TNMAR04.SPD,JXUS,Havstrand,2004_1270,1,1,TRUE,0,NA
2004,BlkvProj,TNMAR04.SPD,JXUS,Havstrand,2004_1271,1,1,TRUE,0,NA
2004,BlkvProj,TNMAR04.SPD,JXUS,Havstrand,2004_1272,1,1,TRUE,0,NA
2004,BlkvProj,TNMAR04.SPD,JXUS,Havstrand,2004_1273,1,1,TRUE,0,NA
2004,BlkvProj,TNMAR04.SPD,JXUS,Havstrand,2004_1274,1,1,TRUE,0,NA
2004,BlkvProj,TNMAR04.SPD,JXUS,Havstrand,2004_1275,1,1,TRUE,0,NA
2004,BlkvProj,TNMAR04.SPD,JXUS,Havstrand,2004_1276,1,1,FALSE,1,Outside study area
2004,BlkvProj,TNMAR04.SPD,JXUS,Havstrand,2004_1277,1,1,FALSE,1,Outside study area
2004,BlkvProj,TNMAR04.SPD,JXUS,Havstrand,2004_1278,1,1,TRUE,0,NA
2004,BlkvProj,TNMAR04.SPD,JXUS,Havstrand,2004_1279,1,1,TRUE,0,NA
2004,BlkvProj,TNMAR04.SPD,JXUS,Havstrand,2004_1280,1,1,TRUE,0,NA
2004,BlkvProj,TNMAR04.SPD,JXUS,Havstrand,2004_1281,1,1,TRUE,0,NA
2004,BlkvProj,TNMAR04.SPD,JXUS,Havstrand,2004_1282,1,1,TRUE,0,NA
2004,BlkvProj,TNMAR04.SPD,JXUS,Havstrand,2004_1283,1,1,TRUE,0,NA
2004,BlkvProj,TNMAR04.SPD,JXUS,Havstrand,2004_1284,1,1,TRUE,0,NA
2004,BlkvProj,TNMAR04.SPD,JXUS,Havstrand,2004_1285,1,1,TRUE,0,NA
2004,BlkvProj,TNMAR04.SPD,JXUS,Havstrand,2004_1286,1,1,TRUE,0,NA
2004,BlkvProj,TNMAR04.SPD,JXUS,Havstrand,2004_1287,1,1,TRUE,0,NA
2004,BlkvProj,TNMAR04.SPD,JXUS,Havstrand,2004_1288,1,1,TRUE,0,NA
2004,BlkvProj,TNMAR04.SPD,JXUS,Havstrand,2004_1289,1,1,TRUE,0,NA
2004,BlkvProj,TNMAR04.SPD,JXUS,Havstrand,2004_1290,1,1,TRUE,0,NA
2004,BlkvProj,TNMAR04.SPD,JXUS,Havstrand,2004_1291,1,1,TRUE,0,NA
2004,BlkvProj,TNMAR04.SPD,JXUS,Havstrand,2004_1292,1,1,TRUE,0,NA
2004,BlkvProj,TNMAR04.SPD,JXUS,Havstrand,2004_1293,1,1,TRUE,0,NA
2004,BlkvProj,TNMAR04.SPD,JXUS,Havstrand,2004_1294,1,1,TRUE,0,NA
2004,BlkvProj,TNMAR04.SPD,JXUS,Havstrand,2004_1295,1,1,TRUE,0,NA
2004,BlkvProj,TNMAR04.SPD,JXUS,Havstrand,2004_1296,1,1,TRUE,0,NA
2004,BlkvProj,TNMAR04.SPD,JXUS,Havstrand,2004_1297,1,1,TRUE,0,NA
2004,BlkvProj,TNMAR04.SPD,JXUS,Havstrand,2004_1298,1,1,TRUE,0,NA
2004,BlkvProj,TNMAR04.SPD,JXUS,Havstrand,2004_1299,1,1,TRUE,0,NA
2004,BlkvProj,TNMAR04.SPD,JXUS,Havstrand,2004_1300,1,1,TRUE,0,NA
2004,BlkvProj,TNMAR04.SPD,JXUS,Havstrand,2004_1301,1,1,TRUE,0,NA
2004,BlkvProj,TNMAR04.SPD,JXUS,Havstrand,2004_1302,1,1,TRUE,0,NA
2004,BlkvProj,TNMAR04.SPD,JXUS,Havstrand,2004_1303,1,1,TRUE,0,NA
2004,BlkvProj,TNMAR04.SPD,JXUS,Havstrand,2004_1304,1,1,TRUE,0,NA
2004,BlkvProj,TNMAR04.SPD,JXUS,Havstrand,2004_1305,1,1,TRUE,0,NA
2004,BlkvProj,TNMAR04.SPD,JXUS,Havstrand,2004_1306,1,1,TRUE,0,NA
2004,BlkvProj,TNMAR04.SPD,JXUS,Havstrand,2004_1307,1,1,TRUE,0,NA
2004,BlkvProj,TNMAR04.SPD,JXUS,Havstrand,2004_1308,1,1,TRUE,0,NA
2004,BlkvProj,TNMAR04.SPD,JXUS,Havstrand,2004_1309,1,1,TRUE,0,NA
2004,BlkvProj,TNMAR04.SPD,JXUS,Havstrand,2004_1310,1,1,TRUE,0,NA
2004,BlkvProj,TNMAR04.SPD,JXUS,Havstrand,2004_1311,1,1,TRUE,0,NA
2004,BlkvProj,TNMAR04.SPD,JXUS,Havstrand,2004_1312,1,1,TRUE,0,NA
2004,BlkvProj,TNMAR04.SPD,JXUS,Havstrand,2004_1313,1,1,TRUE,0,NA
2004,BlkvProj,TNMAR04.SPD,JXUS,Havstrand,2004_1314,1,1,TRUE,0,NA
2004,BlkvProj,TNMAR04.SPD,JXUS,Havstrand,2004_1315,1,1,TRUE,0,NA
2004,BlkvProj,TNMAR04.SPD,JXUS,Havstrand,2004_1316,1,1,TRUE,0,NA
2004,BlkvProj,TNMAR04.SPD,JXUS,Havstrand,2004_1317,1,1,TRUE,0,NA
2004,BlkvProj,TNMAR04.SPD,JXUS,Havstrand,2004_1318,1,1,TRUE,0,NA
2004,BlkvProj,TNMAR04.SPD,JXUS,Havstrand,2004_1319,1,1,TRUE,0,NA
2004,BlkvProj,TNMAR04.SPD,JXUS,Havstrand,2004_1320,1,1,TRUE,0,NA
2004,BlkvProj,TNMAR04.SPD,JXUS,Havstrand,2004_1321,1,1,TRUE,0,NA
2004,BlkvProj,TNMAR04.SPD,JXUS,Havstrand,2004_1322,1,1,TRUE,0,NA
2004,BlkvProj,TNMAR04.SPD,JXUS,Havstrand,2004_1323,1,1,TRUE,0,NA
2004,BlkvProj,TNMAR04.SPD,JXUS,Havstrand,2004_1324,1,1,TRUE,0,NA
2004,BlkvProj,TNMAR04.SPD,JXUS,Havstrand,2004_1325,1,1,TRUE,0,NA
2004,BlkvProj,TNMAR04.SPD,JXUS,Havstrand,2004_1326,1,1,TRUE,0,NA
2004,BlkvProj,TNMAR04.SPD,JXUS,Havstrand,2004_1327,1,1,TRUE,0,NA
2004,BlkvProj,TNMAR04.SPD,JXUS,Havstrand,2004_1328,1,1,TRUE,0,NA
2004,BlkvProj,TNMAR04.SPD,JXUS,Havstrand,2004_1329,1,1,TRUE,0,NA
2004,BlkvProj,TNMAR04.SPD,JXUS,Havstrand,2004_1330,1,1,TRUE,0,NA
2004,BlkvProj,TNMAR04.SPD,JXUS,Havstrand,2004_1331,1,1,TRUE,0,NA
2004,BlkvProj,TNMAR04.SPD,JXUS,Havstrand,2004_1332,1,1,TRUE,0,NA
2004,BlkvProj,TNMAR04.SPD,JXUS,Havstrand,2004_1333,1,1,TRUE,0,NA
2004,BlkvProj,TNMAR04.SPD,JXUS,Havstrand,2004_1334,1,1,TRUE,0,NA
2004,BlkvProj,TNMAR04.SPD,JXUS,Havstrand,2004_1335,1,1,TRUE,0,NA
2004,BlkvProj,TNMAR04.SPD,JXUS,Havstrand,2004_1336,1,1,TRUE,0,NA
2004,BlkvProj,TNMAR04.SPD,JXUS,Havstrand,2004_1337,1,1,TRUE,0,NA
2004,BlkvProj,TNMAR04.SPD,JXUS,Havstrand,2004_1338,1,1,TRUE,0,NA
2004,BlkvProj,TNMAR04.SPD,JXUS,Havstrand,2004_1339,1,1,TRUE,0,NA
2004,BlkvProj,TNMAR04.SPD,JXUS,Havstrand,2004_1340,1,1,TRUE,0,NA
2004,BlkvProj,TNMAR04.SPD,JXUS,Havstrand,2004_1341,1,1,TRUE,0,NA
2004,BlkvProj,TNMAR04.SPD,JXUS,Havstrand,2004_1342,1,1,TRUE,0,NA
2004,BlkvProj,TNMAR04.SPD,JXUS,Havstrand,2004_1343,1,1,TRUE,0,NA
2004,BlkvProj,TNMAR04.SPD,JXUS,Havstrand,2004_1344,1,1,TRUE,0,NA
2004,BlkvProj,TNMAR04.SPD,JXUS,Havstrand,2004_1345,1,1,TRUE,0,NA
2004,BlkvProj,TNMAR04.SPD,JXUS,Havstrand,2004_1346,1,1,TRUE,0,NA
2004,BlkvProj,TNMAR04.SPD,JXUS,Havstrand,2004_1347,1,1,TRUE,0,NA
2004,BlkvProj,TNMAR04.SPD,JXUS,Havstrand,2004_1348,1,1,TRUE,0,NA
2004,BlkvProj,TNMAR04.SPD,JXUS,Havstrand,2004_1349,1,1,TRUE,0,NA
2004,BlkvProj,TNMAR04.SPD,JXUS,Havstrand,2004_1350,1,1,TRUE,0,NA
2004,BlkvProj,TNMAR04.SPD,JXUS,Havstrand,2004_1351,1,1,TRUE,0,NA
2004,BlkvProj,TNMAR04.SPD,JXUS,Havstrand,2004_1352,1,1,TRUE,0,NA
2004,BlkvProj,TNMAR04.SPD,JXUS,Havstrand,2004_1353,1,1,TRUE,0,NA
2004,BlkvProj,TNMAR04.SPD,JXUS,Havstrand,2004_1354,1,1,TRUE,0,NA
2004,BlkvProj,TNMAR04.SPD,JXUS,Havstrand,2004_1355,1,1,TRUE,0,NA
2004,BlkvProj,TNMAR04.SPD,JXUS,Havstrand,2004_1356,1,1,TRUE,0,NA
2004,BlkvProj,TNMAR04.SPD,JXUS,Havstrand,2004_1357,1,1,TRUE,0,NA
2004,BlkvProj,TNMAR04.SPD,JXUS,Havstrand,2004_1358,1,1,TRUE,0,NA
2004,BlkvProj,TNMAR04.SPD,JXUS,Havstrand,2004_1359,1,1,TRUE,0,NA
2004,BlkvProj,TNMAR04.SPD,JXUS,Havstrand,2004_1360,1,1,TRUE,0,NA
2004,BlkvProj,TNMAR04.SPD,JXUS,Havstrand,2004_1361,1,1,TRUE,0,NA
2004,BlkvProj,TNMAR04.SPD,JXUS,Havstrand,2004_1362,1,1,TRUE,0,NA
2004,BlkvProj,TNMAR04.SPD,JXUS,Havstrand,2004_1363,1,1,TRUE,0,NA
2004,BlkvProj,TNMAR04.SPD,JXUS,Havstrand,2004_1364,1,1,TRUE,0,NA
2004,BlkvProj,TNMAR04.SPD,JXUS,Havstrand,2004_1365,1,1,TRUE,0,NA
2004,BlkvProj,TNMAR04.SPD,JXUS,Havstrand,2004_1366,1,1,TRUE,0,NA
2004,BlkvProj,TNMAR04.SPD,JXUS,Havstrand,2004_1367,1,1,TRUE,0,NA
2004,BlkvProj,TNMAR04.SPD,JXUS,Havstrand,2004_1368,1,1,TRUE,0,NA
2004,BlkvProj,TNMAR04.SPD,JXUS,Havstrand,2004_1369,1,1,TRUE,0,NA
2004,BlkvProj,TNMAR04.SPD,JXUS,Havstrand,2004_1370,1,1,TRUE,0,NA
2004,BlkvProj,TNMAR04.SPD,JXUS,Havstrand,2004_1371,1,1,TRUE,0,NA
2004,BlkvProj,TNMAR04.SPD,JXUS,Havstrand,2004_1372,1,1,TRUE,0,NA
2004,BlkvProj,TNMAR04.SPD,JXUS,Havstrand,2004_1373,1,1,TRUE,0,NA
2004,BlkvProj,TNMAR04.SPD,JXUS,Havstrand,2004_1374,1,1,TRUE,0,NA
2004,BlkvProj,TNMAR04.SPD,JXUS,Havstrand,2004_1375,1,1,TRUE,0,NA
2004,BlkvProj,TNMAR04.SPD,JXUS,Havstrand,2004_1376,1,1,TRUE,0,NA
2004,BlkvProj,TNMAR04.SPD,JXUS,Havstrand,2004_1377,1,1,TRUE,0,NA
2004,BlkvProj,TNMAR04.SPD,JXUS,Havstrand,2004_1378,1,1,TRUE,0,NA
2004,BlkvProj,TNMAR04.SPD,JXUS,Havstrand,2004_1379,1,1,TRUE,0,NA
2004,BlkvProj,TNMAR04.SPD,JXUS,Havstrand,2004_1380,1,1,TRUE,0,NA
2004,BlkvProj,TNMAR04.SPD,JXUS,Havstrand,2004_1381,1,1,TRUE,0,NA
2004,BlkvProj,TNMAR04.SPD,JXUS,Havstrand,2004_1382,1,1,TRUE,0,NA
2004,BlkvProj,TNMAR04.SPD,JXUS,Havstrand,2004_1383,1,1,TRUE,0,NA
2004,BlkvProj,TNMAR04.SPD,JXUS,Havstrand,2004_1384,1,1,TRUE,0,NA
2004,BlkvProj,TNMAR04.SPD,JXUS,Havstrand,2004_1385,1,1,TRUE,0,NA
2004,BlkvProj,TNMAR04.SPD,JXUS,Havstrand,2004_1386,1,1,TRUE,0,NA
2004,BlkvProj,TNMAR04.SPD,JXUS,Havstrand,2004_1387,1,1,TRUE,0,NA
2004,BlkvProj,TNMAR04.SPD,JXUS,Havstrand,2004_1388,1,1,TRUE,0,NA
2004,BlkvProj,TNMAR04.SPD,JXUS,Havstrand,2004_1389,1,1,TRUE,0,NA
2004,BlkvProj,TNMAR04.SPD,JXUS,Havstrand,2004_1390,1,1,TRUE,0,NA
2004,BlkvProj,TNMAR04.SPD,JXUS,Havstrand,2004_1391,1,1,TRUE,0,NA
2004,BlkvProj,TNMAR04.SPD,JXUS,Havstrand,2004_1392,1,1,TRUE,0,NA
2004,BlkvProj,TNMAR04.SPD,JXUS,Havstrand,2004_1393,1,1,TRUE,0,NA
2004,BlkvProj,TNMAR04.SPD,JXUS,Havstrand,2004_1394,1,1,TRUE,0,NA
2004,BlkvProj,TNMAR04.SPD,JXUS,Havstrand,2004_1395,1,1,TRUE,0,NA
2004,BlkvProj,TNMAR04.SPD,JXUS,Havstrand,2004_1396,1,1,TRUE,0,NA
2004,BlkvProj,TNMAR04.SPD,JXUS,Havstrand,2004_1397,1,1,TRUE,0,NA
2004,BlkvProj,TNMAR04.SPD,JXUS,Havstrand,2004_1398,1,1,TRUE,0,NA
2004,BlkvProj,TNMAR04.SPD,JXUS,Havstrand,2004_1399,1,1,TRUE,0,NA
2004,BlkvProj,TNMAR04.SPD,JXUS,Havstrand,2004_1400,1,1,TRUE,0,NA
2004,BlkvProj,TNMAR04.SPD,JXUS,Havstrand,2004_1401,1,1,TRUE,0,NA
2004,BlkvProj,TNMAR04.SPD,JXUS,Havstrand,2004_1402,1,1,TRUE,0,NA
2004,BlkvProj,TNMAR04.SPD,JXUS,Havstrand,2004_1403,1,1,TRUE,0,NA
2004,BlkvProj,TNMAR04.SPD,JXUS,Havstrand,2004_1404,1,1,TRUE,0,NA
2004,BlkvProj,TNMAR04.SPD,JXUS,Havstrand,2004_1405,1,1,TRUE,0,NA
2004,BlkvProj,TNMAR04.SPD,JXUS,Havstrand,2004_1406,1,1,TRUE,0,NA
2004,BlkvProj,TNMAR04.SPD,JXUS,Havstrand,2004_1407,1,1,TRUE,0,NA
2004,BlkvProj,TNMAR04.SPD,JXUS,Havstrand,2004_1408,1,1,TRUE,0,NA
2004,BlkvProj,TNMAR04.SPD,JXUS,Havstrand,2004_1409,1,1,TRUE,0,NA
2004,BlkvProj,TNMAR04.SPD,JXUS,Havstrand,2004_1410,1,1,TRUE,0,NA
2004,BlkvProj,TNMAR04.SPD,JXUS,Havstrand,2004_1411,1,1,TRUE,0,NA
2004,BlkvProj,TNMAR04.SPD,JXUS,Havstrand,2004_1412,1,1,TRUE,0,NA
2004,BlkvProj,TNMAR04.SPD,JXUS,Havstrand,2004_1413,1,1,TRUE,0,NA
2004,BlkvProj,TNMAR04.SPD,JXUS,Havstrand,2004_1414,1,1,TRUE,0,NA
2004,BlkvProj,TNMAR04.SPD,JXUS,Havstrand,2004_1415,1,1,TRUE,0,NA
2004,BlkvProj,TNMAR04.SPD,JXUS,Havstrand,2004_1416,1,1,TRUE,0,NA
2004,BlkvProj,TNMAR04.SPD,JXUS,Havstrand,2004_1417,1,1,TRUE,0,NA
2004,BlkvProj,TNMAR04.SPD,JXUS,Havstrand,2004_1418,1,1,TRUE,0,NA
2004,BlkvProj,TNMAR04.SPD,JXUS,Havstrand,2004_1419,1,1,TRUE,0,NA
2004,BlkvProj,TNMAR04.SPD,JXUS,Havstrand,2004_1420,1,1,TRUE,0,NA
2004,BlkvProj,TNMAR04.SPD,JXUS,Havstrand,2004_1421,1,1,TRUE,0,NA
2004,BlkvProj,TNMAR04.SPD,JXUS,Havstrand,2004_1422,1,1,TRUE,0,NA
2004,BlkvProj,TNMAR04.SPD,JXUS,Havstrand,2004_1423,1,1,TRUE,0,NA
2004,BlkvProj,TNMAR04.SPD,JXUS,Havstrand,2004_1424,1,1,TRUE,0,NA
2004,BlkvProj,TNMAR04.SPD,JXUS,Havstrand,2004_1425,1,1,TRUE,0,NA
2004,BlkvProj,TNMAR04.SPD,JXUS,Havstrand,2004_1426,1,1,TRUE,0,NA
2004,BlkvProj,TNMAR04.SPD,JXUS,Havstrand,2004_1427,1,1,TRUE,0,NA
2004,BlkvProj,TNMAR04.SPD,JXUS,Havstrand,2004_1428,1,1,TRUE,0,NA
2004,BlkvProj,TNMAR04.SPD,JXUS,Havstrand,2004_1429,1,1,TRUE,0,NA
2004,BlkvProj,TNMAR04.SPD,JXUS,Havstrand,2004_1430,1,1,TRUE,0,NA
2004,BlkvProj,TNMAR04.SPD,JXUS,Havstrand,2004_1431,1,1,TRUE,0,NA
2004,BlkvProj,TNMAR04.SPD,JXUS,Havstrand,2004_1432,1,1,TRUE,0,NA
2004,BlkvProj,TNMAR04.SPD,JXUS,Havstrand,2004_1433,1,1,TRUE,0,NA
2004,BlkvProj,TNMAR04.SPD,JXUS,Havstrand,2004_1434,1,1,TRUE,0,NA
2004,BlkvProj,TNMAR04.SPD,JXUS,Havstrand,2004_1435,1,1,TRUE,0,NA
2004,BlkvProj,TNNOV04.SPD,JXUS,Havstrand,2004_1001,1,1,TRUE,0,NA
2004,BlkvProj,TNNOV04.SPD,JXUS,Havstrand,2004_1002,1,1,TRUE,0,NA
2004,BlkvProj,TNNOV04.SPD,JXUS,Havstrand,2004_1003,1,1,TRUE,0,NA
2004,BlkvProj,TNNOV04.SPD,JXUS,Havstrand,2004_1004,1,1,TRUE,0,NA
2004,BlkvProj,TNNOV04.SPD,JXUS,Havstrand,2004_1005,1,1,TRUE,0,NA
2004,BlkvProj,TNNOV04.SPD,JXUS,Havstrand,2004_1006,1,1,TRUE,0,NA
2004,BlkvProj,TNNOV04.SPD,JXUS,Havstrand,2004_1007,1,1,TRUE,0,NA
2004,BlkvProj,TNNOV04.SPD,JXUS,Havstrand,2004_1008,1,1,TRUE,0,NA
2004,BlkvProj,TNNOV04.SPD,JXUS,Havstrand,2004_1009,1,1,TRUE,0,NA
2004,BlkvProj,TNNOV04.SPD,JXUS,Havstrand,2004_1010,1,1,TRUE,0,NA
2004,BlkvProj,TNNOV04.SPD,JXUS,Havstrand,2004_1011,1,1,TRUE,0,NA
2004,BlkvProj,TNNOV04.SPD,JXUS,Havstrand,2004_1012,1,1,TRUE,0,NA
2004,BlkvProj,TNNOV04.SPD,JXUS,Havstrand,2004_1013,1,1,TRUE,0,NA
2004,BlkvProj,TNNOV04.SPD,JXUS,Havstrand,2004_1014,1,1,TRUE,0,NA
2004,BlkvProj,TNNOV04.SPD,JXUS,Havstrand,2004_1015,1,1,TRUE,0,NA
2004,BlkvProj,TNNOV04.SPD,JXUS,Havstrand,2004_1016,1,1,TRUE,0,NA
2004,BlkvProj,TNNOV04.SPD,JXUS,Havstrand,2004_1017,1,1,TRUE,0,NA
2004,BlkvProj,TNNOV04.SPD,JXUS,Havstrand,2004_1018,1,1,TRUE,0,NA
2004,BlkvProj,TNNOV04.SPD,JXUS,Havstrand,2004_1019,1,1,TRUE,0,NA
2004,BlkvProj,TNNOV04.SPD,JXUS,Havstrand,2004_1020,1,1,TRUE,0,NA
2004,BlkvProj,TNNOV04.SPD,JXUS,Havstrand,2004_1021,1,1,TRUE,0,NA
2004,BlkvProj,TNNOV04.SPD,JXUS,Havstrand,2004_1022,1,1,TRUE,0,NA
2004,BlkvProj,TNNOV04.SPD,JXUS,Havstrand,2004_1023,1,1,TRUE,0,NA
2004,BlkvProj,TNNOV04.SPD,JXUS,Havstrand,2004_1024,1,1,TRUE,0,NA
2004,BlkvProj,TNNOV04.SPD,JXUS,Havstrand,2004_1025,1,1,TRUE,0,NA
2004,BlkvProj,TNNOV04.SPD,JXUS,Havstrand,2004_1026,1,1,TRUE,0,NA
2004,BlkvProj,TNNOV04.SPD,JXUS,Havstrand,2004_1027,1,1,TRUE,0,NA
2004,BlkvProj,TNNOV04.SPD,JXUS,Havstrand,2004_1028,1,1,TRUE,0,NA
2004,BlkvProj,TNNOV04.SPD,JXUS,Havstrand,2004_1029,1,1,TRUE,0,NA
2004,BlkvProj,TNNOV04.SPD,JXUS,Havstrand,2004_1030,1,1,TRUE,0,NA
2004,BlkvProj,TNNOV04.SPD,JXUS,Havstrand,2004_1031,1,1,TRUE,0,NA
2004,BlkvProj,TNNOV04.SPD,JXUS,Havstrand,2004_1032,1,1,TRUE,0,NA
2004,BlkvProj,TNNOV04.SPD,JXUS,Havstrand,2004_1033,1,1,TRUE,0,NA
2004,BlkvProj,TNNOV04.SPD,JXUS,Havstrand,2004_1034,1,1,TRUE,0,NA
2004,BlkvProj,TNNOV04.SPD,JXUS,Havstrand,2004_1035,1,1,TRUE,0,NA
2004,BlkvProj,TNNOV04.SPD,JXUS,Havstrand,2004_1036,1,1,TRUE,0,NA
2004,BlkvProj,TNNOV04.SPD,JXUS,Havstrand,2004_1037,1,1,TRUE,0,NA
2004,BlkvProj,TNNOV04.SPD,JXUS,Havstrand,2004_1038,1,1,TRUE,0,NA
2004,BlkvProj,TNNOV04.SPD,JXUS,Havstrand,2004_1039,1,1,TRUE,0,NA
2004,BlkvProj,TNNOV04.SPD,JXUS,Havstrand,2004_1040,1,1,TRUE,0,NA
2004,BlkvProj,TNNOV04.SPD,JXUS,Havstrand,2004_1041,1,1,TRUE,0,NA
2004,BlkvProj,TNNOV04.SPD,JXUS,Havstrand,2004_1042,1,1,TRUE,0,NA
2004,BlkvProj,TNNOV04.SPD,JXUS,Havstrand,2004_1043,1,1,TRUE,0,NA
2004,BlkvProj,TNNOV04.SPD,JXUS,Havstrand,2004_1044,1,1,TRUE,0,NA
2004,BlkvProj,TNNOV04.SPD,JXUS,Havstrand,2004_1045,1,1,TRUE,0,NA
2004,BlkvProj,TNNOV04.SPD,JXUS,Havstrand,2004_1046,1,1,TRUE,0,NA
2004,BlkvProj,TNNOV04.SPD,JXUS,Havstrand,2004_1047,1,1,TRUE,0,NA
2004,BlkvProj,TNNOV04.SPD,JXUS,Havstrand,2004_1048,1,1,TRUE,0,NA
2004,BlkvProj,TNNOV04.SPD,JXUS,Havstrand,2004_1049,1,1,TRUE,0,NA
2004,BlkvProj,TNNOV04.SPD,JXUS,Havstrand,2004_1050,1,1,TRUE,0,NA
2004,BlkvProj,TNNOV04.SPD,JXUS,Havstrand,2004_1051,1,1,TRUE,0,NA
2004,BlkvProj,TNNOV04.SPD,JXUS,Havstrand,2004_1052,1,1,TRUE,0,NA
2004,BlkvProj,TNNOV04.SPD,JXUS,Havstrand,2004_1053,1,1,TRUE,0,NA
2004,BlkvProj,TNNOV04.SPD,JXUS,Havstrand,2004_1054,1,1,TRUE,0,NA
2004,BlkvProj,TNNOV04.SPD,JXUS,Havstrand,2004_1055,1,1,TRUE,0,NA
2004,BlkvProj,TNNOV04.SPD,JXUS,Havstrand,2004_1056,1,1,TRUE,0,NA
2004,BlkvProj,TNNOV04.SPD,JXUS,Havstrand,2004_1057,1,1,TRUE,0,NA
2004,BlkvProj,TNNOV04.SPD,JXUS,Havstrand,2004_1058,1,1,TRUE,0,NA
2004,BlkvProj,TNNOV04.SPD,JXUS,Havstrand,2004_1059,1,1,TRUE,0,NA
2004,BlkvProj,TNNOV04.SPD,JXUS,Havstrand,2004_1060,1,1,TRUE,0,NA
2004,BlkvProj,TNNOV04.SPD,JXUS,Havstrand,2004_1061,1,1,TRUE,0,NA
2004,BlkvProj,TNNOV04.SPD,JXUS,Havstrand,2004_1062,1,1,TRUE,0,NA
2004,BlkvProj,TNNOV04.SPD,JXUS,Havstrand,2004_1063,1,1,TRUE,0,NA
2004,BlkvProj,TNNOV04.SPD,JXUS,Havstrand,2004_1064,1,1,TRUE,0,NA
2004,BlkvProj,TNNOV04.SPD,JXUS,Havstrand,2004_1065,1,1,TRUE,0,NA
2004,BlkvProj,TNNOV04.SPD,JXUS,Havstrand,2004_1066,1,1,TRUE,0,NA
2004,BlkvProj,TNNOV04.SPD,JXUS,Havstrand,2004_1067,1,1,TRUE,0,NA
2004,BlkvProj,TNNOV04.SPD,JXUS,Havstrand,2004_1068,1,1,TRUE,0,NA
2004,BlkvProj,TNNOV04.SPD,JXUS,Havstrand,2004_1069,1,1,TRUE,0,NA
2004,BlkvProj,TNNOV04.SPD,JXUS,Havstrand,2004_1070,1,1,TRUE,0,NA
2004,BlkvProj,TNNOV04.SPD,JXUS,Havstrand,2004_1071,1,1,TRUE,0,NA
2004,BlkvProj,TNNOV04.SPD,JXUS,Havstrand,2004_1072,1,1,TRUE,0,NA
2004,BlkvProj,TNNOV04.SPD,JXUS,Havstrand,2004_1073,1,1,TRUE,0,NA
2004,BlkvProj,TNNOV04.SPD,JXUS,Havstrand,2004_1074,1,1,TRUE,0,NA
2004,BlkvProj,TNNOV04.SPD,JXUS,Havstrand,2004_1075,1,1,TRUE,0,NA
2004,BlkvProj,TNNOV04.SPD,JXUS,Havstrand,2004_1076,1,1,TRUE,0,NA
2004,BlkvProj,TNNOV04.SPD,JXUS,Havstrand,2004_1077,1,1,TRUE,0,NA
2004,BlkvProj,TNNOV04.SPD,JXUS,Havstrand,2004_1078,1,1,TRUE,0,NA
2004,BlkvProj,TNNOV04.SPD,JXUS,Havstrand,2004_1079,1,1,TRUE,0,NA
2004,BlkvProj,TNNOV04.SPD,JXUS,Havstrand,2004_1080,1,1,TRUE,0,NA
2004,BlkvProj,TNNOV04.SPD,JXUS,Havstrand,2004_1081,1,1,TRUE,0,NA
2004,BlkvProj,TNNOV04.SPD,JXUS,Havstrand,2004_1082,1,1,TRUE,0,NA
2004,BlkvProj,TNNOV04.SPD,JXUS,Havstrand,2004_1083,1,1,TRUE,0,NA
2004,BlkvProj,TNNOV04.SPD,JXUS,Havstrand,2004_1084,1,1,TRUE,0,NA
2004,BlkvProj,TNNOV04.SPD,JXUS,Havstrand,2004_1085,1,1,TRUE,0,NA
2004,BlkvProj,TNNOV04.SPD,JXUS,Havstrand,2004_1086,1,1,TRUE,0,NA
2004,BlkvProj,TNNOV04.SPD,JXUS,Havstrand,2004_1087,1,1,TRUE,0,NA
2004,BlkvProj,TNNOV04.SPD,JXUS,Havstrand,2004_1088,1,1,TRUE,0,NA
2004,BlkvProj,TNNOV04.SPD,JXUS,Havstrand,2004_1089,1,1,TRUE,0,NA
2004,BlkvProj,TNNOV04.SPD,JXUS,Havstrand,2004_1090,1,1,TRUE,0,NA
2004,BlkvProj,TNNOV04.SPD,JXUS,Havstrand,2004_1091,1,1,TRUE,0,NA
2004,BlkvProj,TNNOV04.SPD,JXUS,Havstrand,2004_1092,1,1,TRUE,0,NA
2004,BlkvProj,TNNOV04.SPD,JXUS,Havstrand,2004_1093,1,1,TRUE,0,NA
2004,BlkvProj,TNNOV04.SPD,JXUS,Havstrand,2004_1094,1,1,TRUE,0,NA
2004,BlkvProj,TNNOV04.SPD,JXUS,Havstrand,2004_1095,1,1,TRUE,0,NA
2004,BlkvProj,TNNOV04.SPD,JXUS,Havstrand,2004_1096,1,1,TRUE,0,NA
2004,BlkvProj,TNNOV04.SPD,JXUS,Havstrand,2004_1097,1,1,TRUE,0,NA
2004,BlkvProj,TNNOV04.SPD,JXUS,Havstrand,2004_1098,1,1,TRUE,0,NA
2004,BlkvProj,TNNOV04.SPD,JXUS,Havstrand,2004_1099,1,1,TRUE,0,NA
2004,BlkvProj,TNNOV04.SPD,JXUS,Havstrand,2004_1100,1,1,TRUE,0,NA
2004,BlkvProj,TNNOV04.SPD,JXUS,Havstrand,2004_1101,1,1,TRUE,0,NA
2004,BlkvProj,TNNOV04.SPD,JXUS,Havstrand,2004_1102,1,1,TRUE,0,NA
2004,BlkvProj,TNNOV04.SPD,JXUS,Havstrand,2004_1103,1,1,TRUE,0,NA
2004,BlkvProj,TNNOV04.SPD,JXUS,Havstrand,2004_1104,1,1,TRUE,0,NA
2004,BlkvProj,TNNOV04.SPD,JXUS,Havstrand,2004_1105,1,1,TRUE,0,NA
2004,BlkvProj,TNNOV04.SPD,JXUS,Havstrand,2004_1106,1,1,TRUE,0,NA
2004,BlkvProj,TNNOV04.SPD,JXUS,Havstrand,2004_1107,1,1,TRUE,0,NA
2004,BlkvProj,TNNOV04.SPD,JXUS,Havstrand,2004_1108,1,1,TRUE,0,NA
2004,BlkvProj,TNNOV04.SPD,JXUS,Havstrand,2004_1109,1,1,TRUE,0,NA
2004,BlkvProj,TNNOV04.SPD,JXUS,Havstrand,2004_1110,1,1,TRUE,0,NA
2004,BlkvProj,TNNOV04.SPD,JXUS,Havstrand,2004_1111,1,1,TRUE,0,NA
2004,BlkvProj,TNNOV04.SPD,JXUS,Havstrand,2004_1112,1,1,TRUE,0,NA
2004,BlkvProj,TNNOV04.SPD,JXUS,Havstrand,2004_1113,1,1,TRUE,0,NA
2004,BlkvProj,TNNOV04.SPD,JXUS,Havstrand,2004_1114,1,1,TRUE,0,NA
2004,BlkvProj,TNNOV04.SPD,JXUS,Havstrand,2004_1115,1,1,TRUE,0,NA
2004,BlkvProj,TNNOV04.SPD,JXUS,Havstrand,2004_1116,1,1,TRUE,0,NA
2004,BlkvProj,TNNOV04.SPD,JXUS,Havstrand,2004_1117,1,1,TRUE,0,NA
2004,BlkvProj,TNNOV04.SPD,JXUS,Havstrand,2004_1118,1,1,TRUE,0,NA
2004,BlkvProj,TNNOV04.SPD,JXUS,Havstrand,2004_1119,1,1,TRUE,0,NA
2004,BlkvProj,TNNOV04.SPD,JXUS,Havstrand,2004_1120,1,1,TRUE,0,NA
2004,BlkvProj,TNNOV04.SPD,JXUS,Havstrand,2004_1121,1,1,TRUE,0,NA
2004,BlkvProj,TNNOV04.SPD,JXUS,Havstrand,2004_1122,1,1,TRUE,0,NA
2004,BlkvProj,TNNOV04.SPD,JXUS,Havstrand,2004_1123,1,1,TRUE,0,NA
2004,BlkvProj,TNNOV04.SPD,JXUS,Havstrand,2004_1124,1,1,TRUE,0,NA
2004,BlkvProj,TNNOV04.SPD,JXUS,Havstrand,2004_1125,1,1,TRUE,0,NA
2004,BlkvProj,TNNOV04.SPD,JXUS,Havstrand,2004_1126,1,1,TRUE,0,NA
2004,BlkvProj,TNNOV04.SPD,JXUS,Havstrand,2004_1127,1,1,TRUE,0,NA
2004,BlkvProj,TNNOV04.SPD,JXUS,Havstrand,2004_1128,1,1,TRUE,0,NA
2004,BlkvProj,TNNOV04.SPD,JXUS,Havstrand,2004_1129,1,1,TRUE,0,NA
2004,BlkvProj,TNNOV04.SPD,JXUS,Havstrand,2004_1130,1,1,TRUE,0,NA
2004,BlkvProj,TNNOV04.SPD,JXUS,Havstrand,2004_1131,1,1,TRUE,0,NA
2004,BlkvProj,TNNOV04.SPD,JXUS,Havstrand,2004_1132,1,1,TRUE,0,NA
2004,BlkvProj,TNNOV04.SPD,JXUS,Havstrand,2004_1133,1,1,TRUE,0,NA
2004,BlkvProj,TNNOV04.SPD,JXUS,Havstrand,2004_1134,1,1,TRUE,0,NA
2004,BlkvProj,TNNOV04.SPD,JXUS,Havstrand,2004_1135,1,1,TRUE,0,NA
2004,BlkvProj,TNNOV04.SPD,JXUS,Havstrand,2004_1136,1,1,TRUE,0,NA
2004,BlkvProj,TNNOV04.SPD,JXUS,Havstrand,2004_1137,1,1,TRUE,0,NA
2004,BlkvProj,TNNOV04.SPD,JXUS,Havstrand,2004_1138,1,1,TRUE,0,NA
2004,BlkvProj,TNNOV04.SPD,JXUS,Havstrand,2004_1139,1,1,TRUE,0,NA
2004,BlkvProj,TNNOV04.SPD,JXUS,Havstrand,2004_1140,1,1,TRUE,0,NA
2004,BlkvProj,TNNOV04.SPD,JXUS,Havstrand,2004_1141,1,1,TRUE,0,NA
2004,BlkvProj,TNNOV04.SPD,JXUS,Havstrand,2004_1142,1,1,TRUE,0,NA
2004,BlkvProj,TNNOV04.SPD,JXUS,Havstrand,2004_1143,1,1,TRUE,0,NA
2004,BlkvProj,TNNOV04.SPD,JXUS,Havstrand,2004_1144,1,1,TRUE,0,NA
2004,BlkvProj,TNNOV04.SPD,JXUS,Havstrand,2004_1145,1,1,TRUE,0,NA
2004,BlkvProj,TNNOV04.SPD,JXUS,Havstrand,2004_1146,1,1,TRUE,0,NA
2004,BlkvProj,TNNOV04.SPD,JXUS,Havstrand,2004_1147,1,1,TRUE,0,NA
2004,BlkvProj,TNNOV04.SPD,JXUS,Havstrand,2004_1148,1,1,TRUE,0,NA
2004,BlkvProj,TNNOV04.SPD,JXUS,Havstrand,2004_1149,1,1,TRUE,0,NA
2004,BlkvProj,TNNOV04.SPD,JXUS,Havstrand,2004_1150,1,1,TRUE,0,NA
2004,BlkvProj,TNNOV04.SPD,JXUS,Havstrand,2004_1151,1,1,TRUE,0,NA
2004,BlkvProj,TNNOV04.SPD,JXUS,Havstrand,2004_1152,1,1,TRUE,0,NA
2004,BlkvProj,TNNOV04.SPD,JXUS,Havstrand,2004_1153,1,1,TRUE,0,NA
2004,BlkvProj,TNNOV04.SPD,JXUS,Havstrand,2004_1154,1,1,TRUE,0,NA
2004,BlkvProj,TNNOV04.SPD,JXUS,Havstrand,2004_1155,1,1,TRUE,0,NA
2004,BlkvProj,TNNOV04.SPD,JXUS,Havstrand,2004_1156,1,1,TRUE,0,NA
2004,BlkvProj,TNNOV04.SPD,JXUS,Havstrand,2004_1157,1,1,TRUE,0,NA
2004,BlkvProj,TNNOV04.SPD,JXUS,Havstrand,2004_1158,1,1,TRUE,0,NA
2004,BlkvProj,TNNOV04.SPD,JXUS,Havstrand,2004_1159,1,1,TRUE,0,NA
2004,BlkvProj,TNNOV04.SPD,JXUS,Havstrand,2004_1160,1,1,TRUE,0,NA
2004,BlkvProj,TNNOV04.SPD,JXUS,Havstrand,2004_1161,1,1,TRUE,0,NA
2004,BlkvProj,TNNOV04.SPD,JXUS,Havstrand,2004_1162,1,1,TRUE,0,NA
2004,BlkvProj,TNNOV04.SPD,JXUS,Havstrand,2004_1163,1,1,TRUE,0,NA
2004,BlkvProj,TNNOV04.SPD,JXUS,Havstrand,2004_1164,1,1,TRUE,0,NA
2004,BlkvProj,TNNOV04.SPD,JXUS,Havstrand,2004_1165,1,1,TRUE,0,NA
2004,BlkvProj,TNNOV04.SPD,JXUS,Havstrand,2004_1166,1,1,TRUE,0,NA
2004,BlkvProj,TNNOV04.SPD,JXUS,Havstrand,2004_1167,1,1,TRUE,0,NA
2004,BlkvProj,TNNOV04.SPD,JXUS,Havstrand,2004_1168,1,1,TRUE,0,NA
2004,BlkvProj,TNNOV04.SPD,JXUS,Havstrand,2004_1169,1,1,TRUE,0,NA
2004,BlkvProj,TNNOV04.SPD,JXUS,Havstrand,2004_1170,1,1,TRUE,0,NA
2004,BlkvProj,TNNOV04.SPD,JXUS,Havstrand,2004_1171,1,1,TRUE,0,NA
2004,BlkvProj,TNNOV04.SPD,JXUS,Havstrand,2004_1172,1,1,TRUE,0,NA
2004,BlkvProj,TNNOV04.SPD,JXUS,Havstrand,2004_1173,1,1,TRUE,0,NA
2004,BlkvProj,TNNOV04.SPD,JXUS,Havstrand,2004_1174,1,1,TRUE,0,NA
2004,BlkvProj,TNNOV04.SPD,JXUS,Havstrand,2004_1175,1,1,TRUE,0,NA
2004,BlkvProj,TNNOV04.SPD,JXUS,Havstrand,2004_1176,1,1,TRUE,0,NA
2004,BlkvProj,TNNOV04.SPD,JXUS,Havstrand,2004_1177,1,1,TRUE,0,NA
2004,BlkvProj,TNNOV04.SPD,JXUS,Havstrand,2004_1178,1,1,TRUE,0,NA
2004,BlkvProj,TNNOV04.SPD,JXUS,Havstrand,2004_1179,1,1,TRUE,0,NA
2004,BlkvProj,TNNOV04.SPD,JXUS,Havstrand,2004_1180,1,1,TRUE,0,NA
2004,BlkvProj,TNNOV04.SPD,JXUS,Havstrand,2004_1181,1,1,TRUE,0,NA
2004,BlkvProj,TNNOV04.SPD,JXUS,Havstrand,2004_1182,1,1,TRUE,0,NA
2004,BlkvProj,TNNOV04.SPD,JXUS,Havstrand,2004_1183,1,1,TRUE,0,NA
2004,BlkvProj,TNNOV04.SPD,JXUS,Havstrand,2004_1184,1,1,TRUE,0,NA
2004,BlkvProj,TNNOV04.SPD,JXUS,Havstrand,2004_1185,1,1,TRUE,0,NA
2004,BlkvProj,TNNOV04.SPD,JXUS,Havstrand,2004_1186,1,1,TRUE,0,NA
2004,BlkvProj,TNNOV04.SPD,JXUS,Havstrand,2004_1187,1,1,TRUE,0,NA
2004,BlkvProj,TNNOV04.SPD,JXUS,Havstrand,2004_1188,1,1,TRUE,0,NA
2004,BlkvProj,TNNOV04.SPD,JXUS,Havstrand,2004_1189,1,1,TRUE,0,NA
2004,BlkvProj,TNNOV04.SPD,JXUS,Havstrand,2004_1190,1,1,TRUE,0,NA
2004,BlkvProj,TNNOV04.SPD,JXUS,Havstrand,2004_1191,1,1,TRUE,0,NA
2004,BlkvProj,TNNOV04.SPD,JXUS,Havstrand,2004_1192,1,1,TRUE,0,NA
2004,BlkvProj,TNNOV04.SPD,JXUS,Havstrand,2004_1193,1,1,TRUE,0,NA
2004,BlkvProj,TNNOV04.SPD,JXUS,Havstrand,2004_1194,1,1,TRUE,0,NA
2004,BlkvProj,TNNOV04.SPD,JXUS,Havstrand,2004_1195,1,1,TRUE,0,NA
2004,BlkvProj,TNNOV04.SPD,JXUS,Havstrand,2004_1196,1,1,TRUE,0,NA
2004,BlkvProj,TNNOV04.SPD,JXUS,Havstrand,2004_1197,1,1,TRUE,0,NA
2004,BlkvProj,TNNOV04.SPD,JXUS,Havstrand,2004_1198,1,1,TRUE,0,NA
2004,BlkvProj,TNNOV04.SPD,JXUS,Havstrand,2004_1199,1,1,TRUE,0,NA
2004,BlkvProj,TNNOV04.SPD,JXUS,Havstrand,2004_1200,1,1,TRUE,0,NA
2004,BlkvProj,TNNOV04.SPD,JXUS,Havstrand,2004_1201,1,1,TRUE,0,NA
2004,BlkvProj,TNNOV04.SPD,JXUS,Havstrand,2004_1202,1,1,TRUE,0,NA
2004,BlkvProj,TNNOV04.SPD,JXUS,Havstrand,2004_1203,1,1,TRUE,0,NA
2004,BlkvProj,TNNOV04.SPD,JXUS,Havstrand,2004_1204,1,1,TRUE,0,NA
2004,BlkvProj,TNNOV04.SPD,JXUS,Havstrand,2004_1205,1,1,TRUE,0,NA
2004,BlkvProj,TNNOV04.SPD,JXUS,Havstrand,2004_1206,1,1,TRUE,0,NA
2004,BlkvProj,TNNOV04.SPD,JXUS,Havstrand,2004_1207,1,1,TRUE,0,NA
2004,BlkvProj,TNNOV04.SPD,JXUS,Havstrand,2004_1208,1,1,TRUE,0,NA
2004,BlkvProj,TNNOV04.SPD,JXUS,Havstrand,2004_1209,1,1,TRUE,0,NA
2004,BlkvProj,TNNOV04.SPD,JXUS,Havstrand,2004_1210,1,1,TRUE,0,NA
2004,BlkvProj,TNNOV04.SPD,JXUS,Havstrand,2004_1211,1,1,TRUE,0,NA
2004,BlkvProj,TNNOV04.SPD,JXUS,Havstrand,2004_1212,1,1,TRUE,0,NA
2004,BlkvProj,TNNOV04.SPD,JXUS,Havstrand,2004_1213,1,1,TRUE,0,NA
2004,BlkvProj,TNNOV04.SPD,JXUS,Havstrand,2004_1214,1,1,TRUE,0,NA
2004,BlkvProj,TNNOV04.SPD,JXUS,Havstrand,2004_1215,1,1,TRUE,0,NA
2004,BlkvProj,TNNOV04.SPD,JXUS,Havstrand,2004_1216,1,1,TRUE,0,NA
2004,BlkvProj,TNNOV04.SPD,JXUS,Havstrand,2004_1217,1,1,TRUE,0,NA
2004,BlkvProj,TNNOV04.SPD,JXUS,Havstrand,2004_1218,1,1,TRUE,0,NA
2004,BlkvProj,TNNOV04.SPD,JXUS,Havstrand,2004_1219,1,1,TRUE,0,NA
2004,BlkvProj,TNNOV04.SPD,JXUS,Havstrand,2004_1220,1,1,TRUE,0,NA
2004,BlkvProj,TNNOV04.SPD,JXUS,Havstrand,2004_1221,1,1,TRUE,0,NA
2004,BlkvProj,TNNOV04.SPD,JXUS,Havstrand,2004_1222,1,1,TRUE,0,NA
2004,BlkvProj,TNNOV04.SPD,JXUS,Havstrand,2004_1223,1,1,TRUE,0,NA
2004,BlkvProj,TNNOV04.SPD,JXUS,Havstrand,2004_1224,1,1,TRUE,0,NA
2004,BlkvProj,TNNOV04.SPD,JXUS,Havstrand,2004_1225,1,1,TRUE,0,NA
2004,BlkvProj,TNNOV04.SPD,JXUS,Havstrand,2004_1226,1,1,TRUE,0,NA
2004,BlkvProj,TNNOV04.SPD,JXUS,Havstrand,2004_1227,1,1,TRUE,0,NA
2004,BlkvProj,TNNOV04.SPD,JXUS,Havstrand,2004_1228,1,1,TRUE,0,NA
2004,BlkvProj,TNNOV04.SPD,JXUS,Havstrand,2004_1229,1,1,TRUE,0,NA
2004,BlkvProj,TNNOV04.SPD,JXUS,Havstrand,2004_1230,1,1,TRUE,0,NA
2004,BlkvProj,TNNOV04.SPD,JXUS,Havstrand,2004_1231,1,1,TRUE,0,NA
2004,BlkvProj,TNNOV04.SPD,JXUS,Havstrand,2004_1232,1,1,TRUE,0,NA
2004,BlkvProj,TNNOV04.SPD,JXUS,Havstrand,2004_1233,1,1,TRUE,0,NA
2004,BlkvProj,TNNOV04.SPD,JXUS,Havstrand,2004_1234,1,1,TRUE,0,NA
2004,BlkvProj,TNNOV04.SPD,JXUS,Havstrand,2004_1235,1,1,TRUE,0,NA
2004,BlkvProj,TNNOV04.SPD,JXUS,Havstrand,2004_1236,1,1,TRUE,0,NA
2004,BlkvProj,TNNOV04.SPD,JXUS,Havstrand,2004_1237,1,1,TRUE,0,NA
2004,BlkvProj,TNNOV04.SPD,JXUS,Havstrand,2004_1238,1,1,TRUE,0,NA
2004,BlkvProj,TNNOV04.SPD,JXUS,Havstrand,2004_1239,1,1,TRUE,0,NA
2004,BlkvProj,TNNOV04.SPD,JXUS,Havstrand,2004_1240,1,1,TRUE,0,NA
2004,BlkvProj,TNNOV04.SPD,JXUS,Havstrand,2004_1241,1,1,TRUE,0,NA
2004,BlkvProj,TNNOV04.SPD,JXUS,Havstrand,2004_1242,1,1,TRUE,0,NA
2004,BlkvProj,TNNOV04.SPD,JXUS,Havstrand,2004_1243,1,1,TRUE,0,NA
2004,BlkvProj,TNNOV04.SPD,JXUS,Havstrand,2004_1244,1,1,TRUE,0,NA
2004,BlkvProj,TNNOV04.SPD,JXUS,Havstrand,2004_1245,1,1,TRUE,0,NA
2004,BlkvProj,TNNOV04.SPD,JXUS,Havstrand,2004_1246,1,1,TRUE,0,NA
2004,BlkvProj,TNNOV04.SPD,JXUS,Havstrand,2004_1247,1,1,TRUE,0,NA
2004,BlkvProj,TNNOV04.SPD,JXUS,Havstrand,2004_1248,1,1,TRUE,0,NA
2004,BlkvProj,TNNOV04.SPD,JXUS,Havstrand,2004_1249,1,1,TRUE,0,NA
2004,BlkvProj,TNNOV04.SPD,JXUS,Havstrand,2004_1250,1,1,TRUE,0,NA
2004,BlkvProj,TNNOV04.SPD,JXUS,Havstrand,2004_1251,1,1,TRUE,0,NA
2004,BlkvProj,TNNOV04.SPD,JXUS,Havstrand,2004_1252,1,1,TRUE,0,NA
2004,BlkvProj,TNNOV04.SPD,JXUS,Havstrand,2004_1253,1,1,TRUE,0,NA
2004,BlkvProj,TNNOV04.SPD,JXUS,Havstrand,2004_1254,1,1,TRUE,0,NA
2004,BlkvProj,TNNOV04.SPD,JXUS,Havstrand,2004_1255,1,1,TRUE,0,NA
2004,BlkvProj,TNNOV04.SPD,JXUS,Havstrand,2004_1256,1,1,TRUE,0,NA
2004,BlkvProj,TNNOV04.SPD,JXUS,Havstrand,2004_1257,1,1,TRUE,0,NA
2004,BlkvProj,TNNOV04.SPD,JXUS,Havstrand,2004_1258,1,1,TRUE,0,NA
2004,BlkvProj,TNNOV04.SPD,JXUS,Havstrand,2004_1259,1,1,TRUE,0,NA
2004,BlkvProj,TNNOV04.SPD,JXUS,Havstrand,2004_1260,1,1,TRUE,0,NA
2004,BlkvProj,TNNOV04.SPD,JXUS,Havstrand,2004_1261,1,1,TRUE,0,NA
2004,BlkvProj,TNNOV04.SPD,JXUS,Havstrand,2004_1262,1,1,TRUE,0,NA
2004,BlkvProj,TNNOV04.SPD,JXUS,Havstrand,2004_1263,1,1,TRUE,0,NA
2004,BlkvProj,TNNOV04.SPD,JXUS,Havstrand,2004_1264,1,1,TRUE,0,NA
2004,BlkvProj,TNNOV04.SPD,JXUS,Havstrand,2004_1265,1,1,TRUE,0,NA
2004,BlkvProj,TNNOV04.SPD,JXUS,Havstrand,2004_1266,1,1,TRUE,0,NA
2004,BlkvProj,TNNOV04.SPD,JXUS,Havstrand,2004_1267,1,1,TRUE,0,NA
2004,BlkvProj,TNNOV04.SPD,JXUS,Havstrand,2004_1268,1,1,TRUE,0,NA
2004,BlkvProj,TNNOV04.SPD,JXUS,Havstrand,2004_1269,1,1,TRUE,0,NA
2004,BlkvProj,TNNOV04.SPD,JXUS,Havstrand,2004_1270,1,1,TRUE,0,NA
2004,BlkvProj,TNNOV04.SPD,JXUS,Havstrand,2004_1271,1,1,TRUE,0,NA
2004,BlkvProj,TNNOV04.SPD,JXUS,Havstrand,2004_1272,1,1,TRUE,0,NA
2004,BlkvProj,TNNOV04.SPD,JXUS,Havstrand,2004_1273,1,1,TRUE,0,NA
2004,BlkvProj,TNNOV04.SPD,JXUS,Havstrand,2004_1274,1,1,TRUE,0,NA
2004,BlkvProj,TNNOV04.SPD,JXUS,Havstrand,2004_1275,1,1,TRUE,0,NA
2004,BlkvProj,TNNOV04.SPD,JXUS,Havstrand,2004_1276,1,1,TRUE,0,NA
2004,BlkvProj,TNNOV04.SPD,JXUS,Havstrand,2004_1277,1,1,TRUE,0,NA
2004,BlkvProj,TNNOV04.SPD,JXUS,Havstrand,2004_1278,1,1,TRUE,0,NA
2004,BlkvProj,TNNOV04.SPD,JXUS,Havstrand,2004_1279,1,1,TRUE,0,NA
2004,BlkvProj,TNNOV04.SPD,JXUS,Havstrand,2004_1280,1,1,TRUE,0,NA
2004,BlkvProj,TNNOV04.SPD,JXUS,Havstrand,2004_1281,1,1,TRUE,0,NA
2004,BlkvProj,TNNOV04.SPD,JXUS,Havstrand,2004_1282,1,1,TRUE,0,NA
2004,BlkvProj,TNNOV04.SPD,JXUS,Havstrand,2004_1283,1,1,TRUE,0,NA
2004,BlkvProj,TNNOV04.SPD,JXUS,Havstrand,2004_1436,1,1,TRUE,0,NA
2004,BlkvProj,TNNOV04.SPD,JXUS,Havstrand,2004_1437,1,1,TRUE,0,NA
2004,BlkvProj,TNNOV04.SPD,JXUS,Havstrand,2004_1438,1,1,TRUE,0,NA
2004,BlkvProj,TNNOV04.SPD,JXUS,Havstrand,2004_1439,1,1,TRUE,0,NA
2004,BlkvProj,TNNOV04.SPD,JXUS,Havstrand,2004_1440,1,1,TRUE,0,NA
2004,BlkvProj,TNNOV04.SPD,JXUS,Havstrand,2004_1441,1,1,TRUE,0,NA
2004,BlkvProj,TNNOV04.SPD,JXUS,Havstrand,2004_1442,1,1,TRUE,0,NA
2004,BlkvProj,TNNOV04.SPD,JXUS,Havstrand,2004_1443,1,1,TRUE,0,NA
2004,BlkvProj,TNNOV04.SPD,JXUS,Havstrand,2004_1444,1,1,TRUE,0,NA
2004,BlkvProj,TNNOV04.SPD,JXUS,Havstrand,2004_1445,1,1,TRUE,0,NA
2004,BlkvProj,TNNOV04.SPD,JXUS,Havstrand,2004_1446,1,1,TRUE,0,NA
2004,BlkvProj,TNNOV04.SPD,JXUS,Havstrand,2004_1447,1,1,TRUE,0,NA
2004,BlkvProj,TNNOV04.SPD,JXUS,Havstrand,2004_1448,1,1,TRUE,0,NA
2004,BlkvProj,TNNOV04.SPD,JXUS,Havstrand,2004_1449,1,1,TRUE,0,NA
2004,BlkvProj,TNNOV04.SPD,JXUS,Havstrand,2004_1450,1,1,TRUE,0,NA
2004,BlkvProj,TNNOV04.SPD,JXUS,Havstrand,2004_1451,1,1,TRUE,0,NA
2004,BlkvProj,TNNOV04.SPD,JXUS,Havstrand,2004_1452,1,1,TRUE,0,NA
2004,BlkvProj,TNNOV04.SPD,JXUS,Havstrand,2004_1453,1,1,TRUE,0,NA
2004,BlkvProj,TNNOV04.SPD,JXUS,Havstrand,2004_1454,1,1,TRUE,0,NA
2004,BlkvProj,TNNOV04.SPD,JXUS,Havstrand,2004_1455,1,1,TRUE,0,NA
2004,BlkvProj,TNNOV04.SPD,JXUS,Havstrand,2004_1456,1,1,TRUE,0,NA
2004,BlkvProj,TNNOV04.SPD,JXUS,Havstrand,2004_1457,1,1,TRUE,0,NA
2004,BlkvProj,TNNOV04.SPD,JXUS,Havstrand,2004_1458,1,1,TRUE,0,NA
2004,BlkvProj,TNNOV04.SPD,JXUS,Havstrand,2004_1459,1,1,TRUE,0,NA
2004,BlkvProj,TNNOV04.SPD,JXUS,Havstrand,2004_1460,1,1,TRUE,0,NA
2004,BlkvProj,TNNOV04.SPD,JXUS,Havstrand,2004_1461,1,1,TRUE,0,NA
2004,BlkvProj,TNNOV04.SPD,JXUS,Havstrand,2004_1462,1,1,TRUE,0,NA
2004,BlkvProj,TNNOV04.SPD,JXUS,Havstrand,2004_1463,1,1,TRUE,0,NA
2004,BlkvProj,TNNOV04.SPD,JXUS,Havstrand,2004_1464,1,1,TRUE,0,NA
2004,BlkvProj,TNNOV04.SPD,JXUS,Havstrand,2004_1465,1,1,TRUE,0,NA
2004,BlkvProj,TNNOV04.SPD,JXUS,Havstrand,2004_1466,1,1,TRUE,0,NA
2004,BlkvProj,TNNOV04.SPD,JXUS,Havstrand,2004_1467,1,1,TRUE,0,NA
2004,BlkvProj,TNNOV04.SPD,JXUS,Havstrand,2004_1468,1,1,TRUE,0,NA
2004,BlkvProj,TNNOV04.SPD,JXUS,Havstrand,2004_1469,1,1,TRUE,0,NA
2004,BlkvProj,TNNOV04.SPD,JXUS,Havstrand,2004_1470,1,1,TRUE,0,NA
2004,BlkvProj,TNNOV04.SPD,JXUS,Havstrand,2004_1471,1,1,TRUE,0,NA
2004,BlkvProj,TNNOV04.SPD,JXUS,Havstrand,2004_1472,1,1,TRUE,0,NA
2004,BlkvProj,TNNOV04.SPD,JXUS,Havstrand,2004_1473,1,1,TRUE,0,NA
2004,BlkvProj,TNNOV04.SPD,JXUS,Havstrand,2004_1474,1,1,TRUE,0,NA
2004,BlkvProj,TNNOV04.SPD,JXUS,Havstrand,2004_1475,1,1,TRUE,0,NA
2004,BlkvProj,TNNOV04.SPD,JXUS,Havstrand,2004_1476,1,1,TRUE,0,NA
2004,BlkvProj,TNNOV04.SPD,JXUS,Havstrand,2004_1477,1,1,TRUE,0,NA
2004,BlkvProj,TNNOV04.SPD,JXUS,Havstrand,2004_1478,1,1,TRUE,0,NA
2004,BlkvProj,TNNOV04.SPD,JXUS,Havstrand,2004_1479,1,1,TRUE,0,NA
2004,BlkvProj,TNNOV04.SPD,JXUS,Havstrand,2004_1480,1,1,TRUE,0,NA
2004,BlkvProj,TNNOV04.SPD,JXUS,Havstrand,2004_1481,1,1,TRUE,0,NA
2004,BlkvProj,TNNOV04.SPD,JXUS,Havstrand,2004_1482,1,1,TRUE,0,NA
2004,BlkvProj,TNNOV04.SPD,JXUS,Havstrand,2004_1483,1,1,TRUE,0,NA
2004,BlkvProj,TNNOV04.SPD,JXUS,Havstrand,2004_1484,1,1,TRUE,0,NA
2004,BlkvProj,TNNOV04.SPD,JXUS,Havstrand,2004_1485,1,1,TRUE,0,NA
2004,BlkvProj,TNNOV04.SPD,JXUS,Havstrand,2004_1486,1,1,TRUE,0,NA
2004,BlkvProj,TNNOV04.SPD,JXUS,Havstrand,2004_1487,1,1,TRUE,0,NA
2004,BlkvProj,TNNOV04.SPD,JXUS,Havstrand,2004_1488,1,1,TRUE,0,NA
2004,BlkvProj,TNNOV04.SPD,JXUS,Havstrand,2004_1489,1,1,TRUE,0,NA
2004,BlkvProj,TNNOV04.SPD,JXUS,Havstrand,2004_1490,1,1,TRUE,0,NA
2004,BlkvProj,TNNOV04.SPD,JXUS,Havstrand,2004_1491,1,1,TRUE,0,NA
2004,BlkvProj,TNNOV04.SPD,JXUS,Havstrand,2004_1492,1,1,TRUE,0,NA
2004,BlkvProj,TNNOV04.SPD,JXUS,Havstrand,2004_1493,1,1,TRUE,0,NA
2004,BlkvProj,TNNOV04.SPD,JXUS,Havstrand,2004_1494,1,1,TRUE,0,NA
2004,BlkvProj,TNNOV04.SPD,JXUS,Havstrand,2004_1495,1,1,TRUE,0,NA
2004,BlkvProj,TNNOV04.SPD,JXUS,Havstrand,2004_1496,1,1,TRUE,0,NA
2004,BlkvProj,TSAUG04.SPD,LAOW,Varegg,2004_1001,1,1,TRUE,0,NA
2004,BlkvProj,TSAUG04.SPD,LAOW,Varegg,2004_1002,1,1,TRUE,0,NA
2004,BlkvProj,TSAUG04.SPD,LAOW,Varegg,2004_1003,1,1,TRUE,0,NA
2004,BlkvProj,TSAUG04.SPD,LAOW,Varegg,2004_1004,1,1,TRUE,0,NA
2004,BlkvProj,TSAUG04.SPD,LAOW,Varegg,2004_1005,1,1,TRUE,0,NA
2004,BlkvProj,TSAUG04.SPD,LAOW,Varegg,2004_1006,1,1,TRUE,0,NA
2004,BlkvProj,TSAUG04.SPD,LAOW,Varegg,2004_1007,1,1,TRUE,0,NA
2004,BlkvProj,TSAUG04.SPD,LAOW,Varegg,2004_1008,1,1,TRUE,0,NA
2004,BlkvProj,TSAUG04.SPD,LAOW,Varegg,2004_1009,1,1,TRUE,0,NA
2004,BlkvProj,TSAUG04.SPD,LAOW,Varegg,2004_1010,1,1,TRUE,0,NA
2004,BlkvProj,TSAUG04.SPD,LAOW,Varegg,2004_1011,1,1,TRUE,0,NA
2004,BlkvProj,TSAUG04.SPD,LAOW,Varegg,2004_1284,1,1,TRUE,0,NA
2004,BlkvProj,TSAUG04.SPD,LAOW,Varegg,2004_1285,1,1,TRUE,0,NA
2004,BlkvProj,TSAUG04.SPD,LAOW,Varegg,2004_1286,1,1,TRUE,0,NA
2004,BlkvProj,TSAUG04.SPD,LAOW,Varegg,2004_1287,1,1,TRUE,0,NA
2004,BlkvProj,TSAUG04.SPD,LAOW,Varegg,2004_1288,1,1,TRUE,0,NA
2004,BlkvProj,TSAUG04.SPD,LAOW,Varegg,2004_1289,1,1,TRUE,0,NA
2004,BlkvProj,TSAUG04.SPD,LAOW,Varegg,2004_1290,1,1,TRUE,0,NA
2004,BlkvProj,TSAUG04.SPD,LAOW,Varegg,2004_1291,1,1,TRUE,0,NA
2004,BlkvProj,TSAUG04.SPD,LAOW,Varegg,2004_1292,1,1,TRUE,0,NA
2004,BlkvProj,TSAUG04.SPD,LAOW,Varegg,2004_1293,1,1,TRUE,0,NA
2004,BlkvProj,TSAUG04.SPD,LAOW,Varegg,2004_1294,1,1,TRUE,0,NA
2004,BlkvProj,TSAUG04.SPD,LAOW,Varegg,2004_1295,1,1,TRUE,0,NA
2004,BlkvProj,TSAUG04.SPD,LAOW,Varegg,2004_1296,1,1,TRUE,0,NA
2004,BlkvProj,TSAUG04.SPD,LAOW,Varegg,2004_1297,1,1,TRUE,0,NA
2004,BlkvProj,TSAUG04.SPD,LAOW,Varegg,2004_1298,1,1,TRUE,0,NA
2004,BlkvProj,TSAUG04.SPD,LAOW,Varegg,2004_1299,1,1,TRUE,0,NA
2004,BlkvProj,TSAUG04.SPD,LAOW,Varegg,2004_1300,1,1,TRUE,0,NA
2004,BlkvProj,TSAUG04.SPD,LAOW,Varegg,2004_1301,1,1,TRUE,0,NA
2004,BlkvProj,TSAUG04.SPD,LAOW,Varegg,2004_1302,1,1,TRUE,0,NA
2004,BlkvProj,TSAUG04.SPD,LAOW,Varegg,2004_1303,1,1,TRUE,0,NA
2004,BlkvProj,TSAUG04.SPD,LAOW,Varegg,2004_1304,1,1,TRUE,0,NA
2004,BlkvProj,TSAUG04.SPD,LAOW,Varegg,2004_1305,1,1,TRUE,0,NA
2004,BlkvProj,TSAUG04.SPD,LAOW,Varegg,2004_1306,1,1,TRUE,0,NA
2004,BlkvProj,TSAUG04.SPD,LAOW,Varegg,2004_1307,1,1,TRUE,0,NA
2004,BlkvProj,TSAUG04.SPD,LAOW,Varegg,2004_1308,1,1,TRUE,0,NA
2004,BlkvProj,TSAUG04.SPD,LAOW,Varegg,2004_1309,1,1,TRUE,0,NA
2004,BlkvProj,TSAUG04.SPD,LAOW,Varegg,2004_1310,1,1,TRUE,0,NA
2004,BlkvProj,TSAUG04.SPD,LAOW,Varegg,2004_1311,1,1,TRUE,0,NA
2004,BlkvProj,TSAUG04.SPD,LAOW,Varegg,2004_1312,1,1,TRUE,0,NA
2004,BlkvProj,TSAUG04.SPD,LAOW,Varegg,2004_1313,1,1,TRUE,0,NA
2004,BlkvProj,TSAUG04.SPD,LAOW,Varegg,2004_1314,1,1,TRUE,0,NA
2004,BlkvProj,TSAUG04.SPD,LAOW,Varegg,2004_1315,1,1,TRUE,0,NA
2004,BlkvProj,TSAUG04.SPD,LAOW,Varegg,2004_1316,1,1,TRUE,0,NA
2004,BlkvProj,TSAUG04.SPD,LAOW,Varegg,2004_1317,1,1,TRUE,0,NA
2004,BlkvProj,TSAUG04.SPD,LAOW,Varegg,2004_1318,1,1,TRUE,0,NA
2004,BlkvProj,TSAUG04.SPD,LAOW,Varegg,2004_1319,1,1,TRUE,0,NA
2004,BlkvProj,TSAUG04.SPD,LAOW,Varegg,2004_1320,1,1,TRUE,0,NA
2004,BlkvProj,TSAUG04.SPD,LAOW,Varegg,2004_1321,1,1,TRUE,0,NA
2004,BlkvProj,TSAUG04.SPD,LAOW,Varegg,2004_1322,1,1,TRUE,0,NA
2004,BlkvProj,TSAUG04.SPD,LAOW,Varegg,2004_1323,1,1,TRUE,0,NA
2004,BlkvProj,TSAUG04.SPD,LAOW,Varegg,2004_1324,1,1,TRUE,0,NA
2004,BlkvProj,TSAUG04.SPD,LAOW,Varegg,2004_1325,1,1,TRUE,0,NA
2004,BlkvProj,TSAUG04.SPD,LAOW,Varegg,2004_1326,1,1,TRUE,0,NA
2004,BlkvProj,TSAUG04.SPD,LAOW,Varegg,2004_1327,1,1,TRUE,0,NA
2004,BlkvProj,TSAUG04.SPD,LAOW,Varegg,2004_1328,1,1,TRUE,0,NA
2004,BlkvProj,TSAUG04.SPD,LAOW,Varegg,2004_1329,1,1,TRUE,0,NA
2004,BlkvProj,TSAUG04.SPD,LAOW,Varegg,2004_1330,1,1,TRUE,0,NA
2004,BlkvProj,TSAUG04.SPD,LAOW,Varegg,2004_1331,1,1,TRUE,0,NA
2004,BlkvProj,TSAUG04.SPD,LAOW,Varegg,2004_1332,1,1,TRUE,0,NA
2004,BlkvProj,TSAUG04.SPD,LAOW,Varegg,2004_1333,1,1,TRUE,0,NA
2004,BlkvProj,TSAUG04.SPD,LAOW,Varegg,2004_1334,1,1,TRUE,0,NA
2004,BlkvProj,TSAUG04.SPD,LAOW,Varegg,2004_1335,1,1,TRUE,0,NA
2004,BlkvProj,TSAUG04.SPD,LAOW,Varegg,2004_1336,1,1,TRUE,0,NA
2004,BlkvProj,TSAUG04.SPD,LAOW,Varegg,2004_1337,1,1,TRUE,0,NA
2004,BlkvProj,TSAUG04.SPD,LAOW,Varegg,2004_1338,1,1,TRUE,0,NA
2004,BlkvProj,TSAUG04.SPD,LAOW,Varegg,2004_1339,1,1,TRUE,0,NA
2004,BlkvProj,TSAUG04.SPD,LAOW,Varegg,2004_1340,1,1,TRUE,0,NA
2004,BlkvProj,TSAUG04.SPD,LAOW,Varegg,2004_1341,1,1,TRUE,0,NA
2004,BlkvProj,TSAUG04.SPD,LAOW,Varegg,2004_1342,1,1,TRUE,0,NA
2004,BlkvProj,TSAUG04.SPD,LAOW,Varegg,2004_1343,1,1,TRUE,0,NA
2004,BlkvProj,TSAUG04.SPD,LAOW,Varegg,2004_1344,1,1,TRUE,0,NA
2004,BlkvProj,TSAUG04.SPD,LAOW,Varegg,2004_1345,1,1,TRUE,0,NA
2004,BlkvProj,TSAUG04.SPD,LAOW,Varegg,2004_1346,1,1,TRUE,0,NA
2004,BlkvProj,TSAUG04.SPD,LAOW,Varegg,2004_1347,1,1,TRUE,0,NA
2004,BlkvProj,TSAUG04.SPD,LAOW,Varegg,2004_1348,1,1,TRUE,0,NA
2004,BlkvProj,TSAUG04.SPD,LAOW,Varegg,2004_1349,1,1,TRUE,0,NA
2004,BlkvProj,TSAUG04.SPD,LAOW,Varegg,2004_1350,1,1,TRUE,0,NA
2004,BlkvProj,TSAUG04.SPD,LAOW,Varegg,2004_1351,1,1,TRUE,0,NA
2004,BlkvProj,TSAUG04.SPD,LAOW,Varegg,2004_1352,1,1,TRUE,0,NA
2004,BlkvProj,TSAUG04.SPD,LAOW,Varegg,2004_1353,1,1,TRUE,0,NA
2004,BlkvProj,TSAUG04.SPD,LAOW,Varegg,2004_1354,1,1,TRUE,0,NA
2004,BlkvProj,TSAUG04.SPD,LAOW,Varegg,2004_1355,1,1,TRUE,0,NA
2004,BlkvProj,TSAUG04.SPD,LAOW,Varegg,2004_1356,1,1,TRUE,0,NA
2004,BlkvProj,TSAUG04.SPD,LAOW,Varegg,2004_1357,1,1,TRUE,0,NA
2004,BlkvProj,TSAUG04.SPD,LAOW,Varegg,2004_1358,1,1,TRUE,0,NA
2004,BlkvProj,TSAUG04.SPD,LAOW,Varegg,2004_1359,1,1,TRUE,0,NA
2004,BlkvProj,TSAUG04.SPD,LAOW,Varegg,2004_1360,1,1,TRUE,0,NA
2004,BlkvProj,TSAUG04.SPD,LAOW,Varegg,2004_1361,1,1,TRUE,0,NA
2004,BlkvProj,TSAUG04.SPD,LAOW,Varegg,2004_1362,1,1,TRUE,0,NA
2004,BlkvProj,TSAUG04.SPD,LAOW,Varegg,2004_1363,1,1,TRUE,0,NA
2004,BlkvProj,TSAUG04.SPD,LAOW,Varegg,2004_1364,1,1,TRUE,0,NA
2004,BlkvProj,TSAUG04.SPD,LAOW,Varegg,2004_1365,1,1,TRUE,0,NA
2004,BlkvProj,TSAUG04.SPD,LAOW,Varegg,2004_1366,1,1,TRUE,0,NA
2004,BlkvProj,TSAUG04.SPD,LAOW,Varegg,2004_1367,1,1,TRUE,0,NA
2004,BlkvProj,TSAUG04.SPD,LAOW,Varegg,2004_1368,1,1,TRUE,0,NA
2004,BlkvProj,TSAUG04.SPD,LAOW,Varegg,2004_1369,1,1,TRUE,0,NA
2004,BlkvProj,TSAUG04.SPD,LAOW,Varegg,2004_1370,1,1,TRUE,0,NA
2004,BlkvProj,TSAUG04.SPD,LAOW,Varegg,2004_1371,1,1,TRUE,0,NA
2004,BlkvProj,TSAUG04.SPD,LAOW,Varegg,2004_1372,1,1,TRUE,0,NA
2004,BlkvProj,TSAUG04.SPD,LAOW,Varegg,2004_1373,1,1,TRUE,0,NA
2004,BlkvProj,TSAUG04.SPD,LAOW,Varegg,2004_1374,1,1,TRUE,0,NA
2004,BlkvProj,TSAUG04.SPD,LAOW,Varegg,2004_1375,1,1,TRUE,0,NA
2004,BlkvProj,TSAUG04.SPD,LAOW,Varegg,2004_1376,1,1,TRUE,0,NA
2004,BlkvProj,TSAUG04.SPD,LAOW,Varegg,2004_1377,1,1,TRUE,0,NA
2004,BlkvProj,TSAUG04.SPD,LAOW,Varegg,2004_1378,1,1,TRUE,0,NA
2004,BlkvProj,TSAUG04.SPD,LAOW,Varegg,2004_1379,1,1,TRUE,0,NA
2004,BlkvProj,TSAUG04.SPD,LAOW,Varegg,2004_1380,1,1,TRUE,0,NA
2004,BlkvProj,TSAUG04.SPD,LAOW,Varegg,2004_1381,1,1,TRUE,0,NA
2004,BlkvProj,TSAUG04.SPD,LAOW,Varegg,2004_1382,1,1,TRUE,0,NA
2004,BlkvProj,TSAUG04.SPD,LAOW,Varegg,2004_1383,1,1,TRUE,0,NA
2004,BlkvProj,TSAUG04.SPD,LAOW,Varegg,2004_1384,1,1,TRUE,0,NA
2004,BlkvProj,TSAUG04.SPD,LAOW,Varegg,2004_1385,1,1,TRUE,0,NA
2004,BlkvProj,TSAUG04.SPD,LAOW,Varegg,2004_1386,1,1,TRUE,0,NA
2004,BlkvProj,TSAUG04.SPD,LAOW,Varegg,2004_1387,1,1,TRUE,0,NA
2004,BlkvProj,TSAUG04.SPD,LAOW,Varegg,2004_1388,1,1,TRUE,0,NA
2004,BlkvProj,TSAUG04.SPD,LAOW,Varegg,2004_1389,1,1,TRUE,0,NA
2004,BlkvProj,TSAUG04.SPD,LAOW,Varegg,2004_1390,1,1,TRUE,0,NA
2004,BlkvProj,TSAUG04.SPD,LAOW,Varegg,2004_1391,1,1,TRUE,0,NA
2004,BlkvProj,TSAUG04.SPD,LAOW,Varegg,2004_1392,1,1,TRUE,0,NA
2004,BlkvProj,TSAUG04.SPD,LAOW,Varegg,2004_1393,1,1,TRUE,0,NA
2004,BlkvProj,TSAUG04.SPD,LAOW,Varegg,2004_1394,1,1,TRUE,0,NA
2004,BlkvProj,TSAUG04.SPD,LAOW,Varegg,2004_1395,1,1,TRUE,0,NA
2004,BlkvProj,TSAUG04.SPD,LAOW,Varegg,2004_1396,1,1,TRUE,0,NA
2004,BlkvProj,TSAUG04.SPD,LAOW,Varegg,2004_1397,1,1,TRUE,0,NA
2004,BlkvProj,TSAUG04.SPD,LAOW,Varegg,2004_1398,1,1,TRUE,0,NA
2004,BlkvProj,TSAUG04.SPD,LAOW,Varegg,2004_1399,1,1,TRUE,0,NA
2004,BlkvProj,TSAUG04.SPD,LAOW,Varegg,2004_1400,1,1,TRUE,0,NA
2004,BlkvProj,TSAUG04.SPD,LAOW,Varegg,2004_1401,1,1,TRUE,0,NA
2004,BlkvProj,TSAUG04.SPD,LAOW,Varegg,2004_1402,1,1,TRUE,0,NA
2004,BlkvProj,TSAUG04.SPD,LAOW,Varegg,2004_1403,1,1,TRUE,0,NA
2004,BlkvProj,TSAUG04.SPD,LAOW,Varegg,2004_1404,1,1,TRUE,0,NA
2004,BlkvProj,TSAUG04.SPD,LAOW,Varegg,2004_1405,1,1,TRUE,0,NA
2004,BlkvProj,TSAUG04.SPD,LAOW,Varegg,2004_1406,1,1,TRUE,0,NA
2004,BlkvProj,TSAUG04.SPD,LAOW,Varegg,2004_1407,1,1,TRUE,0,NA
2004,BlkvProj,TSAUG04.SPD,LAOW,Varegg,2004_1408,1,1,TRUE,0,NA
2004,BlkvProj,TSAUG04.SPD,LAOW,Varegg,2004_1409,1,1,TRUE,0,NA
2004,BlkvProj,TSAUG04.SPD,LAOW,Varegg,2004_1410,1,1,TRUE,0,NA
2004,BlkvProj,TSAUG04.SPD,LAOW,Varegg,2004_1411,1,1,TRUE,0,NA
2004,BlkvProj,TSAUG04.SPD,LAOW,Varegg,2004_1412,1,1,TRUE,0,NA
2004,BlkvProj,TSAUG04.SPD,LAOW,Varegg,2004_1413,1,1,TRUE,0,NA
2004,BlkvProj,TSAUG04.SPD,LAOW,Varegg,2004_1414,1,1,TRUE,0,NA
2004,BlkvProj,TSAUG04.SPD,LAOW,Varegg,2004_1415,1,1,TRUE,0,NA
2004,BlkvProj,TSAUG04.SPD,LAOW,Varegg,2004_1416,1,1,TRUE,0,NA
2004,BlkvProj,TSAUG04.SPD,LAOW,Varegg,2004_1417,1,1,TRUE,0,NA
2004,BlkvProj,TSAUG04.SPD,LAOW,Varegg,2004_1418,1,1,TRUE,0,NA
2004,BlkvProj,TSAUG04.SPD,LAOW,Varegg,2004_1419,1,1,TRUE,0,NA
2004,BlkvProj,TSAUG04.SPD,LAOW,Varegg,2004_1420,1,1,TRUE,0,NA
2004,BlkvProj,TSAUG04.SPD,LAOW,Varegg,2004_1421,1,1,TRUE,0,NA
2004,BlkvProj,TSAUG04.SPD,LAOW,Varegg,2004_1422,1,1,TRUE,0,NA
2004,BlkvProj,TSAUG04.SPD,LAOW,Varegg,2004_1423,1,1,TRUE,0,NA
2004,BlkvProj,TSAUG04.SPD,LAOW,Varegg,2004_1424,1,1,TRUE,0,NA
2004,BlkvProj,TSAUG04.SPD,LAOW,Varegg,2004_1425,1,1,TRUE,0,NA
2004,BlkvProj,TSAUG04.SPD,LAOW,Varegg,2004_1426,1,1,TRUE,0,NA
2004,BlkvProj,TSAUG04.SPD,LAOW,Varegg,2004_1427,1,1,TRUE,0,NA
2004,BlkvProj,TSAUG04.SPD,LAOW,Varegg,2004_1428,1,1,TRUE,0,NA
2004,BlkvProj,TSAUG04.SPD,LAOW,Varegg,2004_1429,1,1,TRUE,0,NA
2004,BlkvProj,TSAUG04.SPD,LAOW,Varegg,2004_1430,1,1,TRUE,0,NA
2004,BlkvProj,TSAUG04.SPD,LAOW,Varegg,2004_1431,1,1,TRUE,0,NA
2004,BlkvProj,TSAUG04.SPD,LAOW,Varegg,2004_1432,1,1,TRUE,0,NA
2004,BlkvProj,TSAUG04.SPD,LAOW,Varegg,2004_1433,1,1,TRUE,0,NA
2004,BlkvProj,TSAUG04.SPD,LAOW,Varegg,2004_1434,1,1,TRUE,0,NA
2004,BlkvProj,TSAUG04.SPD,LAOW,Varegg,2004_1435,1,1,TRUE,0,NA
2004,BlkvProj,TSAUG04.SPD,LAOW,Varegg,2004_1436,1,1,TRUE,0,NA
2004,BlkvProj,TSAUG04.SPD,LAOW,Varegg,2004_1437,1,1,TRUE,0,NA
2004,BlkvProj,TSAUG04.SPD,LAOW,Varegg,2004_1438,2,2,TRUE,0,NA
2004,BlkvProj,TSAUG04.SPD,LAOW,Varegg,2004_1439,2,2,TRUE,0,NA
2004,BlkvProj,TSAUG04.SPD,LAOW,Varegg,2004_1440,1,1,TRUE,0,NA
2004,BlkvProj,TSAUG04.SPD,LAOW,Varegg,2004_1441,1,1,TRUE,0,NA
2004,BlkvProj,TSAUG04.SPD,LAOW,Varegg,2004_1442,1,1,TRUE,0,NA
2004,BlkvProj,TSAUG04.SPD,LAOW,Varegg,2004_1443,1,1,TRUE,0,NA
2004,BlkvProj,TSAUG04.SPD,LAOW,Varegg,2004_1444,1,1,TRUE,0,NA
2004,BlkvProj,TSAUG04.SPD,LAOW,Varegg,2004_1445,1,1,TRUE,0,NA
2004,BlkvProj,TSAUG04.SPD,LAOW,Varegg,2004_1446,1,1,TRUE,0,NA
2004,BlkvProj,TSAUG04.SPD,LAOW,Varegg,2004_1447,1,1,TRUE,0,NA
2004,BlkvProj,TSAUG04.SPD,LAOW,Varegg,2004_1448,1,1,TRUE,0,NA
2004,BlkvProj,TSAUG04.SPD,LAOW,Varegg,2004_1449,1,1,TRUE,0,NA
2004,BlkvProj,TSAUG04.SPD,LAOW,Varegg,2004_1450,1,1,TRUE,0,NA
2004,BlkvProj,TSAUG04.SPD,LAOW,Varegg,2004_1451,1,1,TRUE,0,NA
2004,BlkvProj,TSAUG04.SPD,LAOW,Varegg,2004_1452,1,1,TRUE,0,NA
2004,BlkvProj,TSAUG04.SPD,LAOW,Varegg,2004_1453,1,1,TRUE,0,NA
2004,BlkvProj,TSAUG04.SPD,LAOW,Varegg,2004_1454,1,1,TRUE,0,NA
2004,BlkvProj,TSAUG04.SPD,LAOW,Varegg,2004_1455,1,1,TRUE,0,NA
2004,BlkvProj,TSAUG04.SPD,LAOW,Varegg,2004_1456,1,1,TRUE,0,NA
2004,BlkvProj,TSAUG04.SPD,LAOW,Varegg,2004_1457,1,1,TRUE,0,NA
2004,BlkvProj,TSAUG04.SPD,LAOW,Varegg,2004_1458,1,1,TRUE,0,NA
2004,BlkvProj,TSAUG04.SPD,LAOW,Varegg,2004_1459,1,1,TRUE,0,NA
2004,BlkvProj,TSAUG04.SPD,LAOW,Varegg,2004_1460,1,1,TRUE,0,NA
2004,BlkvProj,TSAUG04.SPD,LAOW,Varegg,2004_1461,1,1,TRUE,0,NA
2004,BlkvProj,TSAUG04.SPD,LAOW,Varegg,2004_1462,1,1,TRUE,0,NA
2004,BlkvProj,TSAUG04.SPD,LAOW,Varegg,2004_1463,1,1,TRUE,0,NA
2004,BlkvProj,TSAUG04.SPD,LAOW,Varegg,2004_1464,1,1,TRUE,0,NA
2004,BlkvProj,TSAUG04.SPD,LAOW,Varegg,2004_1465,1,1,TRUE,0,NA
2004,BlkvProj,TSAUG04.SPD,LAOW,Varegg,2004_1466,1,1,TRUE,0,NA
2004,BlkvProj,TSAUG04.SPD,LAOW,Varegg,2004_1467,1,1,TRUE,0,NA
2004,BlkvProj,TSAUG04.SPD,LAOW,Varegg,2004_1468,1,1,TRUE,0,NA
2004,BlkvProj,TSAUG04.SPD,LAOW,Varegg,2004_1469,1,1,TRUE,0,NA
2004,BlkvProj,TSAUG04.SPD,LAOW,Varegg,2004_1470,1,1,TRUE,0,NA
2004,BlkvProj,TSAUG04.SPD,LAOW,Varegg,2004_1471,1,1,TRUE,0,NA
2004,BlkvProj,TSAUG04.SPD,LAOW,Varegg,2004_1472,1,1,TRUE,0,NA
2004,BlkvProj,TSAUG04.SPD,LAOW,Varegg,2004_1473,1,1,TRUE,0,NA
2004,BlkvProj,TSAUG04.SPD,LAOW,Varegg,2004_1474,1,1,TRUE,0,NA
2004,BlkvProj,TSAUG04.SPD,LAOW,Varegg,2004_1475,1,1,TRUE,0,NA
2004,BlkvProj,TSAUG04.SPD,LAOW,Varegg,2004_1476,1,1,TRUE,0,NA
2004,BlkvProj,TSAUG04.SPD,LAOW,Varegg,2004_1477,1,1,TRUE,0,NA
2004,BlkvProj,TSAUG04.SPD,LAOW,Varegg,2004_1478,1,1,TRUE,0,NA
2004,BlkvProj,TSAUG04.SPD,LAOW,Varegg,2004_1479,1,1,TRUE,0,NA
2004,BlkvProj,TSAUG04.SPD,LAOW,Varegg,2004_1480,1,1,TRUE,0,NA
2004,BlkvProj,TSAUG04.SPD,LAOW,Varegg,2004_1481,1,1,TRUE,0,NA
2004,BlkvProj,TSAUG04.SPD,LAOW,Varegg,2004_1482,1,1,TRUE,0,NA
2004,BlkvProj,TSAUG04.SPD,LAOW,Varegg,2004_1483,1,1,TRUE,0,NA
2004,BlkvProj,TSAUG04.SPD,LAOW,Varegg,2004_1484,1,1,TRUE,0,NA
2004,BlkvProj,TSAUG04.SPD,LAOW,Varegg,2004_1485,1,1,TRUE,0,NA
2004,BlkvProj,TSAUG04.SPD,LAOW,Varegg,2004_1486,1,1,TRUE,0,NA
2004,BlkvProj,TSAUG04.SPD,LAOW,Varegg,2004_1487,1,1,TRUE,0,NA
2004,BlkvProj,TSAUG04.SPD,LAOW,Varegg,2004_1488,1,1,TRUE,0,NA
2004,BlkvProj,TSAUG04.SPD,LAOW,Varegg,2004_1489,1,1,TRUE,0,NA
2004,BlkvProj,TSAUG04.SPD,LAOW,Varegg,2004_1490,1,1,TRUE,0,NA
2004,BlkvProj,TSAUG04.SPD,LAOW,Varegg,2004_1491,1,1,TRUE,0,NA
2004,BlkvProj,TSAUG04.SPD,LAOW,Varegg,2004_1492,1,1,TRUE,0,NA
2004,BlkvProj,TSAUG04.SPD,LAOW,Varegg,2004_1493,1,1,TRUE,0,NA
2004,BlkvProj,TSAUG04.SPD,LAOW,Varegg,2004_1494,1,1,TRUE,0,NA
2004,BlkvProj,TSAUG04.SPD,LAOW,Varegg,2004_1495,1,1,TRUE,0,NA
2004,BlkvProj,TSAUG04.SPD,LAOW,Varegg,2004_1496,1,1,TRUE,0,NA
2004,BlkvProj,TSMAR04.SPD,LAOW,Varegg,2004_1012,1,1,TRUE,0,NA
2004,BlkvProj,TSMAR04.SPD,LAOW,Varegg,2004_1013,1,1,TRUE,0,NA
2004,BlkvProj,TSMAR04.SPD,LAOW,Varegg,2004_1014,1,1,TRUE,0,NA
2004,BlkvProj,TSMAR04.SPD,LAOW,Varegg,2004_1015,1,1,TRUE,0,NA
2004,BlkvProj,TSMAR04.SPD,LAOW,Varegg,2004_1016,1,1,TRUE,0,NA
2004,BlkvProj,TSMAR04.SPD,LAOW,Varegg,2004_1017,1,1,TRUE,0,NA
2004,BlkvProj,TSMAR04.SPD,LAOW,Varegg,2004_1018,1,1,TRUE,0,NA
2004,BlkvProj,TSMAR04.SPD,LAOW,Varegg,2004_1019,1,1,TRUE,0,NA
2004,BlkvProj,TSMAR04.SPD,LAOW,Varegg,2004_1020,1,1,TRUE,0,NA
2004,BlkvProj,TSMAR04.SPD,LAOW,Varegg,2004_1021,1,1,TRUE,0,NA
2004,BlkvProj,TSMAR04.SPD,LAOW,Varegg,2004_1022,1,1,TRUE,0,NA
2004,BlkvProj,TSMAR04.SPD,LAOW,Varegg,2004_1023,1,1,TRUE,0,NA
2004,BlkvProj,TSMAR04.SPD,LAOW,Varegg,2004_1024,1,1,TRUE,0,NA
2004,BlkvProj,TSMAR04.SPD,LAOW,Varegg,2004_1025,1,1,TRUE,0,NA
2004,BlkvProj,TSMAR04.SPD,LAOW,Varegg,2004_1026,1,1,TRUE,0,NA
2004,BlkvProj,TSMAR04.SPD,LAOW,Varegg,2004_1027,1,1,TRUE,0,NA
2004,BlkvProj,TSMAR04.SPD,LAOW,Varegg,2004_1028,1,1,TRUE,0,NA
2004,BlkvProj,TSMAR04.SPD,LAOW,Varegg,2004_1029,1,1,TRUE,0,NA
2004,BlkvProj,TSMAR04.SPD,LAOW,Varegg,2004_1030,1,1,TRUE,0,NA
2004,BlkvProj,TSMAR04.SPD,LAOW,Varegg,2004_1031,1,1,TRUE,0,NA
2004,BlkvProj,TSMAR04.SPD,LAOW,Varegg,2004_1032,1,1,TRUE,0,NA
2004,BlkvProj,TSMAR04.SPD,LAOW,Varegg,2004_1033,1,1,TRUE,0,NA
2004,BlkvProj,TSMAR04.SPD,LAOW,Varegg,2004_1034,1,1,TRUE,0,NA
2004,BlkvProj,TSMAR04.SPD,LAOW,Varegg,2004_1035,1,1,TRUE,0,NA
2004,BlkvProj,TSMAR04.SPD,LAOW,Varegg,2004_1036,1,1,TRUE,0,NA
2004,BlkvProj,TSMAR04.SPD,LAOW,Varegg,2004_1037,1,1,TRUE,0,NA
2004,BlkvProj,TSMAR04.SPD,LAOW,Varegg,2004_1038,1,1,TRUE,0,NA
2004,BlkvProj,TSMAR04.SPD,LAOW,Varegg,2004_1039,1,1,TRUE,0,NA
2004,BlkvProj,TSMAR04.SPD,LAOW,Varegg,2004_1040,1,1,TRUE,0,NA
2004,BlkvProj,TSMAR04.SPD,LAOW,Varegg,2004_1041,1,1,TRUE,0,NA
2004,BlkvProj,TSMAR04.SPD,LAOW,Varegg,2004_1042,1,1,TRUE,0,NA
2004,BlkvProj,TSMAR04.SPD,LAOW,Varegg,2004_1043,1,1,TRUE,0,NA
2004,BlkvProj,TSMAR04.SPD,LAOW,Varegg,2004_1044,1,1,TRUE,0,NA
2004,BlkvProj,TSMAR04.SPD,LAOW,Varegg,2004_1045,1,1,TRUE,0,NA
2004,BlkvProj,TSMAR04.SPD,LAOW,Varegg,2004_1046,1,1,TRUE,0,NA
2004,BlkvProj,TSMAR04.SPD,LAOW,Varegg,2004_1047,1,1,TRUE,0,NA
2004,BlkvProj,TSMAR04.SPD,LAOW,Varegg,2004_1048,1,1,TRUE,0,NA
2004,BlkvProj,TSMAR04.SPD,LAOW,Varegg,2004_1049,1,1,TRUE,0,NA
2004,BlkvProj,TSMAR04.SPD,LAOW,Varegg,2004_1050,1,1,TRUE,0,NA
2004,BlkvProj,TSMAR04.SPD,LAOW,Varegg,2004_1051,1,1,TRUE,0,NA
2004,BlkvProj,TSMAR04.SPD,LAOW,Varegg,2004_1052,1,1,TRUE,0,NA
2004,BlkvProj,TSMAR04.SPD,LAOW,Varegg,2004_1053,1,1,TRUE,0,NA
2004,BlkvProj,TSMAR04.SPD,LAOW,Varegg,2004_1054,1,1,TRUE,0,NA
2004,BlkvProj,TSMAR04.SPD,LAOW,Varegg,2004_1055,1,1,TRUE,0,NA
2004,BlkvProj,TSMAR04.SPD,LAOW,Varegg,2004_1056,1,1,TRUE,0,NA
2004,BlkvProj,TSMAR04.SPD,LAOW,Varegg,2004_1057,1,1,TRUE,0,NA
2004,BlkvProj,TSMAR04.SPD,LAOW,Varegg,2004_1058,1,1,TRUE,0,NA
2004,BlkvProj,TSMAR04.SPD,LAOW,Varegg,2004_1059,1,1,TRUE,0,NA
2004,BlkvProj,TSMAR04.SPD,LAOW,Varegg,2004_1060,1,1,TRUE,0,NA
2004,BlkvProj,TSMAR04.SPD,LAOW,Varegg,2004_1061,1,1,TRUE,0,NA
2004,BlkvProj,TSMAR04.SPD,LAOW,Varegg,2004_1062,1,1,TRUE,0,NA
2004,BlkvProj,TSMAR04.SPD,LAOW,Varegg,2004_1063,1,1,TRUE,0,NA
2004,BlkvProj,TSMAR04.SPD,LAOW,Varegg,2004_1064,1,1,TRUE,0,NA
2004,BlkvProj,TSMAR04.SPD,LAOW,Varegg,2004_1065,1,1,TRUE,0,NA
2004,BlkvProj,TSMAR04.SPD,LAOW,Varegg,2004_1066,1,1,TRUE,0,NA
2004,BlkvProj,TSMAR04.SPD,LAOW,Varegg,2004_1067,1,1,TRUE,0,NA
2004,BlkvProj,TSMAR04.SPD,LAOW,Varegg,2004_1068,1,1,TRUE,0,NA
2004,BlkvProj,TSMAR04.SPD,LAOW,Varegg,2004_1069,1,1,TRUE,0,NA
2004,BlkvProj,TSMAR04.SPD,LAOW,Varegg,2004_1070,1,1,TRUE,0,NA
2004,BlkvProj,TSMAR04.SPD,LAOW,Varegg,2004_1071,1,1,TRUE,0,NA
2004,BlkvProj,TSMAR04.SPD,LAOW,Varegg,2004_1072,1,1,TRUE,0,NA
2004,BlkvProj,TSMAR04.SPD,LAOW,Varegg,2004_1073,1,1,TRUE,0,NA
2004,BlkvProj,TSMAR04.SPD,LAOW,Varegg,2004_1074,1,1,TRUE,0,NA
2004,BlkvProj,TSMAR04.SPD,LAOW,Varegg,2004_1075,1,1,TRUE,0,NA
2004,BlkvProj,TSMAR04.SPD,LAOW,Varegg,2004_1076,1,1,TRUE,0,NA
2004,BlkvProj,TSMAR04.SPD,LAOW,Varegg,2004_1077,1,1,TRUE,0,NA
2004,BlkvProj,TSMAR04.SPD,LAOW,Varegg,2004_1078,1,1,TRUE,0,NA
2004,BlkvProj,TSMAR04.SPD,LAOW,Varegg,2004_1079,1,1,TRUE,0,NA
2004,BlkvProj,TSMAR04.SPD,LAOW,Varegg,2004_1080,1,1,TRUE,0,NA
2004,BlkvProj,TSMAR04.SPD,LAOW,Varegg,2004_1081,1,1,TRUE,0,NA
2004,BlkvProj,TSMAR04.SPD,LAOW,Varegg,2004_1082,1,1,TRUE,0,NA
2004,BlkvProj,TSMAR04.SPD,LAOW,Varegg,2004_1083,1,1,TRUE,0,NA
2004,BlkvProj,TSMAR04.SPD,LAOW,Varegg,2004_1084,1,1,TRUE,0,NA
2004,BlkvProj,TSMAR04.SPD,LAOW,Varegg,2004_1085,1,1,TRUE,0,NA
2004,BlkvProj,TSMAR04.SPD,LAOW,Varegg,2004_1086,1,1,TRUE,0,NA
2004,BlkvProj,TSMAR04.SPD,LAOW,Varegg,2004_1087,1,1,TRUE,0,NA
2004,BlkvProj,TSMAR04.SPD,LAOW,Varegg,2004_1088,1,1,TRUE,0,NA
2004,BlkvProj,TSMAR04.SPD,LAOW,Varegg,2004_1089,1,1,TRUE,0,NA
2004,BlkvProj,TSMAR04.SPD,LAOW,Varegg,2004_1090,1,1,TRUE,0,NA
2004,BlkvProj,TSMAR04.SPD,LAOW,Varegg,2004_1091,1,1,TRUE,0,NA
2004,BlkvProj,TSMAR04.SPD,LAOW,Varegg,2004_1092,1,1,TRUE,0,NA
2004,BlkvProj,TSMAR04.SPD,LAOW,Varegg,2004_1093,1,1,TRUE,0,NA
2004,BlkvProj,TSMAR04.SPD,LAOW,Varegg,2004_1094,1,1,TRUE,0,NA
2004,BlkvProj,TSMAR04.SPD,LAOW,Varegg,2004_1095,1,1,TRUE,0,NA
2004,BlkvProj,TSMAR04.SPD,LAOW,Varegg,2004_1096,1,1,TRUE,0,NA
2004,BlkvProj,TSMAR04.SPD,LAOW,Varegg,2004_1097,1,1,TRUE,0,NA
2004,BlkvProj,TSMAR04.SPD,LAOW,Varegg,2004_1098,1,1,TRUE,0,NA
2004,BlkvProj,TSMAR04.SPD,LAOW,Varegg,2004_1099,1,1,TRUE,0,NA
2004,BlkvProj,TSMAR04.SPD,LAOW,Varegg,2004_1100,1,1,TRUE,0,NA
2004,BlkvProj,TSMAR04.SPD,LAOW,Varegg,2004_1101,1,1,TRUE,0,NA
2004,BlkvProj,TSMAR04.SPD,LAOW,Varegg,2004_1102,1,1,TRUE,0,NA
2004,BlkvProj,TSMAR04.SPD,LAOW,Varegg,2004_1103,1,1,TRUE,0,NA
2004,BlkvProj,TSMAR04.SPD,LAOW,Varegg,2004_1104,1,1,TRUE,0,NA
2004,BlkvProj,TSMAR04.SPD,LAOW,Varegg,2004_1105,1,1,TRUE,0,NA
2004,BlkvProj,TSMAR04.SPD,LAOW,Varegg,2004_1106,1,1,TRUE,0,NA
2004,BlkvProj,TSMAR04.SPD,LAOW,Varegg,2004_1107,1,1,TRUE,0,NA
2004,BlkvProj,TSMAR04.SPD,LAOW,Varegg,2004_1108,1,1,TRUE,0,NA
2004,BlkvProj,TSMAR04.SPD,LAOW,Varegg,2004_1109,1,1,TRUE,0,NA
2004,BlkvProj,TSMAR04.SPD,LAOW,Varegg,2004_1110,1,1,TRUE,0,NA
2004,BlkvProj,TSMAR04.SPD,LAOW,Varegg,2004_1111,1,1,TRUE,0,NA
2004,BlkvProj,TSMAR04.SPD,LAOW,Varegg,2004_1112,1,1,TRUE,0,NA
2004,BlkvProj,TSMAR04.SPD,LAOW,Varegg,2004_1113,1,1,TRUE,0,NA
2004,BlkvProj,TSMAR04.SPD,LAOW,Varegg,2004_1114,1,1,TRUE,0,NA
2004,BlkvProj,TSMAR04.SPD,LAOW,Varegg,2004_1115,1,1,TRUE,0,NA
2004,BlkvProj,TSMAR04.SPD,LAOW,Varegg,2004_1116,1,1,TRUE,0,NA
2004,BlkvProj,TSMAR04.SPD,LAOW,Varegg,2004_1117,1,1,TRUE,0,NA
2004,BlkvProj,TSMAR04.SPD,LAOW,Varegg,2004_1118,1,1,TRUE,0,NA
2004,BlkvProj,TSMAR04.SPD,LAOW,Varegg,2004_1119,1,1,TRUE,0,NA
2004,BlkvProj,TSMAR04.SPD,LAOW,Varegg,2004_1120,1,1,TRUE,0,NA
2004,BlkvProj,TSMAR04.SPD,LAOW,Varegg,2004_1121,1,1,TRUE,0,NA
2004,BlkvProj,TSMAR04.SPD,LAOW,Varegg,2004_1122,1,1,TRUE,0,NA
2004,BlkvProj,TSMAR04.SPD,LAOW,Varegg,2004_1123,1,1,TRUE,0,NA
2004,BlkvProj,TSMAR04.SPD,LAOW,Varegg,2004_1124,1,1,TRUE,0,NA
2004,BlkvProj,TSMAR04.SPD,LAOW,Varegg,2004_1125,1,1,TRUE,0,NA
2004,BlkvProj,TSMAR04.SPD,LAOW,Varegg,2004_1126,1,1,TRUE,0,NA
2004,BlkvProj,TSMAR04.SPD,LAOW,Varegg,2004_1127,1,1,TRUE,0,NA
2004,BlkvProj,TSMAR04.SPD,LAOW,Varegg,2004_1128,1,1,TRUE,0,NA
2004,BlkvProj,TSMAR04.SPD,LAOW,Varegg,2004_1129,1,1,TRUE,0,NA
2004,BlkvProj,TSMAR04.SPD,LAOW,Varegg,2004_1130,1,1,TRUE,0,NA
2004,BlkvProj,TSMAR04.SPD,LAOW,Varegg,2004_1131,1,1,TRUE,0,NA
2004,BlkvProj,TSMAR04.SPD,LAOW,Varegg,2004_1132,1,1,TRUE,0,NA
2004,BlkvProj,TSMAR04.SPD,LAOW,Varegg,2004_1133,1,1,TRUE,0,NA
2004,BlkvProj,TSMAR04.SPD,LAOW,Varegg,2004_1134,1,1,TRUE,0,NA
2004,BlkvProj,TSMAR04.SPD,LAOW,Varegg,2004_1135,1,1,TRUE,0,NA
2004,BlkvProj,TSMAR04.SPD,LAOW,Varegg,2004_1136,1,1,TRUE,0,NA
2004,BlkvProj,TSMAR04.SPD,LAOW,Varegg,2004_1137,1,1,TRUE,0,NA
2004,BlkvProj,TSMAR04.SPD,LAOW,Varegg,2004_1138,1,1,TRUE,0,NA
2004,BlkvProj,TSMAR04.SPD,LAOW,Varegg,2004_1139,1,1,TRUE,0,NA
2004,BlkvProj,TSMAR04.SPD,LAOW,Varegg,2004_1140,1,1,TRUE,0,NA
2004,BlkvProj,TSMAR04.SPD,LAOW,Varegg,2004_1141,1,1,TRUE,0,NA
2004,BlkvProj,TSMAR04.SPD,LAOW,Varegg,2004_1142,1,1,TRUE,0,NA
2004,BlkvProj,TSMAR04.SPD,LAOW,Varegg,2004_1143,1,1,TRUE,0,NA
2004,BlkvProj,TSMAR04.SPD,LAOW,Varegg,2004_1144,1,1,TRUE,0,NA
2004,BlkvProj,TSMAR04.SPD,LAOW,Varegg,2004_1145,1,1,TRUE,0,NA
2004,BlkvProj,TSMAR04.SPD,LAOW,Varegg,2004_1146,1,1,TRUE,0,NA
2004,BlkvProj,TSMAR04.SPD,LAOW,Varegg,2004_1147,1,1,TRUE,0,NA
2004,BlkvProj,TSMAR04.SPD,LAOW,Varegg,2004_1158,1,1,TRUE,0,NA
2004,BlkvProj,TSMAR04.SPD,LAOW,Varegg,2004_1159,1,1,TRUE,0,NA
2004,BlkvProj,TSMAR04.SPD,LAOW,Varegg,2004_1182,1,1,TRUE,0,NA
2004,BlkvProj,TSMAR04.SPD,LAOW,Varegg,2004_1183,1,1,TRUE,0,NA
2004,BlkvProj,TSMAR04.SPD,LAOW,Varegg,2004_1184,1,1,TRUE,0,NA
2004,BlkvProj,TSMAR04.SPD,LAOW,Varegg,2004_1185,1,1,TRUE,0,NA
2004,BlkvProj,TSMAR04.SPD,LAOW,Varegg,2004_1186,1,1,TRUE,0,NA
2004,BlkvProj,TSMAR04.SPD,LAOW,Varegg,2004_1187,1,1,TRUE,0,NA
2004,BlkvProj,TSMAR04.SPD,LAOW,Varegg,2004_1188,1,1,TRUE,0,NA
2004,BlkvProj,TSMAR04.SPD,LAOW,Varegg,2004_1189,1,1,TRUE,0,NA
2004,BlkvProj,TSMAR04.SPD,LAOW,Varegg,2004_1190,1,1,TRUE,0,NA
2004,BlkvProj,TSMAR04.SPD,LAOW,Varegg,2004_1191,1,1,TRUE,0,NA
2004,BlkvProj,TSMAR04.SPD,LAOW,Varegg,2004_1192,1,1,TRUE,0,NA
2004,BlkvProj,TSMAR04.SPD,LAOW,Varegg,2004_1193,1,1,TRUE,0,NA
2004,BlkvProj,TSMAR04.SPD,LAOW,Varegg,2004_1194,1,1,TRUE,0,NA
2004,BlkvProj,TSMAR04.SPD,LAOW,Varegg,2004_1195,1,1,TRUE,0,NA
2004,BlkvProj,TSMAR04.SPD,LAOW,Varegg,2004_1196,1,1,TRUE,0,NA
2004,BlkvProj,TSMAR04.SPD,LAOW,Varegg,2004_1197,1,1,TRUE,0,NA
2004,BlkvProj,TSMAR04.SPD,LAOW,Varegg,2004_1198,1,1,TRUE,0,NA
2004,BlkvProj,TSMAR04.SPD,LAOW,Varegg,2004_1199,1,1,TRUE,0,NA
2004,BlkvProj,TSMAR04.SPD,LAOW,Varegg,2004_1200,1,1,TRUE,0,NA
2004,BlkvProj,TSMAR04.SPD,LAOW,Varegg,2004_1201,1,1,TRUE,0,NA
2004,BlkvProj,TSMAR04.SPD,LAOW,Varegg,2004_1202,1,1,TRUE,0,NA
2004,BlkvProj,TSMAR04.SPD,LAOW,Varegg,2004_1203,1,1,TRUE,0,NA
2004,BlkvProj,TSMAR04.SPD,LAOW,Varegg,2004_1204,1,1,TRUE,0,NA
2004,BlkvProj,TSMAR04.SPD,LAOW,Varegg,2004_1205,1,1,TRUE,0,NA
2004,BlkvProj,TSMAR04.SPD,LAOW,Varegg,2004_1206,1,1,TRUE,0,NA
2004,BlkvProj,TSMAR04.SPD,LAOW,Varegg,2004_1207,1,1,TRUE,0,NA
2004,BlkvProj,TSMAR04.SPD,LAOW,Varegg,2004_1208,1,1,TRUE,0,NA
2004,BlkvProj,TSMAR04.SPD,LAOW,Varegg,2004_1209,1,1,TRUE,0,NA
2004,BlkvProj,TSMAR04.SPD,LAOW,Varegg,2004_1210,1,1,TRUE,0,NA
2004,BlkvProj,TSMAR04.SPD,LAOW,Varegg,2004_1211,1,1,TRUE,0,NA
2004,BlkvProj,TSMAR04.SPD,LAOW,Varegg,2004_1212,1,1,TRUE,0,NA
2004,BlkvProj,TSMAR04.SPD,LAOW,Varegg,2004_1213,1,1,TRUE,0,NA
2004,BlkvProj,TSMAR04.SPD,LAOW,Varegg,2004_1214,1,1,TRUE,0,NA
2004,BlkvProj,TSMAR04.SPD,LAOW,Varegg,2004_1215,1,1,TRUE,0,NA
2004,BlkvProj,TSMAR04.SPD,LAOW,Varegg,2004_1216,1,1,TRUE,0,NA
2004,BlkvProj,TSMAR04.SPD,LAOW,Varegg,2004_1217,1,1,TRUE,0,NA
2004,BlkvProj,TSMAR04.SPD,LAOW,Varegg,2004_1218,1,1,TRUE,0,NA
2004,BlkvProj,TSMAR04.SPD,LAOW,Varegg,2004_1219,1,1,TRUE,0,NA
2004,BlkvProj,TSMAR04.SPD,LAOW,Varegg,2004_1220,1,1,TRUE,0,NA
2004,BlkvProj,TSMAR04.SPD,LAOW,Varegg,2004_1221,1,1,TRUE,0,NA
2004,BlkvProj,TSMAR04.SPD,LAOW,Varegg,2004_1222,1,1,TRUE,0,NA
2004,BlkvProj,TSMAR04.SPD,LAOW,Varegg,2004_1223,1,1,TRUE,0,NA
2004,BlkvProj,TSMAR04.SPD,LAOW,Varegg,2004_1224,1,1,TRUE,0,NA
2004,BlkvProj,TSMAR04.SPD,LAOW,Varegg,2004_1225,1,1,TRUE,0,NA
2004,BlkvProj,TSMAR04.SPD,LAOW,Varegg,2004_1226,1,1,TRUE,0,NA
2004,BlkvProj,TSMAR04.SPD,LAOW,Varegg,2004_1227,1,1,TRUE,0,NA
2004,BlkvProj,TSMAR04.SPD,LAOW,Varegg,2004_1228,1,1,TRUE,0,NA
2004,BlkvProj,TSMAR04.SPD,LAOW,Varegg,2004_1229,1,1,TRUE,0,NA
2004,BlkvProj,TSMAR04.SPD,LAOW,Varegg,2004_1230,1,1,TRUE,0,NA
2004,BlkvProj,TSMAR04.SPD,LAOW,Varegg,2004_1231,1,1,TRUE,0,NA
2004,BlkvProj,TSMAR04.SPD,LAOW,Varegg,2004_1232,1,1,TRUE,0,NA
2004,BlkvProj,TSMAR04.SPD,LAOW,Varegg,2004_1233,1,1,TRUE,0,NA
2004,BlkvProj,TSMAR04.SPD,LAOW,Varegg,2004_1234,1,1,TRUE,0,NA
2004,BlkvProj,TSMAR04.SPD,LAOW,Varegg,2004_1235,1,1,TRUE,0,NA
2004,BlkvProj,TSMAR04.SPD,LAOW,Varegg,2004_1236,1,1,TRUE,0,NA
2004,BlkvProj,TSMAR04.SPD,LAOW,Varegg,2004_1237,1,1,TRUE,0,NA
2004,BlkvProj,TSMAR04.SPD,LAOW,Varegg,2004_1238,1,1,TRUE,0,NA
2004,BlkvProj,TSMAR04.SPD,LAOW,Varegg,2004_1239,1,1,TRUE,0,NA
2004,BlkvProj,TSMAR04.SPD,LAOW,Varegg,2004_1240,1,1,TRUE,0,NA
2004,BlkvProj,TSMAR04.SPD,LAOW,Varegg,2004_1241,1,1,TRUE,0,NA
2004,BlkvProj,TSMAR04.SPD,LAOW,Varegg,2004_1246,1,1,TRUE,0,NA
2004,BlkvProj,TSMAR04.SPD,LAOW,Varegg,2004_1247,1,1,TRUE,0,NA
2004,BlkvProj,TSMAR04.SPD,LAOW,Varegg,2004_1260,1,1,TRUE,0,NA
2004,BlkvProj,TSMAR04.SPD,LAOW,Varegg,2004_1261,1,1,TRUE,0,NA
2004,BlkvProj,TSNOV04.SPD,LAOW,Varegg,2004_1262,1,1,TRUE,0,NA
2004,BlkvProj,TSNOV04.SPD,LAOW,Varegg,2004_1263,1,1,TRUE,0,NA
2004,BlkvProj,TSNOV04.SPD,LAOW,Varegg,2004_1264,1,1,TRUE,0,NA
2004,BlkvProj,TSNOV04.SPD,LAOW,Varegg,2004_1265,1,1,TRUE,0,NA
2004,BlkvProj,TSNOV04.SPD,LAOW,Varegg,2004_1266,1,1,TRUE,0,NA
2004,BlkvProj,TSNOV04.SPD,LAOW,Varegg,2004_1267,1,1,TRUE,0,NA
2004,BlkvProj,TSNOV04.SPD,LAOW,Varegg,2004_1268,1,1,TRUE,0,NA
2004,BlkvProj,TSNOV04.SPD,LAOW,Varegg,2004_1269,1,1,TRUE,0,NA
2004,BlkvProj,TSNOV04.SPD,LAOW,Varegg,2004_1270,1,1,TRUE,0,NA
2004,BlkvProj,TSNOV04.SPD,LAOW,Varegg,2004_1271,1,1,TRUE,0,NA
2004,BlkvProj,TSNOV04.SPD,LAOW,Varegg,2004_1272,1,1,TRUE,0,NA
2004,BlkvProj,TSNOV04.SPD,LAOW,Varegg,2004_1273,1,1,TRUE,0,NA
2004,BlkvProj,TSNOV04.SPD,LAOW,Varegg,2004_1274,1,1,TRUE,0,NA
2004,BlkvProj,TSNOV04.SPD,LAOW,Varegg,2004_1275,1,1,TRUE,0,NA
2004,BlkvProj,TSNOV04.SPD,LAOW,Varegg,2004_1276,1,1,TRUE,0,NA
2004,BlkvProj,TSNOV04.SPD,LAOW,Varegg,2004_1277,1,1,TRUE,0,NA
2004,BlkvProj,TSNOV04.SPD,LAOW,Varegg,2004_1278,1,1,TRUE,0,NA
2004,BlkvProj,TSNOV04.SPD,LAOW,Varegg,2004_1279,1,1,TRUE,0,NA
2004,BlkvProj,TSNOV04.SPD,LAOW,Varegg,2004_1280,1,1,TRUE,0,NA
2004,BlkvProj,TSNOV04.SPD,LAOW,Varegg,2004_1281,1,1,TRUE,0,NA
2004,BlkvProj,TSNOV04.SPD,LAOW,Varegg,2004_1282,1,1,TRUE,0,NA
2004,BlkvProj,TSNOV04.SPD,LAOW,Varegg,2004_1283,1,1,TRUE,0,NA
2004,BlkvProj,TSNOV04.SPD,LAOW,Varegg,2004_1284,1,1,TRUE,0,NA
2004,BlkvProj,TSNOV04.SPD,LAOW,Varegg,2004_1285,1,1,TRUE,0,NA
2004,BlkvProj,TSNOV04.SPD,LAOW,Varegg,2004_1286,1,1,TRUE,0,NA
2004,BlkvProj,TSNOV04.SPD,LAOW,Varegg,2004_1287,1,1,TRUE,0,NA
2004,BlkvProj,TSNOV04.SPD,LAOW,Varegg,2004_1288,1,1,TRUE,0,NA
2004,BlkvProj,TSNOV04.SPD,LAOW,Varegg,2004_1289,1,1,TRUE,0,NA
2004,BlkvProj,TSNOV04.SPD,LAOW,Varegg,2004_1290,1,1,TRUE,0,NA
2004,BlkvProj,TSNOV04.SPD,LAOW,Varegg,2004_1291,1,1,TRUE,0,NA
2004,BlkvProj,TSNOV04.SPD,LAOW,Varegg,2004_1292,1,1,TRUE,0,NA
2004,BlkvProj,TSNOV04.SPD,LAOW,Varegg,2004_1293,1,1,TRUE,0,NA
2004,BlkvProj,TSNOV04.SPD,LAOW,Varegg,2004_1294,1,1,TRUE,0,NA
2004,BlkvProj,TSNOV04.SPD,LAOW,Varegg,2004_1295,1,1,TRUE,0,NA
2004,BlkvProj,TSNOV04.SPD,LAOW,Varegg,2004_1296,1,1,TRUE,0,NA
2004,BlkvProj,TSNOV04.SPD,LAOW,Varegg,2004_1297,1,1,TRUE,0,NA
2004,BlkvProj,TSNOV04.SPD,LAOW,Varegg,2004_1298,1,1,TRUE,0,NA
2004,BlkvProj,TSNOV04.SPD,LAOW,Varegg,2004_1299,1,1,TRUE,0,NA
2004,BlkvProj,TSNOV04.SPD,LAOW,Varegg,2004_1300,1,1,TRUE,0,NA
2004,BlkvProj,TSNOV04.SPD,LAOW,Varegg,2004_1301,1,1,TRUE,0,NA
2004,BlkvProj,TSNOV04.SPD,LAOW,Varegg,2004_1302,1,1,TRUE,0,NA
2004,BlkvProj,TSNOV04.SPD,LAOW,Varegg,2004_1303,1,1,TRUE,0,NA
2004,BlkvProj,TSNOV04.SPD,LAOW,Varegg,2004_1304,1,1,TRUE,0,NA
2004,BlkvProj,TSNOV04.SPD,LAOW,Varegg,2004_1305,1,1,TRUE,0,NA
2004,BlkvProj,TSNOV04.SPD,LAOW,Varegg,2004_1306,1,1,TRUE,0,NA
2004,BlkvProj,TSNOV04.SPD,LAOW,Varegg,2004_1307,1,1,TRUE,0,NA
2004,BlkvProj,TSNOV04.SPD,LAOW,Varegg,2004_1308,1,1,TRUE,0,NA
2004,BlkvProj,TSNOV04.SPD,LAOW,Varegg,2004_1309,1,1,TRUE,0,NA
2004,BlkvProj,TSNOV04.SPD,LAOW,Varegg,2004_1310,1,1,TRUE,0,NA
2004,BlkvProj,TSNOV04.SPD,LAOW,Varegg,2004_1311,1,1,TRUE,0,NA
2004,BlkvProj,TSNOV04.SPD,LAOW,Varegg,2004_1312,1,1,TRUE,0,NA
2004,BlkvProj,TSNOV04.SPD,LAOW,Varegg,2004_1313,1,1,TRUE,0,NA
2004,BlkvProj,TSNOV04.SPD,LAOW,Varegg,2004_1314,1,1,TRUE,0,NA
2004,BlkvProj,TSNOV04.SPD,LAOW,Varegg,2004_1315,1,1,TRUE,0,NA
2004,BlkvProj,TSNOV04.SPD,LAOW,Varegg,2004_1316,1,1,TRUE,0,NA
2004,BlkvProj,TSNOV04.SPD,LAOW,Varegg,2004_1317,1,1,TRUE,0,NA
2004,BlkvProj,TSNOV04.SPD,LAOW,Varegg,2004_1318,1,1,TRUE,0,NA
2004,BlkvProj,TSNOV04.SPD,LAOW,Varegg,2004_1319,1,1,TRUE,0,NA
2004,BlkvProj,TSNOV04.SPD,LAOW,Varegg,2004_1320,1,1,TRUE,0,NA
2004,BlkvProj,TSNOV04.SPD,LAOW,Varegg,2004_1321,1,1,TRUE,0,NA
2004,BlkvProj,TSNOV04.SPD,LAOW,Varegg,2004_1322,1,1,TRUE,0,NA
2004,BlkvProj,TSNOV04.SPD,LAOW,Varegg,2004_1323,1,1,TRUE,0,NA
2004,BlkvProj,TSNOV04.SPD,LAOW,Varegg,2004_1324,1,1,TRUE,0,NA
2004,BlkvProj,TSNOV04.SPD,LAOW,Varegg,2004_1325,1,1,TRUE,0,NA
2004,BlkvProj,TSNOV04.SPD,LAOW,Varegg,2004_1326,1,1,TRUE,0,NA
2004,BlkvProj,TSNOV04.SPD,LAOW,Varegg,2004_1327,1,1,TRUE,0,NA
2004,BlkvProj,TSNOV04.SPD,LAOW,Varegg,2004_1328,1,1,TRUE,0,NA
2004,BlkvProj,TSNOV04.SPD,LAOW,Varegg,2004_1329,1,1,TRUE,0,NA
2004,BlkvProj,TSNOV04.SPD,LAOW,Varegg,2004_1330,1,1,TRUE,0,NA
2004,BlkvProj,TSNOV04.SPD,LAOW,Varegg,2004_1331,1,1,TRUE,0,NA
2004,BlkvProj,TSNOV04.SPD,LAOW,Varegg,2004_1332,1,1,TRUE,0,NA
2004,BlkvProj,TSNOV04.SPD,LAOW,Varegg,2004_1333,1,1,TRUE,0,NA
2004,BlkvProj,TSNOV04.SPD,LAOW,Varegg,2004_1334,1,1,TRUE,0,NA
2004,BlkvProj,TSNOV04.SPD,LAOW,Varegg,2004_1335,1,1,TRUE,0,NA
2004,BlkvProj,TSNOV04.SPD,LAOW,Varegg,2004_1336,1,1,TRUE,0,NA
2004,BlkvProj,TSNOV04.SPD,LAOW,Varegg,2004_1337,1,1,TRUE,0,NA
2004,BlkvProj,TSNOV04.SPD,LAOW,Varegg,2004_1338,1,1,TRUE,0,NA
2004,BlkvProj,TSNOV04.SPD,LAOW,Varegg,2004_1339,1,1,TRUE,0,NA
2004,BlkvProj,TSNOV04.SPD,LAOW,Varegg,2004_1340,1,1,TRUE,0,NA
2004,BlkvProj,TSNOV04.SPD,LAOW,Varegg,2004_1341,1,1,TRUE,0,NA
2004,BlkvProj,TSNOV04.SPD,LAOW,Varegg,2004_1342,1,1,TRUE,0,NA
2004,BlkvProj,TSNOV04.SPD,LAOW,Varegg,2004_1343,1,1,TRUE,0,NA
2004,BlkvProj,TSNOV04.SPD,LAOW,Varegg,2004_1344,1,1,TRUE,0,NA
2004,BlkvProj,TSNOV04.SPD,LAOW,Varegg,2004_1345,1,1,TRUE,0,NA
2004,BlkvProj,TSNOV04.SPD,LAOW,Varegg,2004_1346,1,1,TRUE,0,NA
2004,BlkvProj,TSNOV04.SPD,LAOW,Varegg,2004_1347,1,1,TRUE,0,NA
2004,BlkvProj,TSNOV04.SPD,LAOW,Varegg,2004_1348,1,1,TRUE,0,NA
2004,BlkvProj,TSNOV04.SPD,LAOW,Varegg,2004_1349,1,1,TRUE,0,NA
2004,BlkvProj,TSNOV04.SPD,LAOW,Varegg,2004_1350,1,1,TRUE,0,NA
2004,BlkvProj,TSNOV04.SPD,LAOW,Varegg,2004_1351,1,1,TRUE,0,NA
2004,BlkvProj,TSNOV04.SPD,LAOW,Varegg,2004_1352,1,1,TRUE,0,NA
2004,BlkvProj,TSNOV04.SPD,LAOW,Varegg,2004_1353,1,1,TRUE,0,NA
2004,BlkvProj,TSNOV04.SPD,LAOW,Varegg,2004_1354,1,1,TRUE,0,NA
2004,BlkvProj,TSNOV04.SPD,LAOW,Varegg,2004_1355,1,1,TRUE,0,NA
2004,BlkvProj,TSNOV04.SPD,LAOW,Varegg,2004_1356,1,1,TRUE,0,NA
2004,BlkvProj,TSNOV04.SPD,LAOW,Varegg,2004_1357,1,1,TRUE,0,NA
2004,BlkvProj,TSNOV04.SPD,LAOW,Varegg,2004_1358,1,1,TRUE,0,NA
2004,BlkvProj,TSNOV04.SPD,LAOW,Varegg,2004_1359,1,1,TRUE,0,NA
2004,BlkvProj,TSNOV04.SPD,LAOW,Varegg,2004_1360,1,1,TRUE,0,NA
2004,BlkvProj,TSNOV04.SPD,LAOW,Varegg,2004_1361,1,1,TRUE,0,NA
2004,BlkvProj,TSNOV04.SPD,LAOW,Varegg,2004_1362,1,1,TRUE,0,NA
2004,BlkvProj,TSNOV04.SPD,LAOW,Varegg,2004_1363,1,1,TRUE,0,NA
2004,BlkvProj,TSNOV04.SPD,LAOW,Varegg,2004_1364,1,1,TRUE,0,NA
2004,BlkvProj,TSNOV04.SPD,LAOW,Varegg,2004_1365,1,1,TRUE,0,NA
2004,BlkvProj,TSNOV04.SPD,LAOW,Varegg,2004_1366,1,1,TRUE,0,NA
2004,BlkvProj,TSNOV04.SPD,LAOW,Varegg,2004_1367,1,1,TRUE,0,NA
2004,BlkvProj,TSNOV04.SPD,LAOW,Varegg,2004_1368,1,1,TRUE,0,NA
2004,BlkvProj,TSNOV04.SPD,LAOW,Varegg,2004_1369,1,1,TRUE,0,NA
2004,BlkvProj,TSNOV04.SPD,LAOW,Varegg,2004_1370,1,1,TRUE,0,NA
2004,BlkvProj,TSNOV04.SPD,LAOW,Varegg,2004_1371,1,1,TRUE,0,NA
2004,BlkvProj,TSNOV04.SPD,LAOW,Varegg,2004_1372,1,1,TRUE,0,NA
2004,BlkvProj,TSNOV04.SPD,LAOW,Varegg,2004_1373,1,1,TRUE,0,NA
2004,BlkvProj,TSNOV04.SPD,LAOW,Varegg,2004_1374,1,1,TRUE,0,NA
2004,BlkvProj,TSNOV04.SPD,LAOW,Varegg,2004_1375,1,1,TRUE,0,NA
2004,BlkvProj,TSNOV04.SPD,LAOW,Varegg,2004_1376,1,1,TRUE,0,NA
2004,BlkvProj,TSNOV04.SPD,LAOW,Varegg,2004_1377,1,1,TRUE,0,NA
2004,BlkvProj,TSNOV04.SPD,LAOW,Varegg,2004_1378,1,1,TRUE,0,NA
2004,BlkvProj,TSNOV04.SPD,LAOW,Varegg,2004_1379,1,1,TRUE,0,NA
2004,BlkvProj,TSNOV04.SPD,LAOW,Varegg,2004_1380,1,1,TRUE,0,NA
2004,BlkvProj,TSNOV04.SPD,LAOW,Varegg,2004_1381,1,1,TRUE,0,NA
2004,BlkvProj,TSNOV04.SPD,LAOW,Varegg,2004_1382,1,1,TRUE,0,NA
2004,BlkvProj,TSNOV04.SPD,LAOW,Varegg,2004_1383,1,1,TRUE,0,NA
2004,BlkvProj,TSNOV04.SPD,LAOW,Varegg,2004_1384,1,1,TRUE,0,NA
2004,BlkvProj,TSNOV04.SPD,LAOW,Varegg,2004_1385,1,1,TRUE,0,NA
2004,BlkvProj,TSNOV04.SPD,LAOW,Varegg,2004_1386,1,1,TRUE,0,NA
2004,BlkvProj,TSNOV04.SPD,LAOW,Varegg,2004_1387,1,1,TRUE,0,NA
2004,BlkvProj,TSNOV04.SPD,LAOW,Varegg,2004_1388,1,1,TRUE,0,NA
2004,BlkvProj,TSNOV04.SPD,LAOW,Varegg,2004_1389,1,1,TRUE,0,NA
2004,BlkvProj,TSNOV04.SPD,LAOW,Varegg,2004_1390,1,1,TRUE,0,NA
2004,BlkvProj,TSNOV04.SPD,LAOW,Varegg,2004_1391,1,1,TRUE,0,NA
2004,BlkvProj,TSNOV04.SPD,LAOW,Varegg,2004_1392,1,1,TRUE,0,NA
2004,BlkvProj,TSNOV04.SPD,LAOW,Varegg,2004_1393,1,1,TRUE,0,NA
2004,BlkvProj,TSNOV04.SPD,LAOW,Varegg,2004_1394,1,1,TRUE,0,NA
2004,BlkvProj,TSNOV04.SPD,LAOW,Varegg,2004_1395,1,1,TRUE,0,NA
2004,BlkvProj,TSNOV04.SPD,LAOW,Varegg,2004_1396,1,1,TRUE,0,NA
2004,BlkvProj,TSNOV04.SPD,LAOW,Varegg,2004_1397,1,1,TRUE,0,NA
2004,BlkvProj,TSNOV04.SPD,LAOW,Varegg,2004_1398,1,1,TRUE,0,NA
2004,BlkvProj,TSNOV04.SPD,LAOW,Varegg,2004_1399,1,1,TRUE,0,NA
2004,BlkvProj,TSNOV04.SPD,LAOW,Varegg,2004_1400,1,1,TRUE,0,NA
2004,BlkvProj,TSNOV04.SPD,LAOW,Varegg,2004_1401,1,1,TRUE,0,NA
2004,BlkvProj,TSNOV04.SPD,LAOW,Varegg,2004_1402,1,1,TRUE,0,NA
2004,BlkvProj,TSNOV04.SPD,LAOW,Varegg,2004_1403,1,1,TRUE,0,NA
2004,BlkvProj,TSNOV04.SPD,LAOW,Varegg,2004_1404,1,1,TRUE,0,NA
2004,BlkvProj,TSNOV04.SPD,LAOW,Varegg,2004_1405,1,1,TRUE,0,NA
2004,BlkvProj,TSNOV04.SPD,LAOW,Varegg,2004_1406,1,1,TRUE,0,NA
2004,BlkvProj,TSNOV04.SPD,LAOW,Varegg,2004_1407,1,1,TRUE,0,NA
2004,BlkvProj,TSNOV04.SPD,LAOW,Varegg,2004_1408,1,1,TRUE,0,NA
2004,BlkvProj,TSNOV04.SPD,LAOW,Varegg,2004_1409,1,1,TRUE,0,NA
2004,BlkvProj,TSNOV04.SPD,LAOW,Varegg,2004_1410,1,1,TRUE,0,NA
2004,BlkvProj,TSNOV04.SPD,LAOW,Varegg,2004_1411,1,1,TRUE,0,NA
2004,BlkvProj,TSNOV04.SPD,LAOW,Varegg,2004_1412,1,1,TRUE,0,NA
2004,BlkvProj,TSNOV04.SPD,LAOW,Varegg,2004_1413,1,1,TRUE,0,NA
2004,BlkvProj,TSNOV04.SPD,LAOW,Varegg,2004_1414,1,1,TRUE,0,NA
2004,BlkvProj,TSNOV04.SPD,LAOW,Varegg,2004_1415,1,1,TRUE,0,NA
2004,BlkvProj,TSNOV04.SPD,LAOW,Varegg,2004_1416,1,1,TRUE,0,NA
2004,BlkvProj,TSNOV04.SPD,LAOW,Varegg,2004_1417,1,1,TRUE,0,NA
2004,BlkvProj,TSNOV04.SPD,LAOW,Varegg,2004_1418,1,1,TRUE,0,NA
2004,BlkvProj,TSNOV04.SPD,LAOW,Varegg,2004_1419,1,1,TRUE,0,NA
2004,BlkvProj,TSNOV04.SPD,LAOW,Varegg,2004_1420,1,1,TRUE,0,NA
2004,BlkvProj,TSNOV04.SPD,LAOW,Varegg,2004_1421,1,1,TRUE,0,NA
2004,BlkvProj,TSNOV04.SPD,LAOW,Varegg,2004_1422,1,1,TRUE,0,NA
2004,BlkvProj,TSNOV04.SPD,LAOW,Varegg,2004_1423,1,1,TRUE,0,NA
2004,BlkvProj,TSNOV04.SPD,LAOW,Varegg,2004_1424,1,1,TRUE,0,NA
2004,BlkvProj,TSNOV04.SPD,LAOW,Varegg,2004_1425,1,1,TRUE,0,NA
2004,BlkvProj,TSNOV04.SPD,LAOW,Varegg,2004_1426,1,1,TRUE,0,NA
2004,BlkvProj,TSNOV04.SPD,LAOW,Varegg,2004_1427,1,1,TRUE,0,NA
2004,BlkvProj,TSNOV04.SPD,LAOW,Varegg,2004_1428,1,1,TRUE,0,NA
2004,BlkvProj,TSNOV04.SPD,LAOW,Varegg,2004_1429,1,1,TRUE,0,NA
2004,BlkvProj,TSNOV04.SPD,LAOW,Varegg,2004_1430,1,1,TRUE,0,NA
2004,BlkvProj,TSNOV04.SPD,LAOW,Varegg,2004_1431,1,1,TRUE,0,NA
2004,BlkvProj,TSNOV04.SPD,LAOW,Varegg,2004_1432,1,1,TRUE,0,NA
2004,BlkvProj,TSNOV04.SPD,LAOW,Varegg,2004_1433,1,1,TRUE,0,NA
2004,BlkvProj,TSNOV04.SPD,LAOW,Varegg,2004_1434,1,1,TRUE,0,NA
2004,BlkvProj,TSNOV04.SPD,LAOW,Varegg,2004_1435,1,1,TRUE,0,NA
2004,BlkvProj,TSNOV04.SPD,LAOW,Varegg,2004_1436,1,1,TRUE,0,NA
2004,BlkvProj,TSNOV04.SPD,LAOW,Varegg,2004_1437,1,1,TRUE,0,NA
2004,CoastalS,2004212,LDGJ,Johan Hjort,2004_10,60,180,TRUE,0,NA
2004,CoastalS,2004704,LAHV,Jan Mayen,2004_20,80,240,TRUE,0,NA
2004,EcoS,2004210,LDGJ,Johan Hjort,2004_63,109,327,FALSE,1,Russian EEZ
2004,EcoS,2004702,LAHV,Jan Mayen,2004_7,81,243,TRUE,0,NA
2004,EcoS,2004703,LAHV,Jan Mayen,2004_19,96,288,FALSE,1,Russian EEZ
2004,EggaN,2004809,JXMG,Kongsfjord,2004_61,192,576,TRUE,0,NA
2004,Other,2004808,LAPQ,Skaregg,2004_24,5,15,TRUE,0,NA
2004,Other,2004808,LMLT,Ramoen,2004_58,5,15,TRUE,0,NA
2004,WinterS,2004106,LMEL,G.O.Sars,2004_4,96,288,FALSE,1,Russian EEZ
2004,WinterS,2004203,LDGJ,Johan Hjort,2004_8,176,528,FALSE,1,Russian EEZ
2005,BlkvProj,T1AUG05.SPD,LAOW,Varegg,2005_1160,1,1,TRUE,0,NA
2005,BlkvProj,T1AUG05.SPD,LAOW,Varegg,2005_1161,1,1,TRUE,0,NA
2005,BlkvProj,T1AUG05.SPD,LAOW,Varegg,2005_1162,1,1,TRUE,0,NA
2005,BlkvProj,T1AUG05.SPD,LAOW,Varegg,2005_1163,1,1,TRUE,0,NA
2005,BlkvProj,T1AUG05.SPD,LAOW,Varegg,2005_1164,1,1,TRUE,0,NA
2005,BlkvProj,T1AUG05.SPD,LAOW,Varegg,2005_1165,1,1,TRUE,0,NA
2005,BlkvProj,T1AUG05.SPD,LAOW,Varegg,2005_1166,1,1,TRUE,0,NA
2005,BlkvProj,T1AUG05.SPD,LAOW,Varegg,2005_1167,1,1,TRUE,0,NA
2005,BlkvProj,T1AUG05.SPD,LAOW,Varegg,2005_1168,1,1,TRUE,0,NA
2005,BlkvProj,T1AUG05.SPD,LAOW,Varegg,2005_1169,1,1,TRUE,0,NA
2005,BlkvProj,T1AUG05.SPD,LAOW,Varegg,2005_1170,1,1,TRUE,0,NA
2005,BlkvProj,T1AUG05.SPD,LAOW,Varegg,2005_1171,1,1,TRUE,0,NA
2005,BlkvProj,T1AUG05.SPD,LAOW,Varegg,2005_1172,1,1,TRUE,0,NA
2005,BlkvProj,T1AUG05.SPD,LAOW,Varegg,2005_1173,1,1,TRUE,0,NA
2005,BlkvProj,T1AUG05.SPD,LAOW,Varegg,2005_1174,1,1,TRUE,0,NA
2005,BlkvProj,T1AUG05.SPD,LAOW,Varegg,2005_1175,1,1,TRUE,0,NA
2005,BlkvProj,T1AUG05.SPD,LAOW,Varegg,2005_1176,1,1,TRUE,0,NA
2005,BlkvProj,T1AUG05.SPD,LAOW,Varegg,2005_1177,1,1,TRUE,0,NA
2005,BlkvProj,T1AUG05.SPD,LAOW,Varegg,2005_1178,1,1,TRUE,0,NA
2005,BlkvProj,T1AUG05.SPD,LAOW,Varegg,2005_1179,1,1,TRUE,0,NA
2005,BlkvProj,T1AUG05.SPD,LAOW,Varegg,2005_1180,1,1,TRUE,0,NA
2005,BlkvProj,T1AUG05.SPD,LAOW,Varegg,2005_1181,1,1,TRUE,0,NA
2005,BlkvProj,T1AUG05.SPD,LAOW,Varegg,2005_1182,1,1,TRUE,0,NA
2005,BlkvProj,T1AUG05.SPD,LAOW,Varegg,2005_1183,1,1,TRUE,0,NA
2005,BlkvProj,T1AUG05.SPD,LAOW,Varegg,2005_1184,1,1,TRUE,0,NA
2005,BlkvProj,T1AUG05.SPD,LAOW,Varegg,2005_1185,1,1,TRUE,0,NA
2005,BlkvProj,T1AUG05.SPD,LAOW,Varegg,2005_1186,1,1,TRUE,0,NA
2005,BlkvProj,T1AUG05.SPD,LAOW,Varegg,2005_1187,1,1,TRUE,0,NA
2005,BlkvProj,T1AUG05.SPD,LAOW,Varegg,2005_1188,1,1,TRUE,0,NA
2005,BlkvProj,T1AUG05.SPD,LAOW,Varegg,2005_1189,1,1,TRUE,0,NA
2005,BlkvProj,T1AUG05.SPD,LAOW,Varegg,2005_1190,1,1,TRUE,0,NA
2005,BlkvProj,T1AUG05.SPD,LAOW,Varegg,2005_1191,1,1,TRUE,0,NA
2005,BlkvProj,T1AUG05.SPD,LAOW,Varegg,2005_1192,1,1,TRUE,0,NA
2005,BlkvProj,T1AUG05.SPD,LAOW,Varegg,2005_1193,1,1,TRUE,0,NA
2005,BlkvProj,T1AUG05.SPD,LAOW,Varegg,2005_1194,1,1,TRUE,0,NA
2005,BlkvProj,T1AUG05.SPD,LAOW,Varegg,2005_1195,1,1,TRUE,0,NA
2005,BlkvProj,T1AUG05.SPD,LAOW,Varegg,2005_1196,1,1,TRUE,0,NA
2005,BlkvProj,T1AUG05.SPD,LAOW,Varegg,2005_1197,1,1,TRUE,0,NA
2005,BlkvProj,T1AUG05.SPD,LAOW,Varegg,2005_1198,1,1,TRUE,0,NA
2005,BlkvProj,T1AUG05.SPD,LAOW,Varegg,2005_1199,1,1,TRUE,0,NA
2005,BlkvProj,T1AUG05.SPD,LAOW,Varegg,2005_1200,1,1,TRUE,0,NA
2005,BlkvProj,T1AUG05.SPD,LAOW,Varegg,2005_1201,1,1,TRUE,0,NA
2005,BlkvProj,T1AUG05.SPD,LAOW,Varegg,2005_1202,1,1,TRUE,0,NA
2005,BlkvProj,T1AUG05.SPD,LAOW,Varegg,2005_1203,1,1,TRUE,0,NA
2005,BlkvProj,T1AUG05.SPD,LAOW,Varegg,2005_1204,1,1,TRUE,0,NA
2005,BlkvProj,T1AUG05.SPD,LAOW,Varegg,2005_1205,1,1,TRUE,0,NA
2005,BlkvProj,T1AUG05.SPD,LAOW,Varegg,2005_1206,1,1,TRUE,0,NA
2005,BlkvProj,T1AUG05.SPD,LAOW,Varegg,2005_1207,1,1,TRUE,0,NA
2005,BlkvProj,T1AUG05.SPD,LAOW,Varegg,2005_1208,1,1,TRUE,0,NA
2005,BlkvProj,T1AUG05.SPD,LAOW,Varegg,2005_1209,1,1,TRUE,0,NA
2005,BlkvProj,T1AUG05.SPD,LAOW,Varegg,2005_1210,1,1,TRUE,0,NA
2005,BlkvProj,T1AUG05.SPD,LAOW,Varegg,2005_1211,1,1,TRUE,0,NA
2005,BlkvProj,T1AUG05.SPD,LAOW,Varegg,2005_1212,1,1,TRUE,0,NA
2005,BlkvProj,T1AUG05.SPD,LAOW,Varegg,2005_1213,1,1,TRUE,0,NA
2005,BlkvProj,T1AUG05.SPD,LAOW,Varegg,2005_1214,1,1,TRUE,0,NA
2005,BlkvProj,T1AUG05.SPD,LAOW,Varegg,2005_1215,1,1,TRUE,0,NA
2005,BlkvProj,T1AUG05.SPD,LAOW,Varegg,2005_1216,1,1,TRUE,0,NA
2005,BlkvProj,T1AUG05.SPD,LAOW,Varegg,2005_1217,1,1,TRUE,0,NA
2005,BlkvProj,T1AUG05.SPD,LAOW,Varegg,2005_1218,1,1,TRUE,0,NA
2005,BlkvProj,T1AUG05.SPD,LAOW,Varegg,2005_1219,1,1,TRUE,0,NA
2005,BlkvProj,T1AUG05.SPD,LAOW,Varegg,2005_1220,1,1,TRUE,0,NA
2005,BlkvProj,T1AUG05.SPD,LAOW,Varegg,2005_1221,1,1,TRUE,0,NA
2005,BlkvProj,T1AUG05.SPD,LAOW,Varegg,2005_1222,1,1,TRUE,0,NA
2005,BlkvProj,T1AUG05.SPD,LAOW,Varegg,2005_1223,1,1,TRUE,0,NA
2005,BlkvProj,T1AUG05.SPD,LAOW,Varegg,2005_1224,1,1,TRUE,0,NA
2005,BlkvProj,T1AUG05.SPD,LAOW,Varegg,2005_1225,1,1,TRUE,0,NA
2005,BlkvProj,T1AUG05.SPD,LAOW,Varegg,2005_1226,1,1,TRUE,0,NA
2005,BlkvProj,T1AUG05.SPD,LAOW,Varegg,2005_1227,1,1,TRUE,0,NA
2005,BlkvProj,T1AUG05.SPD,LAOW,Varegg,2005_1228,1,1,TRUE,0,NA
2005,BlkvProj,T1AUG05.SPD,LAOW,Varegg,2005_1229,1,1,TRUE,0,NA
2005,BlkvProj,T1AUG05.SPD,LAOW,Varegg,2005_1230,1,1,TRUE,0,NA
2005,BlkvProj,T1AUG05.SPD,LAOW,Varegg,2005_1231,1,1,TRUE,0,NA
2005,BlkvProj,T1AUG05.SPD,LAOW,Varegg,2005_1232,1,1,TRUE,0,NA
2005,BlkvProj,T1AUG05.SPD,LAOW,Varegg,2005_1233,1,1,TRUE,0,NA
2005,BlkvProj,T1AUG05.SPD,LAOW,Varegg,2005_1234,1,1,TRUE,0,NA
2005,BlkvProj,T1AUG05.SPD,LAOW,Varegg,2005_1235,1,1,TRUE,0,NA
2005,BlkvProj,T1AUG05.SPD,LAOW,Varegg,2005_1236,1,1,TRUE,0,NA
2005,BlkvProj,T1AUG05.SPD,LAOW,Varegg,2005_1237,1,1,TRUE,0,NA
2005,BlkvProj,T1AUG05.SPD,LAOW,Varegg,2005_1238,1,1,TRUE,0,NA
2005,BlkvProj,T1AUG05.SPD,LAOW,Varegg,2005_1239,1,1,TRUE,0,NA
2005,BlkvProj,T1AUG05.SPD,LAOW,Varegg,2005_1240,1,1,TRUE,0,NA
2005,BlkvProj,T1AUG05.SPD,LAOW,Varegg,2005_1241,1,1,TRUE,0,NA
2005,BlkvProj,T1AUG05.SPD,LAOW,Varegg,2005_1242,1,1,TRUE,0,NA
2005,BlkvProj,T1AUG05.SPD,LAOW,Varegg,2005_1243,1,1,TRUE,0,NA
2005,BlkvProj,T1AUG05.SPD,LAOW,Varegg,2005_1244,1,1,TRUE,0,NA
2005,BlkvProj,T1AUG05.SPD,LAOW,Varegg,2005_1245,1,1,TRUE,0,NA
2005,BlkvProj,T1AUG05.SPD,LAOW,Varegg,2005_1246,1,1,TRUE,0,NA
2005,BlkvProj,T1AUG05.SPD,LAOW,Varegg,2005_1247,1,1,TRUE,0,NA
2005,BlkvProj,T1AUG05.SPD,LAOW,Varegg,2005_1248,1,1,TRUE,0,NA
2005,BlkvProj,T1AUG05.SPD,LAOW,Varegg,2005_1249,1,1,TRUE,0,NA
2005,BlkvProj,T1AUG05.SPD,LAOW,Varegg,2005_1250,1,1,TRUE,0,NA
2005,BlkvProj,T1AUG05.SPD,LAOW,Varegg,2005_1251,1,1,TRUE,0,NA
2005,BlkvProj,T1AUG05.SPD,LAOW,Varegg,2005_1252,1,1,TRUE,0,NA
2005,BlkvProj,T1AUG05.SPD,LAOW,Varegg,2005_1253,1,1,TRUE,0,NA
2005,BlkvProj,T1AUG05.SPD,LAOW,Varegg,2005_1254,1,1,TRUE,0,NA
2005,BlkvProj,T1AUG05.SPD,LAOW,Varegg,2005_1255,1,1,TRUE,0,NA
2005,BlkvProj,T1AUG05.SPD,LAOW,Varegg,2005_1256,1,1,TRUE,0,NA
2005,BlkvProj,T1AUG05.SPD,LAOW,Varegg,2005_1257,1,1,TRUE,0,NA
2005,BlkvProj,T1AUG05.SPD,LAOW,Varegg,2005_1258,1,1,TRUE,0,NA
2005,BlkvProj,T1AUG05.SPD,LAOW,Varegg,2005_1259,1,1,TRUE,0,NA
2005,BlkvProj,T1AUG05.SPD,LAOW,Varegg,2005_1260,1,1,TRUE,0,NA
2005,BlkvProj,T1AUG05.SPD,LAOW,Varegg,2005_1261,1,1,TRUE,0,NA
2005,BlkvProj,T1AUG05.SPD,LAOW,Varegg,2005_1262,1,1,TRUE,0,NA
2005,BlkvProj,T1AUG05.SPD,LAOW,Varegg,2005_1263,1,1,TRUE,0,NA
2005,BlkvProj,T1AUG05.SPD,LAOW,Varegg,2005_1264,1,1,TRUE,0,NA
2005,BlkvProj,T1AUG05.SPD,LAOW,Varegg,2005_1265,1,1,TRUE,0,NA
2005,BlkvProj,T1AUG05.SPD,LAOW,Varegg,2005_1266,1,1,TRUE,0,NA
2005,BlkvProj,T1AUG05.SPD,LAOW,Varegg,2005_1267,1,1,TRUE,0,NA
2005,BlkvProj,T1AUG05.SPD,LAOW,Varegg,2005_1268,1,1,TRUE,0,NA
2005,BlkvProj,T1AUG05.SPD,LAOW,Varegg,2005_1269,1,1,TRUE,0,NA
2005,BlkvProj,T1AUG05.SPD,LAOW,Varegg,2005_1270,1,1,TRUE,0,NA
2005,BlkvProj,T1AUG05.SPD,LAOW,Varegg,2005_1271,1,1,TRUE,0,NA
2005,BlkvProj,T1AUG05.SPD,LAOW,Varegg,2005_1272,1,1,TRUE,0,NA
2005,BlkvProj,T1AUG05.SPD,LAOW,Varegg,2005_1273,1,1,TRUE,0,NA
2005,BlkvProj,T1AUG05.SPD,LAOW,Varegg,2005_1274,1,1,TRUE,0,NA
2005,BlkvProj,T1AUG05.SPD,LAOW,Varegg,2005_1275,1,1,TRUE,0,NA
2005,BlkvProj,T1AUG05.SPD,LAOW,Varegg,2005_1276,1,1,TRUE,0,NA
2005,BlkvProj,T1AUG05.SPD,LAOW,Varegg,2005_1277,1,1,TRUE,0,NA
2005,BlkvProj,T1AUG05.SPD,LAOW,Varegg,2005_1278,1,1,TRUE,0,NA
2005,BlkvProj,T1AUG05.SPD,LAOW,Varegg,2005_1279,1,1,TRUE,0,NA
2005,BlkvProj,T1AUG05.SPD,LAOW,Varegg,2005_1280,1,1,TRUE,0,NA
2005,BlkvProj,T1AUG05.SPD,LAOW,Varegg,2005_1281,1,1,TRUE,0,NA
2005,BlkvProj,T1AUG05.SPD,LAOW,Varegg,2005_1282,1,1,FALSE,1,Russian EEZ
2005,BlkvProj,T1AUG05.SPD,LAOW,Varegg,2005_1283,1,1,FALSE,1,Russian EEZ
2005,BlkvProj,T1AUG05.SPD,LAOW,Varegg,2005_1284,1,1,FALSE,1,Russian EEZ
2005,BlkvProj,T1AUG05.SPD,LAOW,Varegg,2005_1285,1,1,FALSE,1,Russian EEZ
2005,BlkvProj,T1AUG05.SPD,LAOW,Varegg,2005_1286,1,1,TRUE,0,NA
2005,BlkvProj,T1AUG05.SPD,LAOW,Varegg,2005_1287,1,1,TRUE,0,NA
2005,BlkvProj,T1AUG05.SPD,LAOW,Varegg,2005_1288,1,1,TRUE,0,NA
2005,BlkvProj,T1AUG05.SPD,LAOW,Varegg,2005_1289,1,1,TRUE,0,NA
2005,BlkvProj,T1AUG05.SPD,LAOW,Varegg,2005_1290,1,1,TRUE,0,NA
2005,BlkvProj,T1AUG05.SPD,LAOW,Varegg,2005_1291,1,1,TRUE,0,NA
2005,BlkvProj,T1AUG05.SPD,LAOW,Varegg,2005_1292,1,1,TRUE,0,NA
2005,BlkvProj,T1AUG05.SPD,LAOW,Varegg,2005_1293,1,1,TRUE,0,NA
2005,BlkvProj,T1AUG05.SPD,LAOW,Varegg,2005_1294,1,1,TRUE,0,NA
2005,BlkvProj,T1AUG05.SPD,LAOW,Varegg,2005_1295,1,1,TRUE,0,NA
2005,BlkvProj,T1AUG05.SPD,LAOW,Varegg,2005_1296,1,1,TRUE,0,NA
2005,BlkvProj,T1AUG05.SPD,LAOW,Varegg,2005_1297,1,1,TRUE,0,NA
2005,BlkvProj,T1AUG05.SPD,LAOW,Varegg,2005_1298,1,1,TRUE,0,NA
2005,BlkvProj,T1AUG05.SPD,LAOW,Varegg,2005_1299,1,1,TRUE,0,NA
2005,BlkvProj,T1AUG05.SPD,LAOW,Varegg,2005_1300,1,1,TRUE,0,NA
2005,BlkvProj,T1AUG05.SPD,LAOW,Varegg,2005_1301,1,1,TRUE,0,NA
2005,BlkvProj,T1AUG05.SPD,LAOW,Varegg,2005_1302,1,1,TRUE,0,NA
2005,BlkvProj,T1AUG05.SPD,LAOW,Varegg,2005_1303,1,1,TRUE,0,NA
2005,BlkvProj,T1AUG05.SPD,LAOW,Varegg,2005_1304,1,1,TRUE,0,NA
2005,BlkvProj,T1AUG05.SPD,LAOW,Varegg,2005_1305,1,1,TRUE,0,NA
2005,BlkvProj,T1AUG05.SPD,LAOW,Varegg,2005_1306,1,1,TRUE,0,NA
2005,BlkvProj,T1AUG05.SPD,LAOW,Varegg,2005_1307,1,1,TRUE,0,NA
2005,BlkvProj,T1AUG05.SPD,LAOW,Varegg,2005_1308,1,1,TRUE,0,NA
2005,BlkvProj,T1AUG05.SPD,LAOW,Varegg,2005_1309,1,1,TRUE,0,NA
2005,BlkvProj,T1AUG05.SPD,LAOW,Varegg,2005_1310,1,1,TRUE,0,NA
2005,BlkvProj,T1AUG05.SPD,LAOW,Varegg,2005_1311,1,1,TRUE,0,NA
2005,BlkvProj,T1AUG05.SPD,LAOW,Varegg,2005_1312,1,1,TRUE,0,NA
2005,BlkvProj,T1AUG05.SPD,LAOW,Varegg,2005_1313,1,1,TRUE,0,NA
2005,BlkvProj,T1AUG05.SPD,LAOW,Varegg,2005_1314,1,1,TRUE,0,NA
2005,BlkvProj,T1AUG05.SPD,LAOW,Varegg,2005_1315,1,1,TRUE,0,NA
2005,BlkvProj,T1AUG05.SPD,LAOW,Varegg,2005_1316,1,1,TRUE,0,NA
2005,BlkvProj,T1AUG05.SPD,LAOW,Varegg,2005_1317,1,1,TRUE,0,NA
2005,BlkvProj,T1AUG05.SPD,LAOW,Varegg,2005_1318,1,1,TRUE,0,NA
2005,BlkvProj,T1AUG05.SPD,LAOW,Varegg,2005_1319,1,1,TRUE,0,NA
2005,BlkvProj,T2AUG05.SPD,LMLT,Ramoen,2005_1042,1,1,TRUE,0,NA
2005,BlkvProj,T2AUG05.SPD,LMLT,Ramoen,2005_1043,1,1,TRUE,0,NA
2005,BlkvProj,T2AUG05.SPD,LMLT,Ramoen,2005_1044,1,1,TRUE,0,NA
2005,BlkvProj,T2AUG05.SPD,LMLT,Ramoen,2005_1045,1,1,TRUE,0,NA
2005,BlkvProj,T2AUG05.SPD,LMLT,Ramoen,2005_1046,1,1,TRUE,0,NA
2005,BlkvProj,T2AUG05.SPD,LMLT,Ramoen,2005_1047,1,1,TRUE,0,NA
2005,BlkvProj,T2AUG05.SPD,LMLT,Ramoen,2005_1048,1,1,TRUE,0,NA
2005,BlkvProj,T2AUG05.SPD,LMLT,Ramoen,2005_1049,1,1,TRUE,0,NA
2005,BlkvProj,T2AUG05.SPD,LMLT,Ramoen,2005_1050,1,1,TRUE,0,NA
2005,BlkvProj,T2AUG05.SPD,LMLT,Ramoen,2005_1051,1,1,TRUE,0,NA
2005,BlkvProj,T2AUG05.SPD,LMLT,Ramoen,2005_1052,1,1,TRUE,0,NA
2005,BlkvProj,T2AUG05.SPD,LMLT,Ramoen,2005_1053,1,1,TRUE,0,NA
2005,BlkvProj,T2AUG05.SPD,LMLT,Ramoen,2005_1054,1,1,TRUE,0,NA
2005,BlkvProj,T2AUG05.SPD,LMLT,Ramoen,2005_1055,1,1,TRUE,0,NA
2005,BlkvProj,T2AUG05.SPD,LMLT,Ramoen,2005_1056,1,1,TRUE,0,NA
2005,BlkvProj,T2AUG05.SPD,LMLT,Ramoen,2005_1057,1,1,TRUE,0,NA
2005,BlkvProj,T2AUG05.SPD,LMLT,Ramoen,2005_1058,1,1,TRUE,0,NA
2005,BlkvProj,T2AUG05.SPD,LMLT,Ramoen,2005_1059,1,1,TRUE,0,NA
2005,BlkvProj,T2AUG05.SPD,LMLT,Ramoen,2005_1060,1,1,TRUE,0,NA
2005,BlkvProj,T2AUG05.SPD,LMLT,Ramoen,2005_1061,1,1,TRUE,0,NA
2005,BlkvProj,T2AUG05.SPD,LMLT,Ramoen,2005_1062,1,1,TRUE,0,NA
2005,BlkvProj,T2AUG05.SPD,LMLT,Ramoen,2005_1063,1,1,TRUE,0,NA
2005,BlkvProj,T2AUG05.SPD,LMLT,Ramoen,2005_1064,1,1,TRUE,0,NA
2005,BlkvProj,T2AUG05.SPD,LMLT,Ramoen,2005_1065,1,1,TRUE,0,NA
2005,BlkvProj,T2AUG05.SPD,LMLT,Ramoen,2005_1066,1,1,TRUE,0,NA
2005,BlkvProj,T2AUG05.SPD,LMLT,Ramoen,2005_1067,1,1,TRUE,0,NA
2005,BlkvProj,T2AUG05.SPD,LMLT,Ramoen,2005_1068,1,1,TRUE,0,NA
2005,BlkvProj,T2AUG05.SPD,LMLT,Ramoen,2005_1069,1,1,TRUE,0,NA
2005,BlkvProj,T2AUG05.SPD,LMLT,Ramoen,2005_1070,1,1,TRUE,0,NA
2005,BlkvProj,T2AUG05.SPD,LMLT,Ramoen,2005_1071,1,1,TRUE,0,NA
2005,BlkvProj,T2AUG05.SPD,LMLT,Ramoen,2005_1072,1,1,TRUE,0,NA
2005,BlkvProj,T2AUG05.SPD,LMLT,Ramoen,2005_1073,1,1,TRUE,0,NA
2005,BlkvProj,T2AUG05.SPD,LMLT,Ramoen,2005_1074,1,1,TRUE,0,NA
2005,BlkvProj,T2AUG05.SPD,LMLT,Ramoen,2005_1075,1,1,TRUE,0,NA
2005,BlkvProj,T2AUG05.SPD,LMLT,Ramoen,2005_1076,1,1,TRUE,0,NA
2005,BlkvProj,T2AUG05.SPD,LMLT,Ramoen,2005_1077,1,1,TRUE,0,NA
2005,BlkvProj,T2AUG05.SPD,LMLT,Ramoen,2005_1078,1,1,TRUE,0,NA
2005,BlkvProj,T2AUG05.SPD,LMLT,Ramoen,2005_1079,1,1,TRUE,0,NA
2005,BlkvProj,T2AUG05.SPD,LMLT,Ramoen,2005_1080,1,1,TRUE,0,NA
2005,BlkvProj,T2AUG05.SPD,LMLT,Ramoen,2005_1081,1,1,TRUE,0,NA
2005,BlkvProj,T2AUG05.SPD,LMLT,Ramoen,2005_1082,1,1,TRUE,0,NA
2005,BlkvProj,T2AUG05.SPD,LMLT,Ramoen,2005_1083,1,1,TRUE,0,NA
2005,BlkvProj,T2AUG05.SPD,LMLT,Ramoen,2005_1084,1,1,TRUE,0,NA
2005,BlkvProj,T2AUG05.SPD,LMLT,Ramoen,2005_1085,1,1,TRUE,0,NA
2005,BlkvProj,T2AUG05.SPD,LMLT,Ramoen,2005_1086,1,1,TRUE,0,NA
2005,BlkvProj,T2AUG05.SPD,LMLT,Ramoen,2005_1087,1,1,TRUE,0,NA
2005,BlkvProj,T2AUG05.SPD,LMLT,Ramoen,2005_1088,1,1,TRUE,0,NA
2005,BlkvProj,T2AUG05.SPD,LMLT,Ramoen,2005_1089,1,1,TRUE,0,NA
2005,BlkvProj,T2AUG05.SPD,LMLT,Ramoen,2005_1090,1,1,TRUE,0,NA
2005,BlkvProj,T2AUG05.SPD,LMLT,Ramoen,2005_1091,1,1,TRUE,0,NA
2005,BlkvProj,T2AUG05.SPD,LMLT,Ramoen,2005_1092,1,1,TRUE,0,NA
2005,BlkvProj,T2AUG05.SPD,LMLT,Ramoen,2005_1093,1,1,TRUE,0,NA
2005,BlkvProj,T2AUG05.SPD,LMLT,Ramoen,2005_1094,1,1,TRUE,0,NA
2005,BlkvProj,T2AUG05.SPD,LMLT,Ramoen,2005_1095,1,1,TRUE,0,NA
2005,BlkvProj,T2AUG05.SPD,LMLT,Ramoen,2005_1096,1,1,TRUE,0,NA
2005,BlkvProj,T2AUG05.SPD,LMLT,Ramoen,2005_1097,1,1,TRUE,0,NA
2005,BlkvProj,T2AUG05.SPD,LMLT,Ramoen,2005_1098,1,1,TRUE,0,NA
2005,BlkvProj,T2AUG05.SPD,LMLT,Ramoen,2005_1099,1,1,TRUE,0,NA
2005,BlkvProj,T2AUG05.SPD,LMLT,Ramoen,2005_1100,1,1,TRUE,0,NA
2005,BlkvProj,T2AUG05.SPD,LMLT,Ramoen,2005_1101,1,1,TRUE,0,NA
2005,BlkvProj,T2AUG05.SPD,LMLT,Ramoen,2005_1102,1,1,TRUE,0,NA
2005,BlkvProj,T2AUG05.SPD,LMLT,Ramoen,2005_1103,1,1,TRUE,0,NA
2005,BlkvProj,T2AUG05.SPD,LMLT,Ramoen,2005_1104,1,1,TRUE,0,NA
2005,BlkvProj,T2AUG05.SPD,LMLT,Ramoen,2005_1105,1,1,TRUE,0,NA
2005,BlkvProj,T2AUG05.SPD,LMLT,Ramoen,2005_1106,1,1,TRUE,0,NA
2005,BlkvProj,T2AUG05.SPD,LMLT,Ramoen,2005_1107,1,1,TRUE,0,NA
2005,BlkvProj,T2AUG05.SPD,LMLT,Ramoen,2005_1108,1,1,TRUE,0,NA
2005,BlkvProj,T2AUG05.SPD,LMLT,Ramoen,2005_1109,1,1,TRUE,0,NA
2005,BlkvProj,T2AUG05.SPD,LMLT,Ramoen,2005_1110,1,1,TRUE,0,NA
2005,BlkvProj,T2AUG05.SPD,LMLT,Ramoen,2005_1111,1,1,TRUE,0,NA
2005,BlkvProj,T2AUG05.SPD,LMLT,Ramoen,2005_1112,1,1,TRUE,0,NA
2005,BlkvProj,T2AUG05.SPD,LMLT,Ramoen,2005_1113,1,1,TRUE,0,NA
2005,BlkvProj,T2AUG05.SPD,LMLT,Ramoen,2005_1114,1,1,TRUE,0,NA
2005,BlkvProj,T2AUG05.SPD,LMLT,Ramoen,2005_1115,1,1,TRUE,0,NA
2005,BlkvProj,T2AUG05.SPD,LMLT,Ramoen,2005_1116,1,1,TRUE,0,NA
2005,BlkvProj,T2AUG05.SPD,LMLT,Ramoen,2005_1117,1,1,TRUE,0,NA
2005,BlkvProj,T2AUG05.SPD,LMLT,Ramoen,2005_1118,1,1,TRUE,0,NA
2005,BlkvProj,T2AUG05.SPD,LMLT,Ramoen,2005_1119,1,1,TRUE,0,NA
2005,BlkvProj,T2AUG05.SPD,LMLT,Ramoen,2005_1120,1,1,TRUE,0,NA
2005,BlkvProj,T2AUG05.SPD,LMLT,Ramoen,2005_1121,1,1,TRUE,0,NA
2005,BlkvProj,T2AUG05.SPD,LMLT,Ramoen,2005_1122,1,1,TRUE,0,NA
2005,BlkvProj,T2AUG05.SPD,LMLT,Ramoen,2005_1123,1,1,TRUE,0,NA
2005,BlkvProj,T2AUG05.SPD,LMLT,Ramoen,2005_1124,1,1,TRUE,0,NA
2005,BlkvProj,T2AUG05.SPD,LMLT,Ramoen,2005_1125,1,1,TRUE,0,NA
2005,BlkvProj,T2AUG05.SPD,LMLT,Ramoen,2005_1126,1,1,FALSE,1,Russian EEZ
2005,BlkvProj,T2AUG05.SPD,LMLT,Ramoen,2005_1127,1,1,FALSE,1,Russian EEZ
2005,BlkvProj,T2AUG05.SPD,LMLT,Ramoen,2005_1128,1,1,FALSE,1,Russian EEZ
2005,BlkvProj,T2AUG05.SPD,LMLT,Ramoen,2005_1129,1,1,FALSE,1,Russian EEZ
2005,BlkvProj,T2AUG05.SPD,LMLT,Ramoen,2005_1130,1,1,FALSE,1,Russian EEZ
2005,BlkvProj,T2AUG05.SPD,LMLT,Ramoen,2005_1131,1,1,FALSE,1,Russian EEZ
2005,BlkvProj,T2AUG05.SPD,LMLT,Ramoen,2005_1132,1,1,FALSE,1,Russian EEZ
2005,BlkvProj,T2AUG05.SPD,LMLT,Ramoen,2005_1133,1,1,FALSE,1,Russian EEZ
2005,BlkvProj,T2AUG05.SPD,LMLT,Ramoen,2005_1134,1,1,FALSE,1,Russian EEZ
2005,BlkvProj,T2AUG05.SPD,LMLT,Ramoen,2005_1135,1,1,FALSE,1,Russian EEZ
2005,BlkvProj,T2AUG05.SPD,LMLT,Ramoen,2005_1136,1,1,TRUE,0,NA
2005,BlkvProj,T2AUG05.SPD,LMLT,Ramoen,2005_1137,1,1,TRUE,0,NA
2005,BlkvProj,T2AUG05.SPD,LMLT,Ramoen,2005_1138,1,1,TRUE,0,NA
2005,BlkvProj,T2AUG05.SPD,LMLT,Ramoen,2005_1139,1,1,TRUE,0,NA
2005,BlkvProj,T2AUG05.SPD,LMLT,Ramoen,2005_1140,1,1,FALSE,1,Russian EEZ
2005,BlkvProj,T2AUG05.SPD,LMLT,Ramoen,2005_1141,1,1,FALSE,1,Russian EEZ
2005,BlkvProj,T2AUG05.SPD,LMLT,Ramoen,2005_1142,1,1,FALSE,1,Russian EEZ
2005,BlkvProj,T2AUG05.SPD,LMLT,Ramoen,2005_1143,1,1,FALSE,1,Russian EEZ
2005,BlkvProj,T2AUG05.SPD,LMLT,Ramoen,2005_1144,1,1,FALSE,1,Russian EEZ
2005,BlkvProj,T2AUG05.SPD,LMLT,Ramoen,2005_1145,1,1,FALSE,1,Russian EEZ
2005,BlkvProj,T2AUG05.SPD,LMLT,Ramoen,2005_1146,1,1,FALSE,1,Russian EEZ
2005,BlkvProj,T2AUG05.SPD,LMLT,Ramoen,2005_1147,1,1,FALSE,1,Russian EEZ
2005,BlkvProj,T2AUG05.SPD,LMLT,Ramoen,2005_1148,1,1,FALSE,1,Russian EEZ
2005,BlkvProj,T2AUG05.SPD,LMLT,Ramoen,2005_1149,1,1,FALSE,1,Russian EEZ
2005,BlkvProj,T2AUG05.SPD,LMLT,Ramoen,2005_1150,1,1,FALSE,1,Russian EEZ
2005,BlkvProj,T2AUG05.SPD,LMLT,Ramoen,2005_1151,1,1,FALSE,1,Russian EEZ
2005,BlkvProj,T2AUG05.SPD,LMLT,Ramoen,2005_1152,1,1,FALSE,1,Russian EEZ
2005,BlkvProj,T2AUG05.SPD,LMLT,Ramoen,2005_1153,1,1,FALSE,1,Russian EEZ
2005,BlkvProj,T2AUG05.SPD,LMLT,Ramoen,2005_1154,1,1,FALSE,1,Russian EEZ
2005,BlkvProj,T2AUG05.SPD,LMLT,Ramoen,2005_1155,1,1,FALSE,1,Russian EEZ
2005,BlkvProj,T2AUG05.SPD,LMLT,Ramoen,2005_1156,1,1,FALSE,1,Russian EEZ
2005,BlkvProj,T2AUG05.SPD,LMLT,Ramoen,2005_1157,1,1,FALSE,1,Russian EEZ
2005,BlkvProj,T2AUG05.SPD,LMLT,Ramoen,2005_1158,1,1,FALSE,1,Russian EEZ
2005,BlkvProj,T2AUG05.SPD,LMLT,Ramoen,2005_1159,1,1,FALSE,1,Russian EEZ
2005,BlkvProj,T2AUG05.SPD,LMLT,Ramoen,2005_1160,1,1,FALSE,1,Russian EEZ
2005,BlkvProj,T2AUG05.SPD,LMLT,Ramoen,2005_1161,1,1,FALSE,1,Russian EEZ
2005,BlkvProj,T2AUG05.SPD,LMLT,Ramoen,2005_1162,1,1,FALSE,1,Russian EEZ
2005,BlkvProj,T2AUG05.SPD,LMLT,Ramoen,2005_1163,1,1,FALSE,1,Russian EEZ
2005,BlkvProj,T2AUG05.SPD,LMLT,Ramoen,2005_1164,1,1,FALSE,1,Russian EEZ
2005,BlkvProj,T2AUG05.SPD,LMLT,Ramoen,2005_1165,1,1,FALSE,1,Russian EEZ
2005,BlkvProj,T2AUG05.SPD,LMLT,Ramoen,2005_1166,1,1,TRUE,0,NA
2005,BlkvProj,T2AUG05.SPD,LMLT,Ramoen,2005_1167,1,1,TRUE,0,NA
2005,BlkvProj,T2AUG05.SPD,LMLT,Ramoen,2005_1168,1,1,FALSE,1,Russian EEZ
2005,BlkvProj,T2AUG05.SPD,LMLT,Ramoen,2005_1169,1,1,FALSE,1,Russian EEZ
2005,BlkvProj,T2AUG05.SPD,LMLT,Ramoen,2005_1170,1,1,FALSE,1,Russian EEZ
2005,BlkvProj,T2AUG05.SPD,LMLT,Ramoen,2005_1171,1,1,FALSE,1,Russian EEZ
2005,BlkvProj,T2AUG05.SPD,LMLT,Ramoen,2005_1172,1,1,FALSE,1,Russian EEZ
2005,BlkvProj,T2AUG05.SPD,LMLT,Ramoen,2005_1173,1,1,FALSE,1,Russian EEZ
2005,BlkvProj,T2AUG05.SPD,LMLT,Ramoen,2005_1174,1,1,FALSE,1,Russian EEZ
2005,BlkvProj,T2AUG05.SPD,LMLT,Ramoen,2005_1175,1,1,FALSE,1,Russian EEZ
2005,BlkvProj,T2AUG05.SPD,LMLT,Ramoen,2005_1176,1,1,FALSE,1,Russian EEZ
2005,BlkvProj,T2AUG05.SPD,LMLT,Ramoen,2005_1177,1,1,FALSE,1,Russian EEZ
2005,BlkvProj,T2AUG05.SPD,LMLT,Ramoen,2005_1178,1,1,FALSE,1,Russian EEZ
2005,BlkvProj,T2AUG05.SPD,LMLT,Ramoen,2005_1179,1,1,FALSE,1,Russian EEZ
2005,BlkvProj,T2AUG05.SPD,LMLT,Ramoen,2005_1180,1,1,FALSE,1,Russian EEZ
2005,BlkvProj,T2AUG05.SPD,LMLT,Ramoen,2005_1181,1,1,FALSE,1,Russian EEZ
2005,BlkvProj,T2AUG05.SPD,LMLT,Ramoen,2005_1182,1,1,FALSE,1,Russian EEZ
2005,BlkvProj,T2AUG05.SPD,LMLT,Ramoen,2005_1183,1,1,FALSE,1,Russian EEZ
2005,BlkvProj,T2AUG05.SPD,LMLT,Ramoen,2005_1184,1,1,FALSE,1,Russian EEZ
2005,BlkvProj,T2AUG05.SPD,LMLT,Ramoen,2005_1185,1,1,FALSE,1,Russian EEZ
2005,BlkvProj,T2AUG05.SPD,LMLT,Ramoen,2005_1186,1,1,FALSE,1,Russian EEZ
2005,BlkvProj,T2AUG05.SPD,LMLT,Ramoen,2005_1187,1,1,FALSE,1,Russian EEZ
2005,BlkvProj,T2AUG05.SPD,LMLT,Ramoen,2005_1188,1,1,FALSE,1,Russian EEZ
2005,BlkvProj,T2AUG05.SPD,LMLT,Ramoen,2005_1189,1,1,FALSE,1,Russian EEZ
2005,BlkvProj,T2AUG05.SPD,LMLT,Ramoen,2005_1190,1,1,FALSE,1,Russian EEZ
2005,BlkvProj,T2AUG05.SPD,LMLT,Ramoen,2005_1191,1,1,FALSE,1,Russian EEZ
2005,BlkvProj,T2AUG05.SPD,LMLT,Ramoen,2005_1192,1,1,FALSE,1,Russian EEZ
2005,BlkvProj,T2AUG05.SPD,LMLT,Ramoen,2005_1193,1,1,FALSE,1,Russian EEZ
2005,BlkvProj,T2AUG05.SPD,LMLT,Ramoen,2005_1194,1,1,FALSE,1,Russian EEZ
2005,BlkvProj,T2AUG05.SPD,LMLT,Ramoen,2005_1195,1,1,FALSE,1,Russian EEZ
2005,BlkvProj,T2AUG05.SPD,LMLT,Ramoen,2005_1196,1,1,FALSE,1,Russian EEZ
2005,BlkvProj,T2AUG05.SPD,LMLT,Ramoen,2005_1197,1,1,FALSE,1,Russian EEZ
2005,BlkvProj,T2AUG05.SPD,LMLT,Ramoen,2005_1198,1,1,FALSE,1,Russian EEZ
2005,BlkvProj,T2AUG05.SPD,LMLT,Ramoen,2005_1199,1,1,FALSE,1,Russian EEZ
2005,BlkvProj,T2AUG05.SPD,LMLT,Ramoen,2005_1200,1,1,FALSE,1,Russian EEZ
2005,BlkvProj,T2AUG05.SPD,LMLT,Ramoen,2005_1201,1,1,FALSE,1,Russian EEZ
2005,BlkvProj,T2AUG05.SPD,LMLT,Ramoen,2005_1202,1,1,FALSE,1,Russian EEZ
2005,BlkvProj,T2AUG05.SPD,LMLT,Ramoen,2005_1203,1,1,FALSE,1,Russian EEZ
2005,BlkvProj,T2AUG05.SPD,LMLT,Ramoen,2005_1204,1,1,FALSE,1,Russian EEZ
2005,BlkvProj,T2AUG05.SPD,LMLT,Ramoen,2005_1205,1,1,FALSE,1,Russian EEZ
2005,BlkvProj,T2AUG05.SPD,LMLT,Ramoen,2005_1206,1,1,FALSE,1,Russian EEZ
2005,BlkvProj,T2AUG05.SPD,LMLT,Ramoen,2005_1207,1,1,FALSE,1,Russian EEZ
2005,BlkvProj,T2AUG05.SPD,LMLT,Ramoen,2005_1208,1,1,FALSE,1,Russian EEZ
2005,BlkvProj,T2AUG05.SPD,LMLT,Ramoen,2005_1209,1,1,FALSE,1,Russian EEZ
2005,BlkvProj,T2AUG05.SPD,LMLT,Ramoen,2005_1210,1,1,FALSE,1,Russian EEZ
2005,BlkvProj,T2AUG05.SPD,LMLT,Ramoen,2005_1211,1,1,FALSE,1,Russian EEZ
2005,BlkvProj,T2AUG05.SPD,LMLT,Ramoen,2005_1212,1,1,FALSE,1,Russian EEZ
2005,BlkvProj,T2AUG05.SPD,LMLT,Ramoen,2005_1213,1,1,FALSE,1,Russian EEZ
2005,BlkvProj,T2AUG05.SPD,LMLT,Ramoen,2005_1214,1,1,FALSE,1,Russian EEZ
2005,BlkvProj,T2AUG05.SPD,LMLT,Ramoen,2005_1215,1,1,FALSE,1,Russian EEZ
2005,BlkvProj,T2AUG05.SPD,LMLT,Ramoen,2005_1216,1,1,FALSE,1,Russian EEZ
2005,BlkvProj,T2AUG05.SPD,LMLT,Ramoen,2005_1217,1,1,FALSE,1,Russian EEZ
2005,BlkvProj,T2AUG05.SPD,LMLT,Ramoen,2005_1218,1,1,FALSE,1,Russian EEZ
2005,BlkvProj,T2AUG05.SPD,LMLT,Ramoen,2005_1219,1,1,FALSE,1,Russian EEZ
2005,BlkvProj,T2AUG05.SPD,LMLT,Ramoen,2005_1220,1,1,FALSE,1,Russian EEZ
2005,BlkvProj,T2AUG05.SPD,LMLT,Ramoen,2005_1221,1,1,FALSE,1,Russian EEZ
2005,BlkvProj,T2AUG05.SPD,LMLT,Ramoen,2005_1222,1,1,FALSE,1,Russian EEZ
2005,BlkvProj,T2AUG05.SPD,LMLT,Ramoen,2005_1223,1,1,FALSE,1,Russian EEZ
2005,BlkvProj,T2AUG05.SPD,LMLT,Ramoen,2005_1224,1,1,FALSE,1,Russian EEZ
2005,BlkvProj,T2AUG05.SPD,LMLT,Ramoen,2005_1225,1,1,FALSE,1,Russian EEZ
2005,BlkvProj,T2AUG05.SPD,LMLT,Ramoen,2005_1226,1,1,FALSE,1,Russian EEZ
2005,BlkvProj,T2AUG05.SPD,LMLT,Ramoen,2005_1227,1,1,FALSE,1,Russian EEZ
2005,BlkvProj,T2AUG05.SPD,LMLT,Ramoen,2005_1228,1,1,FALSE,1,Russian EEZ
2005,BlkvProj,T2AUG05.SPD,LMLT,Ramoen,2005_1229,1,1,FALSE,1,Russian EEZ
2005,BlkvProj,T2AUG05.SPD,LMLT,Ramoen,2005_1230,1,1,FALSE,1,Russian EEZ
2005,BlkvProj,T2AUG05.SPD,LMLT,Ramoen,2005_1231,1,1,FALSE,1,Russian EEZ
2005,BlkvProj,T2AUG05.SPD,LMLT,Ramoen,2005_1232,1,1,FALSE,1,Russian EEZ
2005,BlkvProj,T2AUG05.SPD,LMLT,Ramoen,2005_1233,1,1,FALSE,1,Russian EEZ
2005,BlkvProj,T2AUG05.SPD,LMLT,Ramoen,2005_1234,1,1,FALSE,1,Russian EEZ
2005,BlkvProj,T2AUG05.SPD,LMLT,Ramoen,2005_1235,1,1,FALSE,1,Russian EEZ
2005,BlkvProj,T2AUG05.SPD,LMLT,Ramoen,2005_1236,1,1,FALSE,1,Russian EEZ
2005,BlkvProj,T2AUG05.SPD,LMLT,Ramoen,2005_1237,1,1,FALSE,1,Russian EEZ
2005,BlkvProj,T2AUG05.SPD,LMLT,Ramoen,2005_1238,1,1,FALSE,1,Russian EEZ
2005,BlkvProj,T2AUG05.SPD,LMLT,Ramoen,2005_1239,1,1,FALSE,1,Russian EEZ
2005,BlkvProj,T2AUG05.SPD,LMLT,Ramoen,2005_1240,1,1,FALSE,1,Russian EEZ
2005,BlkvProj,T2AUG05.SPD,LMLT,Ramoen,2005_1241,1,1,FALSE,1,Russian EEZ
2005,BlkvProj,T2AUG05.SPD,LMLT,Ramoen,2005_1242,1,1,TRUE,0,NA
2005,BlkvProj,T2AUG05.SPD,LMLT,Ramoen,2005_1243,1,1,TRUE,0,NA
2005,BlkvProj,T2AUG05.SPD,LMLT,Ramoen,2005_1244,1,1,TRUE,0,NA
2005,BlkvProj,T2AUG05.SPD,LMLT,Ramoen,2005_1245,1,1,TRUE,0,NA
2005,BlkvProj,T2AUG05.SPD,LMLT,Ramoen,2005_1246,1,1,TRUE,0,NA
2005,BlkvProj,T2AUG05.SPD,LMLT,Ramoen,2005_1247,1,1,TRUE,0,NA
2005,BlkvProj,TNMAR05.SPD,JXUS,Havstrand,2005_1001,1,1,TRUE,0,NA
2005,BlkvProj,TNMAR05.SPD,JXUS,Havstrand,2005_1002,1,1,TRUE,0,NA
2005,BlkvProj,TNMAR05.SPD,JXUS,Havstrand,2005_1003,1,1,TRUE,0,NA
2005,BlkvProj,TNMAR05.SPD,JXUS,Havstrand,2005_1004,1,1,TRUE,0,NA
2005,BlkvProj,TNMAR05.SPD,JXUS,Havstrand,2005_1005,1,1,TRUE,0,NA
2005,BlkvProj,TNMAR05.SPD,JXUS,Havstrand,2005_1006,1,1,TRUE,0,NA
2005,BlkvProj,TNMAR05.SPD,JXUS,Havstrand,2005_1007,1,1,TRUE,0,NA
2005,BlkvProj,TNMAR05.SPD,JXUS,Havstrand,2005_1008,1,1,TRUE,0,NA
2005,BlkvProj,TNMAR05.SPD,JXUS,Havstrand,2005_1009,1,1,TRUE,0,NA
2005,BlkvProj,TNMAR05.SPD,JXUS,Havstrand,2005_1010,1,1,TRUE,0,NA
2005,BlkvProj,TNMAR05.SPD,JXUS,Havstrand,2005_1011,1,1,TRUE,0,NA
2005,BlkvProj,TNMAR05.SPD,JXUS,Havstrand,2005_1012,1,1,TRUE,0,NA
2005,BlkvProj,TNMAR05.SPD,JXUS,Havstrand,2005_1013,1,1,TRUE,0,NA
2005,BlkvProj,TNMAR05.SPD,JXUS,Havstrand,2005_1014,1,1,TRUE,0,NA
2005,BlkvProj,TNMAR05.SPD,JXUS,Havstrand,2005_1015,1,1,TRUE,0,NA
2005,BlkvProj,TNMAR05.SPD,JXUS,Havstrand,2005_1016,1,1,TRUE,0,NA
2005,BlkvProj,TNMAR05.SPD,JXUS,Havstrand,2005_1017,1,1,TRUE,0,NA
2005,BlkvProj,TNMAR05.SPD,JXUS,Havstrand,2005_1018,1,1,TRUE,0,NA
2005,BlkvProj,TNMAR05.SPD,JXUS,Havstrand,2005_1019,1,1,TRUE,0,NA
2005,BlkvProj,TNMAR05.SPD,JXUS,Havstrand,2005_1020,1,1,TRUE,0,NA
2005,BlkvProj,TNMAR05.SPD,JXUS,Havstrand,2005_1021,1,1,TRUE,0,NA
2005,BlkvProj,TNMAR05.SPD,JXUS,Havstrand,2005_1022,1,1,TRUE,0,NA
2005,BlkvProj,TNMAR05.SPD,JXUS,Havstrand,2005_1023,1,1,TRUE,0,NA
2005,BlkvProj,TNMAR05.SPD,JXUS,Havstrand,2005_1024,1,1,TRUE,0,NA
2005,BlkvProj,TNMAR05.SPD,JXUS,Havstrand,2005_1025,1,1,TRUE,0,NA
2005,BlkvProj,TNMAR05.SPD,JXUS,Havstrand,2005_1026,1,1,TRUE,0,NA
2005,BlkvProj,TNMAR05.SPD,JXUS,Havstrand,2005_1027,1,1,TRUE,0,NA
2005,BlkvProj,TNMAR05.SPD,JXUS,Havstrand,2005_1028,1,1,TRUE,0,NA
2005,BlkvProj,TNMAR05.SPD,JXUS,Havstrand,2005_1029,1,1,TRUE,0,NA
2005,BlkvProj,TNMAR05.SPD,JXUS,Havstrand,2005_1030,1,1,TRUE,0,NA
2005,BlkvProj,TNMAR05.SPD,JXUS,Havstrand,2005_1031,1,1,TRUE,0,NA
2005,BlkvProj,TNMAR05.SPD,JXUS,Havstrand,2005_1032,1,1,TRUE,0,NA
2005,BlkvProj,TNMAR05.SPD,JXUS,Havstrand,2005_1033,1,1,TRUE,0,NA
2005,BlkvProj,TNMAR05.SPD,JXUS,Havstrand,2005_1034,1,1,TRUE,0,NA
2005,BlkvProj,TNMAR05.SPD,JXUS,Havstrand,2005_1035,1,1,TRUE,0,NA
2005,BlkvProj,TNMAR05.SPD,JXUS,Havstrand,2005_1036,1,1,TRUE,0,NA
2005,BlkvProj,TNMAR05.SPD,JXUS,Havstrand,2005_1037,1,1,TRUE,0,NA
2005,BlkvProj,TNMAR05.SPD,JXUS,Havstrand,2005_1038,1,1,TRUE,0,NA
2005,BlkvProj,TNMAR05.SPD,JXUS,Havstrand,2005_1039,1,1,TRUE,0,NA
2005,BlkvProj,TNMAR05.SPD,JXUS,Havstrand,2005_1040,1,1,TRUE,0,NA
2005,BlkvProj,TNMAR05.SPD,JXUS,Havstrand,2005_1041,1,1,TRUE,0,NA
2005,BlkvProj,TNMAR05.SPD,JXUS,Havstrand,2005_1042,1,1,TRUE,0,NA
2005,BlkvProj,TNMAR05.SPD,JXUS,Havstrand,2005_1043,1,1,TRUE,0,NA
2005,BlkvProj,TNMAR05.SPD,JXUS,Havstrand,2005_1044,1,1,TRUE,0,NA
2005,BlkvProj,TNMAR05.SPD,JXUS,Havstrand,2005_1045,1,1,TRUE,0,NA
2005,BlkvProj,TNMAR05.SPD,JXUS,Havstrand,2005_1046,1,1,TRUE,0,NA
2005,BlkvProj,TNMAR05.SPD,JXUS,Havstrand,2005_1047,1,1,TRUE,0,NA
2005,BlkvProj,TNMAR05.SPD,JXUS,Havstrand,2005_1048,1,1,TRUE,0,NA
2005,BlkvProj,TNMAR05.SPD,JXUS,Havstrand,2005_1049,1,1,TRUE,0,NA
2005,BlkvProj,TNMAR05.SPD,JXUS,Havstrand,2005_1050,1,1,TRUE,0,NA
2005,BlkvProj,TNMAR05.SPD,JXUS,Havstrand,2005_1051,1,1,TRUE,0,NA
2005,BlkvProj,TNMAR05.SPD,JXUS,Havstrand,2005_1052,1,1,TRUE,0,NA
2005,BlkvProj,TNMAR05.SPD,JXUS,Havstrand,2005_1053,1,1,TRUE,0,NA
2005,BlkvProj,TNMAR05.SPD,JXUS,Havstrand,2005_1054,1,1,TRUE,0,NA
2005,BlkvProj,TNMAR05.SPD,JXUS,Havstrand,2005_1055,1,1,TRUE,0,NA
2005,BlkvProj,TNMAR05.SPD,JXUS,Havstrand,2005_1056,1,1,TRUE,0,NA
2005,BlkvProj,TNMAR05.SPD,JXUS,Havstrand,2005_1057,1,1,TRUE,0,NA
2005,BlkvProj,TNMAR05.SPD,JXUS,Havstrand,2005_1058,1,1,TRUE,0,NA
2005,BlkvProj,TNMAR05.SPD,JXUS,Havstrand,2005_1059,1,1,TRUE,0,NA
2005,BlkvProj,TNMAR05.SPD,JXUS,Havstrand,2005_1060,1,1,TRUE,0,NA
2005,BlkvProj,TNMAR05.SPD,JXUS,Havstrand,2005_1061,1,1,TRUE,0,NA
2005,BlkvProj,TNMAR05.SPD,JXUS,Havstrand,2005_1062,1,1,TRUE,0,NA
2005,BlkvProj,TNMAR05.SPD,JXUS,Havstrand,2005_1063,1,1,TRUE,0,NA
2005,BlkvProj,TNMAR05.SPD,JXUS,Havstrand,2005_1064,1,1,TRUE,0,NA
2005,BlkvProj,TNMAR05.SPD,JXUS,Havstrand,2005_1065,1,1,TRUE,0,NA
2005,BlkvProj,TNMAR05.SPD,JXUS,Havstrand,2005_1066,1,1,TRUE,0,NA
2005,BlkvProj,TNMAR05.SPD,JXUS,Havstrand,2005_1067,1,1,TRUE,0,NA
2005,BlkvProj,TNMAR05.SPD,JXUS,Havstrand,2005_1068,1,1,TRUE,0,NA
2005,BlkvProj,TNMAR05.SPD,JXUS,Havstrand,2005_1069,1,1,TRUE,0,NA
2005,BlkvProj,TNMAR05.SPD,JXUS,Havstrand,2005_1070,1,1,TRUE,0,NA
2005,BlkvProj,TNMAR05.SPD,JXUS,Havstrand,2005_1071,1,1,TRUE,0,NA
2005,BlkvProj,TNMAR05.SPD,JXUS,Havstrand,2005_1072,1,1,TRUE,0,NA
2005,BlkvProj,TNMAR05.SPD,JXUS,Havstrand,2005_1073,1,1,TRUE,0,NA
2005,BlkvProj,TNMAR05.SPD,JXUS,Havstrand,2005_1074,1,1,TRUE,0,NA
2005,BlkvProj,TNMAR05.SPD,JXUS,Havstrand,2005_1075,1,1,TRUE,0,NA
2005,BlkvProj,TNMAR05.SPD,JXUS,Havstrand,2005_1076,1,1,TRUE,0,NA
2005,BlkvProj,TNMAR05.SPD,JXUS,Havstrand,2005_1077,1,1,TRUE,0,NA
2005,BlkvProj,TNMAR05.SPD,JXUS,Havstrand,2005_1078,1,1,TRUE,0,NA
2005,BlkvProj,TNMAR05.SPD,JXUS,Havstrand,2005_1079,1,1,TRUE,0,NA
2005,BlkvProj,TNMAR05.SPD,JXUS,Havstrand,2005_1080,1,1,TRUE,0,NA
2005,BlkvProj,TNMAR05.SPD,JXUS,Havstrand,2005_1081,1,1,TRUE,0,NA
2005,BlkvProj,TNMAR05.SPD,JXUS,Havstrand,2005_1082,1,1,TRUE,0,NA
2005,BlkvProj,TNMAR05.SPD,JXUS,Havstrand,2005_1083,1,1,TRUE,0,NA
2005,BlkvProj,TNMAR05.SPD,JXUS,Havstrand,2005_1084,1,1,TRUE,0,NA
2005,BlkvProj,TNMAR05.SPD,JXUS,Havstrand,2005_1085,1,1,TRUE,0,NA
2005,BlkvProj,TNMAR05.SPD,JXUS,Havstrand,2005_1086,1,1,TRUE,0,NA
2005,BlkvProj,TNMAR05.SPD,JXUS,Havstrand,2005_1087,1,1,TRUE,0,NA
2005,BlkvProj,TNMAR05.SPD,JXUS,Havstrand,2005_1088,1,1,TRUE,0,NA
2005,BlkvProj,TNMAR05.SPD,JXUS,Havstrand,2005_1089,1,1,TRUE,0,NA
2005,BlkvProj,TNMAR05.SPD,JXUS,Havstrand,2005_1090,1,1,TRUE,0,NA
2005,BlkvProj,TNMAR05.SPD,JXUS,Havstrand,2005_1091,1,1,TRUE,0,NA
2005,BlkvProj,TNMAR05.SPD,JXUS,Havstrand,2005_1092,1,1,TRUE,0,NA
2005,BlkvProj,TNMAR05.SPD,JXUS,Havstrand,2005_1093,1,1,TRUE,0,NA
2005,BlkvProj,TNMAR05.SPD,JXUS,Havstrand,2005_1094,1,1,TRUE,0,NA
2005,BlkvProj,TNMAR05.SPD,JXUS,Havstrand,2005_1095,1,1,TRUE,0,NA
2005,BlkvProj,TNMAR05.SPD,JXUS,Havstrand,2005_1096,1,1,TRUE,0,NA
2005,BlkvProj,TNMAR05.SPD,JXUS,Havstrand,2005_1097,1,1,TRUE,0,NA
2005,BlkvProj,TNMAR05.SPD,JXUS,Havstrand,2005_1098,1,1,TRUE,0,NA
2005,BlkvProj,TNMAR05.SPD,JXUS,Havstrand,2005_1099,1,1,TRUE,0,NA
2005,BlkvProj,TNMAR05.SPD,JXUS,Havstrand,2005_1100,1,1,TRUE,0,NA
2005,BlkvProj,TNMAR05.SPD,JXUS,Havstrand,2005_1101,1,1,TRUE,0,NA
2005,BlkvProj,TNMAR05.SPD,JXUS,Havstrand,2005_1102,1,1,TRUE,0,NA
2005,BlkvProj,TNMAR05.SPD,JXUS,Havstrand,2005_1103,1,1,TRUE,0,NA
2005,BlkvProj,TNMAR05.SPD,JXUS,Havstrand,2005_1104,1,1,TRUE,0,NA
2005,BlkvProj,TNMAR05.SPD,JXUS,Havstrand,2005_1105,1,1,TRUE,0,NA
2005,BlkvProj,TNMAR05.SPD,JXUS,Havstrand,2005_1106,1,1,TRUE,0,NA
2005,BlkvProj,TNMAR05.SPD,JXUS,Havstrand,2005_1107,1,1,TRUE,0,NA
2005,BlkvProj,TNMAR05.SPD,JXUS,Havstrand,2005_1108,1,1,TRUE,0,NA
2005,BlkvProj,TNMAR05.SPD,JXUS,Havstrand,2005_1109,1,1,TRUE,0,NA
2005,BlkvProj,TNMAR05.SPD,JXUS,Havstrand,2005_1110,1,1,TRUE,0,NA
2005,BlkvProj,TNMAR05.SPD,JXUS,Havstrand,2005_1111,1,1,TRUE,0,NA
2005,BlkvProj,TNMAR05.SPD,JXUS,Havstrand,2005_1112,1,1,TRUE,0,NA
2005,BlkvProj,TNMAR05.SPD,JXUS,Havstrand,2005_1113,1,1,TRUE,0,NA
2005,BlkvProj,TNMAR05.SPD,JXUS,Havstrand,2005_1114,1,1,TRUE,0,NA
2005,BlkvProj,TNMAR05.SPD,JXUS,Havstrand,2005_1115,1,1,TRUE,0,NA
2005,BlkvProj,TNMAR05.SPD,JXUS,Havstrand,2005_1116,1,1,TRUE,0,NA
2005,BlkvProj,TNMAR05.SPD,JXUS,Havstrand,2005_1117,1,1,TRUE,0,NA
2005,BlkvProj,TNMAR05.SPD,JXUS,Havstrand,2005_1118,1,1,TRUE,0,NA
2005,BlkvProj,TNMAR05.SPD,JXUS,Havstrand,2005_1119,1,1,TRUE,0,NA
2005,BlkvProj,TNMAR05.SPD,JXUS,Havstrand,2005_1120,1,1,TRUE,0,NA
2005,BlkvProj,TNMAR05.SPD,JXUS,Havstrand,2005_1121,1,1,TRUE,0,NA
2005,BlkvProj,TNMAR05.SPD,JXUS,Havstrand,2005_1122,1,1,TRUE,0,NA
2005,BlkvProj,TNMAR05.SPD,JXUS,Havstrand,2005_1123,1,1,TRUE,0,NA
2005,BlkvProj,TNMAR05.SPD,JXUS,Havstrand,2005_1124,1,1,TRUE,0,NA
2005,BlkvProj,TNMAR05.SPD,JXUS,Havstrand,2005_1125,1,1,TRUE,0,NA
2005,BlkvProj,TNMAR05.SPD,JXUS,Havstrand,2005_1126,1,1,TRUE,0,NA
2005,BlkvProj,TNMAR05.SPD,JXUS,Havstrand,2005_1127,1,1,TRUE,0,NA
2005,BlkvProj,TNMAR05.SPD,JXUS,Havstrand,2005_1128,1,1,TRUE,0,NA
2005,BlkvProj,TNMAR05.SPD,JXUS,Havstrand,2005_1129,1,1,TRUE,0,NA
2005,BlkvProj,TNMAR05.SPD,JXUS,Havstrand,2005_1130,1,1,TRUE,0,NA
2005,BlkvProj,TNMAR05.SPD,JXUS,Havstrand,2005_1131,1,1,TRUE,0,NA
2005,BlkvProj,TNMAR05.SPD,JXUS,Havstrand,2005_1132,1,1,TRUE,0,NA
2005,BlkvProj,TNMAR05.SPD,JXUS,Havstrand,2005_1133,1,1,TRUE,0,NA
2005,BlkvProj,TNMAR05.SPD,JXUS,Havstrand,2005_1134,1,1,TRUE,0,NA
2005,BlkvProj,TNMAR05.SPD,JXUS,Havstrand,2005_1135,1,1,TRUE,0,NA
2005,BlkvProj,TNMAR05.SPD,JXUS,Havstrand,2005_1136,1,1,TRUE,0,NA
2005,BlkvProj,TNMAR05.SPD,JXUS,Havstrand,2005_1137,1,1,TRUE,0,NA
2005,BlkvProj,TNMAR05.SPD,JXUS,Havstrand,2005_1138,1,1,TRUE,0,NA
2005,BlkvProj,TNMAR05.SPD,JXUS,Havstrand,2005_1139,1,1,TRUE,0,NA
2005,BlkvProj,TNMAR05.SPD,JXUS,Havstrand,2005_1140,1,1,TRUE,0,NA
2005,BlkvProj,TNMAR05.SPD,JXUS,Havstrand,2005_1141,1,1,TRUE,0,NA
2005,BlkvProj,TNMAR05.SPD,JXUS,Havstrand,2005_1142,1,1,TRUE,0,NA
2005,BlkvProj,TNMAR05.SPD,JXUS,Havstrand,2005_1143,1,1,TRUE,0,NA
2005,BlkvProj,TNMAR05.SPD,JXUS,Havstrand,2005_1144,1,1,TRUE,0,NA
2005,BlkvProj,TNMAR05.SPD,JXUS,Havstrand,2005_1145,1,1,TRUE,0,NA
2005,BlkvProj,TNMAR05.SPD,JXUS,Havstrand,2005_1146,1,1,TRUE,0,NA
2005,BlkvProj,TNMAR05.SPD,JXUS,Havstrand,2005_1147,1,1,TRUE,0,NA
2005,BlkvProj,TNMAR05.SPD,JXUS,Havstrand,2005_1148,1,1,TRUE,0,NA
2005,BlkvProj,TNMAR05.SPD,JXUS,Havstrand,2005_1149,1,1,TRUE,0,NA
2005,BlkvProj,TNMAR05.SPD,JXUS,Havstrand,2005_1150,1,1,TRUE,0,NA
2005,BlkvProj,TNMAR05.SPD,JXUS,Havstrand,2005_1151,1,1,TRUE,0,NA
2005,BlkvProj,TNMAR05.SPD,JXUS,Havstrand,2005_1152,1,1,TRUE,0,NA
2005,BlkvProj,TNMAR05.SPD,JXUS,Havstrand,2005_1153,1,1,TRUE,0,NA
2005,BlkvProj,TNMAR05.SPD,JXUS,Havstrand,2005_1154,1,1,TRUE,0,NA
2005,BlkvProj,TNMAR05.SPD,JXUS,Havstrand,2005_1155,1,1,TRUE,0,NA
2005,BlkvProj,TNMAR05.SPD,JXUS,Havstrand,2005_1156,1,1,TRUE,0,NA
2005,BlkvProj,TNMAR05.SPD,JXUS,Havstrand,2005_1157,1,1,TRUE,0,NA
2005,BlkvProj,TNMAR05.SPD,JXUS,Havstrand,2005_1158,1,1,TRUE,0,NA
2005,BlkvProj,TNMAR05.SPD,JXUS,Havstrand,2005_1159,1,1,TRUE,0,NA
2005,BlkvProj,TNMAR05.SPD,JXUS,Havstrand,2005_1440,1,1,TRUE,0,NA
2005,BlkvProj,TNMAR05.SPD,JXUS,Havstrand,2005_1441,1,1,TRUE,0,NA
2005,BlkvProj,TNMAR05.SPD,JXUS,Havstrand,2005_1442,1,1,TRUE,0,NA
2005,BlkvProj,TNMAR05.SPD,JXUS,Havstrand,2005_1443,1,1,TRUE,0,NA
2005,BlkvProj,TNMAR05.SPD,JXUS,Havstrand,2005_1444,1,1,TRUE,0,NA
2005,BlkvProj,TNMAR05.SPD,JXUS,Havstrand,2005_1445,1,1,TRUE,0,NA
2005,BlkvProj,TNMAR05.SPD,JXUS,Havstrand,2005_1446,1,1,TRUE,0,NA
2005,BlkvProj,TNMAR05.SPD,JXUS,Havstrand,2005_1447,1,1,TRUE,0,NA
2005,BlkvProj,TNMAR05.SPD,JXUS,Havstrand,2005_1448,1,1,TRUE,0,NA
2005,BlkvProj,TNMAR05.SPD,JXUS,Havstrand,2005_1449,1,1,TRUE,0,NA
2005,BlkvProj,TNMAR05.SPD,JXUS,Havstrand,2005_1450,1,1,TRUE,0,NA
2005,BlkvProj,TNMAR05.SPD,JXUS,Havstrand,2005_1451,1,1,TRUE,0,NA
2005,BlkvProj,TNMAR05.SPD,JXUS,Havstrand,2005_1452,1,1,TRUE,0,NA
2005,BlkvProj,TNMAR05.SPD,JXUS,Havstrand,2005_1453,1,1,TRUE,0,NA
2005,BlkvProj,TNMAR05.SPD,JXUS,Havstrand,2005_1454,1,1,TRUE,0,NA
2005,BlkvProj,TNMAR05.SPD,JXUS,Havstrand,2005_1455,1,1,TRUE,0,NA
2005,BlkvProj,TNMAR05.SPD,JXUS,Havstrand,2005_1456,1,1,TRUE,0,NA
2005,BlkvProj,TNMAR05.SPD,JXUS,Havstrand,2005_1457,1,1,TRUE,0,NA
2005,BlkvProj,TNMAR05.SPD,JXUS,Havstrand,2005_1458,1,1,TRUE,0,NA
2005,BlkvProj,TNMAR05.SPD,JXUS,Havstrand,2005_1459,1,1,TRUE,0,NA
2005,BlkvProj,TNMAR05.SPD,JXUS,Havstrand,2005_1460,1,1,TRUE,0,NA
2005,BlkvProj,TNMAR05.SPD,JXUS,Havstrand,2005_1461,1,1,TRUE,0,NA
2005,BlkvProj,TNMAR05.SPD,JXUS,Havstrand,2005_1462,1,1,TRUE,0,NA
2005,BlkvProj,TNMAR05.SPD,JXUS,Havstrand,2005_1463,1,1,TRUE,0,NA
2005,BlkvProj,TNMAR05.SPD,JXUS,Havstrand,2005_1464,1,1,TRUE,0,NA
2005,BlkvProj,TNMAR05.SPD,JXUS,Havstrand,2005_1465,1,1,TRUE,0,NA
2005,BlkvProj,TNMAR05.SPD,JXUS,Havstrand,2005_1466,1,1,TRUE,0,NA
2005,BlkvProj,TNMAR05.SPD,JXUS,Havstrand,2005_1467,1,1,TRUE,0,NA
2005,BlkvProj,TNMAR05.SPD,JXUS,Havstrand,2005_1468,1,1,TRUE,0,NA
2005,BlkvProj,TNMAR05.SPD,JXUS,Havstrand,2005_1469,1,1,TRUE,0,NA
2005,BlkvProj,TNMAR05.SPD,JXUS,Havstrand,2005_1470,1,1,TRUE,0,NA
2005,BlkvProj,TNMAR05.SPD,JXUS,Havstrand,2005_1471,1,1,TRUE,0,NA
2005,BlkvProj,TNMAR05.SPD,JXUS,Havstrand,2005_1472,1,1,TRUE,0,NA
2005,BlkvProj,TNMAR05.SPD,JXUS,Havstrand,2005_1473,1,1,TRUE,0,NA
2005,BlkvProj,TNMAR05.SPD,JXUS,Havstrand,2005_1474,1,1,TRUE,0,NA
2005,BlkvProj,TNMAR05.SPD,JXUS,Havstrand,2005_1475,1,1,TRUE,0,NA
2005,BlkvProj,TNMAR05.SPD,JXUS,Havstrand,2005_1476,1,1,TRUE,0,NA
2005,BlkvProj,TNMAR05.SPD,JXUS,Havstrand,2005_1477,1,1,TRUE,0,NA
2005,BlkvProj,TNMAR05.SPD,JXUS,Havstrand,2005_1478,1,1,TRUE,0,NA
2005,BlkvProj,TNMAR05.SPD,JXUS,Havstrand,2005_1479,1,1,TRUE,0,NA
2005,BlkvProj,TNMAR05.SPD,JXUS,Havstrand,2005_1480,1,1,TRUE,0,NA
2005,BlkvProj,TNMAR05.SPD,JXUS,Havstrand,2005_1481,1,1,TRUE,0,NA
2005,BlkvProj,TNMAR05.SPD,JXUS,Havstrand,2005_1482,1,1,TRUE,0,NA
2005,BlkvProj,TNMAR05.SPD,JXUS,Havstrand,2005_1483,1,1,TRUE,0,NA
2005,BlkvProj,TNMAR05.SPD,JXUS,Havstrand,2005_1484,1,1,TRUE,0,NA
2005,BlkvProj,TNMAR05.SPD,JXUS,Havstrand,2005_1485,1,1,TRUE,0,NA
2005,BlkvProj,TNMAR05.SPD,JXUS,Havstrand,2005_1486,1,1,TRUE,0,NA
2005,BlkvProj,TNMAR05.SPD,JXUS,Havstrand,2005_1487,1,1,TRUE,0,NA
2005,BlkvProj,TNMAR05.SPD,JXUS,Havstrand,2005_1488,1,1,TRUE,0,NA
2005,BlkvProj,TNMAR05.SPD,JXUS,Havstrand,2005_1489,1,1,TRUE,0,NA
2005,BlkvProj,TNMAR05.SPD,JXUS,Havstrand,2005_1490,1,1,TRUE,0,NA
2005,BlkvProj,TNMAR05.SPD,JXUS,Havstrand,2005_1491,1,1,TRUE,0,NA
2005,BlkvProj,TNMAR05.SPD,JXUS,Havstrand,2005_1492,1,1,TRUE,0,NA
2005,BlkvProj,TNMAR05.SPD,JXUS,Havstrand,2005_1493,1,1,TRUE,0,NA
2005,BlkvProj,TNMAR05.SPD,JXUS,Havstrand,2005_1494,1,1,TRUE,0,NA
2005,BlkvProj,TNMAR05.SPD,JXUS,Havstrand,2005_1495,1,1,TRUE,0,NA
2005,BlkvProj,TNMAR05.SPD,JXUS,Havstrand,2005_1496,1,1,TRUE,0,NA
2005,BlkvProj,TSMAR05.SPD,LAOW,Varegg,2005_1001,1,1,TRUE,0,NA
2005,BlkvProj,TSMAR05.SPD,LAOW,Varegg,2005_1002,1,1,TRUE,0,NA
2005,BlkvProj,TSMAR05.SPD,LAOW,Varegg,2005_1003,1,1,TRUE,0,NA
2005,BlkvProj,TSMAR05.SPD,LAOW,Varegg,2005_1004,1,1,TRUE,0,NA
2005,BlkvProj,TSMAR05.SPD,LAOW,Varegg,2005_1005,1,1,TRUE,0,NA
2005,BlkvProj,TSMAR05.SPD,LAOW,Varegg,2005_1006,1,1,TRUE,0,NA
2005,BlkvProj,TSMAR05.SPD,LAOW,Varegg,2005_1007,1,1,TRUE,0,NA
2005,BlkvProj,TSMAR05.SPD,LAOW,Varegg,2005_1008,1,1,TRUE,0,NA
2005,BlkvProj,TSMAR05.SPD,LAOW,Varegg,2005_1009,1,1,TRUE,0,NA
2005,BlkvProj,TSMAR05.SPD,LAOW,Varegg,2005_1010,1,1,TRUE,0,NA
2005,BlkvProj,TSMAR05.SPD,LAOW,Varegg,2005_1011,1,1,TRUE,0,NA
2005,BlkvProj,TSMAR05.SPD,LAOW,Varegg,2005_1012,1,1,TRUE,0,NA
2005,BlkvProj,TSMAR05.SPD,LAOW,Varegg,2005_1013,1,1,TRUE,0,NA
2005,BlkvProj,TSMAR05.SPD,LAOW,Varegg,2005_1014,1,1,TRUE,0,NA
2005,BlkvProj,TSMAR05.SPD,LAOW,Varegg,2005_1015,1,1,TRUE,0,NA
2005,BlkvProj,TSMAR05.SPD,LAOW,Varegg,2005_1016,1,1,TRUE,0,NA
2005,BlkvProj,TSMAR05.SPD,LAOW,Varegg,2005_1017,1,1,TRUE,0,NA
2005,BlkvProj,TSMAR05.SPD,LAOW,Varegg,2005_1018,1,1,TRUE,0,NA
2005,BlkvProj,TSMAR05.SPD,LAOW,Varegg,2005_1019,1,1,TRUE,0,NA
2005,BlkvProj,TSMAR05.SPD,LAOW,Varegg,2005_1020,1,1,TRUE,0,NA
2005,BlkvProj,TSMAR05.SPD,LAOW,Varegg,2005_1021,1,1,TRUE,0,NA
2005,BlkvProj,TSMAR05.SPD,LAOW,Varegg,2005_1022,1,1,TRUE,0,NA
2005,BlkvProj,TSMAR05.SPD,LAOW,Varegg,2005_1023,1,1,TRUE,0,NA
2005,BlkvProj,TSMAR05.SPD,LAOW,Varegg,2005_1024,1,1,TRUE,0,NA
2005,BlkvProj,TSMAR05.SPD,LAOW,Varegg,2005_1025,1,1,TRUE,0,NA
2005,BlkvProj,TSMAR05.SPD,LAOW,Varegg,2005_1026,1,1,TRUE,0,NA
2005,BlkvProj,TSMAR05.SPD,LAOW,Varegg,2005_1027,1,1,TRUE,0,NA
2005,BlkvProj,TSMAR05.SPD,LAOW,Varegg,2005_1028,1,1,TRUE,0,NA
2005,BlkvProj,TSMAR05.SPD,LAOW,Varegg,2005_1029,1,1,TRUE,0,NA
2005,BlkvProj,TSMAR05.SPD,LAOW,Varegg,2005_1030,1,1,TRUE,0,NA
2005,BlkvProj,TSMAR05.SPD,LAOW,Varegg,2005_1031,1,1,TRUE,0,NA
2005,BlkvProj,TSMAR05.SPD,LAOW,Varegg,2005_1032,1,1,TRUE,0,NA
2005,BlkvProj,TSMAR05.SPD,LAOW,Varegg,2005_1033,1,1,TRUE,0,NA
2005,BlkvProj,TSMAR05.SPD,LAOW,Varegg,2005_1034,1,1,TRUE,0,NA
2005,BlkvProj,TSMAR05.SPD,LAOW,Varegg,2005_1035,1,1,TRUE,0,NA
2005,BlkvProj,TSMAR05.SPD,LAOW,Varegg,2005_1036,1,1,TRUE,0,NA
2005,BlkvProj,TSMAR05.SPD,LAOW,Varegg,2005_1037,1,1,TRUE,0,NA
2005,BlkvProj,TSMAR05.SPD,LAOW,Varegg,2005_1038,1,1,TRUE,0,NA
2005,BlkvProj,TSMAR05.SPD,LAOW,Varegg,2005_1039,1,1,TRUE,0,NA
2005,BlkvProj,TSMAR05.SPD,LAOW,Varegg,2005_1040,1,1,TRUE,0,NA
2005,BlkvProj,TSMAR05.SPD,LAOW,Varegg,2005_1041,1,1,TRUE,0,NA
2005,BlkvProj,TSMAR05.SPD,LAOW,Varegg,2005_1320,1,1,TRUE,0,NA
2005,BlkvProj,TSMAR05.SPD,LAOW,Varegg,2005_1321,1,1,TRUE,0,NA
2005,BlkvProj,TSMAR05.SPD,LAOW,Varegg,2005_1322,1,1,TRUE,0,NA
2005,BlkvProj,TSMAR05.SPD,LAOW,Varegg,2005_1323,1,1,TRUE,0,NA
2005,BlkvProj,TSMAR05.SPD,LAOW,Varegg,2005_1324,1,1,TRUE,0,NA
2005,BlkvProj,TSMAR05.SPD,LAOW,Varegg,2005_1325,1,1,TRUE,0,NA
2005,BlkvProj,TSMAR05.SPD,LAOW,Varegg,2005_1326,1,1,TRUE,0,NA
2005,BlkvProj,TSMAR05.SPD,LAOW,Varegg,2005_1327,1,1,TRUE,0,NA
2005,BlkvProj,TSMAR05.SPD,LAOW,Varegg,2005_1328,1,1,TRUE,0,NA
2005,BlkvProj,TSMAR05.SPD,LAOW,Varegg,2005_1329,1,1,TRUE,0,NA
2005,BlkvProj,TSMAR05.SPD,LAOW,Varegg,2005_1330,1,1,TRUE,0,NA
2005,BlkvProj,TSMAR05.SPD,LAOW,Varegg,2005_1331,1,1,TRUE,0,NA
2005,BlkvProj,TSMAR05.SPD,LAOW,Varegg,2005_1332,1,1,TRUE,0,NA
2005,BlkvProj,TSMAR05.SPD,LAOW,Varegg,2005_1333,1,1,TRUE,0,NA
2005,BlkvProj,TSMAR05.SPD,LAOW,Varegg,2005_1334,1,1,TRUE,0,NA
2005,BlkvProj,TSMAR05.SPD,LAOW,Varegg,2005_1335,1,1,TRUE,0,NA
2005,BlkvProj,TSMAR05.SPD,LAOW,Varegg,2005_1336,1,1,TRUE,0,NA
2005,BlkvProj,TSMAR05.SPD,LAOW,Varegg,2005_1337,1,1,TRUE,0,NA
2005,BlkvProj,TSMAR05.SPD,LAOW,Varegg,2005_1338,1,1,TRUE,0,NA
2005,BlkvProj,TSMAR05.SPD,LAOW,Varegg,2005_1339,1,1,TRUE,0,NA
2005,BlkvProj,TSMAR05.SPD,LAOW,Varegg,2005_1340,1,1,TRUE,0,NA
2005,BlkvProj,TSMAR05.SPD,LAOW,Varegg,2005_1341,1,1,TRUE,0,NA
2005,BlkvProj,TSMAR05.SPD,LAOW,Varegg,2005_1342,1,1,TRUE,0,NA
2005,BlkvProj,TSMAR05.SPD,LAOW,Varegg,2005_1343,1,1,TRUE,0,NA
2005,BlkvProj,TSMAR05.SPD,LAOW,Varegg,2005_1344,1,1,TRUE,0,NA
2005,BlkvProj,TSMAR05.SPD,LAOW,Varegg,2005_1345,1,1,TRUE,0,NA
2005,BlkvProj,TSMAR05.SPD,LAOW,Varegg,2005_1346,1,1,TRUE,0,NA
2005,BlkvProj,TSMAR05.SPD,LAOW,Varegg,2005_1347,1,1,TRUE,0,NA
2005,BlkvProj,TSMAR05.SPD,LAOW,Varegg,2005_1348,1,1,TRUE,0,NA
2005,BlkvProj,TSMAR05.SPD,LAOW,Varegg,2005_1349,1,1,TRUE,0,NA
2005,BlkvProj,TSMAR05.SPD,LAOW,Varegg,2005_1350,1,1,TRUE,0,NA
2005,BlkvProj,TSMAR05.SPD,LAOW,Varegg,2005_1351,1,1,TRUE,0,NA
2005,BlkvProj,TSMAR05.SPD,LAOW,Varegg,2005_1352,1,1,TRUE,0,NA
2005,BlkvProj,TSMAR05.SPD,LAOW,Varegg,2005_1353,1,1,TRUE,0,NA
2005,BlkvProj,TSMAR05.SPD,LAOW,Varegg,2005_1354,1,1,TRUE,0,NA
2005,BlkvProj,TSMAR05.SPD,LAOW,Varegg,2005_1355,1,1,TRUE,0,NA
2005,BlkvProj,TSMAR05.SPD,LAOW,Varegg,2005_1356,1,1,TRUE,0,NA
2005,BlkvProj,TSMAR05.SPD,LAOW,Varegg,2005_1357,1,1,TRUE,0,NA
2005,BlkvProj,TSMAR05.SPD,LAOW,Varegg,2005_1358,1,1,TRUE,0,NA
2005,BlkvProj,TSMAR05.SPD,LAOW,Varegg,2005_1359,1,1,TRUE,0,NA
2005,BlkvProj,TSMAR05.SPD,LAOW,Varegg,2005_1360,1,1,TRUE,0,NA
2005,BlkvProj,TSMAR05.SPD,LAOW,Varegg,2005_1361,1,1,TRUE,0,NA
2005,BlkvProj,TSMAR05.SPD,LAOW,Varegg,2005_1362,1,1,TRUE,0,NA
2005,BlkvProj,TSMAR05.SPD,LAOW,Varegg,2005_1363,1,1,TRUE,0,NA
2005,BlkvProj,TSMAR05.SPD,LAOW,Varegg,2005_1364,1,1,TRUE,0,NA
2005,BlkvProj,TSMAR05.SPD,LAOW,Varegg,2005_1365,1,1,TRUE,0,NA
2005,BlkvProj,TSMAR05.SPD,LAOW,Varegg,2005_1366,1,1,TRUE,0,NA
2005,BlkvProj,TSMAR05.SPD,LAOW,Varegg,2005_1367,1,1,TRUE,0,NA
2005,BlkvProj,TSMAR05.SPD,LAOW,Varegg,2005_1368,1,1,TRUE,0,NA
2005,BlkvProj,TSMAR05.SPD,LAOW,Varegg,2005_1369,1,1,TRUE,0,NA
2005,BlkvProj,TSMAR05.SPD,LAOW,Varegg,2005_1370,1,1,TRUE,0,NA
2005,BlkvProj,TSMAR05.SPD,LAOW,Varegg,2005_1371,1,1,TRUE,0,NA
2005,BlkvProj,TSMAR05.SPD,LAOW,Varegg,2005_1372,1,1,TRUE,0,NA
2005,BlkvProj,TSMAR05.SPD,LAOW,Varegg,2005_1373,1,1,TRUE,0,NA
2005,BlkvProj,TSMAR05.SPD,LAOW,Varegg,2005_1374,1,1,TRUE,0,NA
2005,BlkvProj,TSMAR05.SPD,LAOW,Varegg,2005_1375,1,1,TRUE,0,NA
2005,BlkvProj,TSMAR05.SPD,LAOW,Varegg,2005_1376,1,1,TRUE,0,NA
2005,BlkvProj,TSMAR05.SPD,LAOW,Varegg,2005_1377,1,1,TRUE,0,NA
2005,BlkvProj,TSMAR05.SPD,LAOW,Varegg,2005_1378,1,1,TRUE,0,NA
2005,BlkvProj,TSMAR05.SPD,LAOW,Varegg,2005_1379,1,1,TRUE,0,NA
2005,BlkvProj,TSMAR05.SPD,LAOW,Varegg,2005_1380,1,1,TRUE,0,NA
2005,BlkvProj,TSMAR05.SPD,LAOW,Varegg,2005_1381,1,1,TRUE,0,NA
2005,BlkvProj,TSMAR05.SPD,LAOW,Varegg,2005_1382,1,1,TRUE,0,NA
2005,BlkvProj,TSMAR05.SPD,LAOW,Varegg,2005_1383,1,1,TRUE,0,NA
2005,BlkvProj,TSMAR05.SPD,LAOW,Varegg,2005_1384,1,1,TRUE,0,NA
2005,BlkvProj,TSMAR05.SPD,LAOW,Varegg,2005_1385,1,1,TRUE,0,NA
2005,BlkvProj,TSMAR05.SPD,LAOW,Varegg,2005_1386,1,1,TRUE,0,NA
2005,BlkvProj,TSMAR05.SPD,LAOW,Varegg,2005_1387,1,1,TRUE,0,NA
2005,BlkvProj,TSMAR05.SPD,LAOW,Varegg,2005_1388,1,1,TRUE,0,NA
2005,BlkvProj,TSMAR05.SPD,LAOW,Varegg,2005_1389,1,1,TRUE,0,NA
2005,BlkvProj,TSMAR05.SPD,LAOW,Varegg,2005_1390,1,1,TRUE,0,NA
2005,BlkvProj,TSMAR05.SPD,LAOW,Varegg,2005_1391,1,1,TRUE,0,NA
2005,BlkvProj,TSMAR05.SPD,LAOW,Varegg,2005_1392,1,1,TRUE,0,NA
2005,BlkvProj,TSMAR05.SPD,LAOW,Varegg,2005_1393,1,1,TRUE,0,NA
2005,BlkvProj,TSMAR05.SPD,LAOW,Varegg,2005_1394,1,1,TRUE,0,NA
2005,BlkvProj,TSMAR05.SPD,LAOW,Varegg,2005_1395,1,1,TRUE,0,NA
2005,BlkvProj,TSMAR05.SPD,LAOW,Varegg,2005_1396,1,1,TRUE,0,NA
2005,BlkvProj,TSMAR05.SPD,LAOW,Varegg,2005_1397,1,1,TRUE,0,NA
2005,BlkvProj,TSMAR05.SPD,LAOW,Varegg,2005_1398,1,1,TRUE,0,NA
2005,BlkvProj,TSMAR05.SPD,LAOW,Varegg,2005_1399,1,1,TRUE,0,NA
2005,BlkvProj,TSMAR05.SPD,LAOW,Varegg,2005_1400,1,1,TRUE,0,NA
2005,BlkvProj,TSMAR05.SPD,LAOW,Varegg,2005_1401,1,1,TRUE,0,NA
2005,BlkvProj,TSMAR05.SPD,LAOW,Varegg,2005_1402,1,1,TRUE,0,NA
2005,BlkvProj,TSMAR05.SPD,LAOW,Varegg,2005_1403,1,1,TRUE,0,NA
2005,BlkvProj,TSMAR05.SPD,LAOW,Varegg,2005_1404,1,1,TRUE,0,NA
2005,BlkvProj,TSMAR05.SPD,LAOW,Varegg,2005_1405,1,1,TRUE,0,NA
2005,BlkvProj,TSMAR05.SPD,LAOW,Varegg,2005_1406,1,1,TRUE,0,NA
2005,BlkvProj,TSMAR05.SPD,LAOW,Varegg,2005_1407,1,1,TRUE,0,NA
2005,BlkvProj,TSMAR05.SPD,LAOW,Varegg,2005_1408,1,1,TRUE,0,NA
2005,BlkvProj,TSMAR05.SPD,LAOW,Varegg,2005_1409,1,1,TRUE,0,NA
2005,BlkvProj,TSMAR05.SPD,LAOW,Varegg,2005_1410,1,1,TRUE,0,NA
2005,BlkvProj,TSMAR05.SPD,LAOW,Varegg,2005_1411,1,1,TRUE,0,NA
2005,BlkvProj,TSMAR05.SPD,LAOW,Varegg,2005_1412,1,1,TRUE,0,NA
2005,BlkvProj,TSMAR05.SPD,LAOW,Varegg,2005_1413,1,1,TRUE,0,NA
2005,BlkvProj,TSMAR05.SPD,LAOW,Varegg,2005_1414,1,1,TRUE,0,NA
2005,BlkvProj,TSMAR05.SPD,LAOW,Varegg,2005_1415,1,1,TRUE,0,NA
2005,BlkvProj,TSMAR05.SPD,LAOW,Varegg,2005_1416,1,1,TRUE,0,NA
2005,BlkvProj,TSMAR05.SPD,LAOW,Varegg,2005_1417,1,1,TRUE,0,NA
2005,BlkvProj,TSMAR05.SPD,LAOW,Varegg,2005_1418,1,1,TRUE,0,NA
2005,BlkvProj,TSMAR05.SPD,LAOW,Varegg,2005_1419,1,1,TRUE,0,NA
2005,BlkvProj,TSMAR05.SPD,LAOW,Varegg,2005_1420,1,1,TRUE,0,NA
2005,BlkvProj,TSMAR05.SPD,LAOW,Varegg,2005_1421,1,1,TRUE,0,NA
2005,BlkvProj,TSMAR05.SPD,LAOW,Varegg,2005_1422,1,1,TRUE,0,NA
2005,BlkvProj,TSMAR05.SPD,LAOW,Varegg,2005_1423,1,1,TRUE,0,NA
2005,BlkvProj,TSMAR05.SPD,LAOW,Varegg,2005_1424,1,1,TRUE,0,NA
2005,BlkvProj,TSMAR05.SPD,LAOW,Varegg,2005_1425,1,1,TRUE,0,NA
2005,BlkvProj,TSMAR05.SPD,LAOW,Varegg,2005_1426,1,1,TRUE,0,NA
2005,BlkvProj,TSMAR05.SPD,LAOW,Varegg,2005_1427,1,1,TRUE,0,NA
2005,BlkvProj,TSMAR05.SPD,LAOW,Varegg,2005_1428,1,1,TRUE,0,NA
2005,BlkvProj,TSMAR05.SPD,LAOW,Varegg,2005_1429,1,1,TRUE,0,NA
2005,BlkvProj,TSMAR05.SPD,LAOW,Varegg,2005_1430,1,1,TRUE,0,NA
2005,BlkvProj,TSMAR05.SPD,LAOW,Varegg,2005_1431,1,1,TRUE,0,NA
2005,BlkvProj,TSMAR05.SPD,LAOW,Varegg,2005_1432,1,1,TRUE,0,NA
2005,BlkvProj,TSMAR05.SPD,LAOW,Varegg,2005_1433,1,1,TRUE,0,NA
2005,BlkvProj,TSMAR05.SPD,LAOW,Varegg,2005_1434,1,1,TRUE,0,NA
2005,BlkvProj,TSMAR05.SPD,LAOW,Varegg,2005_1435,1,1,TRUE,0,NA
2005,BlkvProj,TSMAR05.SPD,LAOW,Varegg,2005_1436,1,1,TRUE,0,NA
2005,BlkvProj,TSMAR05.SPD,LAOW,Varegg,2005_1437,1,1,TRUE,0,NA
2005,BlkvProj,TSMAR05.SPD,LAOW,Varegg,2005_1438,1,1,TRUE,0,NA
2005,BlkvProj,TSMAR05.SPD,LAOW,Varegg,2005_1439,1,1,TRUE,0,NA
2005,BlkvProj,TSMAR05.SPD,LAOW,Varegg,2005_1440,1,1,TRUE,0,NA
2005,BlkvProj,TSMAR05.SPD,LAOW,Varegg,2005_1441,1,1,TRUE,0,NA
2005,BlkvProj,TSMAR05.SPD,LAOW,Varegg,2005_1442,1,1,TRUE,0,NA
2005,BlkvProj,TSMAR05.SPD,LAOW,Varegg,2005_1443,1,1,TRUE,0,NA
2005,BlkvProj,TSMAR05.SPD,LAOW,Varegg,2005_1444,1,1,TRUE,0,NA
2005,BlkvProj,TSMAR05.SPD,LAOW,Varegg,2005_1445,1,1,TRUE,0,NA
2005,BlkvProj,TSMAR05.SPD,LAOW,Varegg,2005_1446,1,1,TRUE,0,NA
2005,BlkvProj,TSMAR05.SPD,LAOW,Varegg,2005_1447,1,1,TRUE,0,NA
2005,BlkvProj,TSMAR05.SPD,LAOW,Varegg,2005_1448,1,1,TRUE,0,NA
2005,BlkvProj,TSMAR05.SPD,LAOW,Varegg,2005_1449,1,1,TRUE,0,NA
2005,BlkvProj,TSMAR05.SPD,LAOW,Varegg,2005_1450,1,1,TRUE,0,NA
2005,BlkvProj,TSMAR05.SPD,LAOW,Varegg,2005_1451,1,1,TRUE,0,NA
2005,BlkvProj,TSMAR05.SPD,LAOW,Varegg,2005_1452,1,1,TRUE,0,NA
2005,BlkvProj,TSMAR05.SPD,LAOW,Varegg,2005_1453,1,1,TRUE,0,NA
2005,BlkvProj,TSMAR05.SPD,LAOW,Varegg,2005_1454,1,1,TRUE,0,NA
2005,BlkvProj,TSMAR05.SPD,LAOW,Varegg,2005_1455,1,1,TRUE,0,NA
2005,BlkvProj,TSMAR05.SPD,LAOW,Varegg,2005_1456,1,1,TRUE,0,NA
2005,BlkvProj,TSMAR05.SPD,LAOW,Varegg,2005_1457,1,1,TRUE,0,NA
2005,BlkvProj,TSMAR05.SPD,LAOW,Varegg,2005_1458,1,1,TRUE,0,NA
2005,BlkvProj,TSMAR05.SPD,LAOW,Varegg,2005_1459,1,1,TRUE,0,NA
2005,BlkvProj,TSMAR05.SPD,LAOW,Varegg,2005_1460,1,1,TRUE,0,NA
2005,BlkvProj,TSMAR05.SPD,LAOW,Varegg,2005_1461,1,1,TRUE,0,NA
2005,BlkvProj,TSMAR05.SPD,LAOW,Varegg,2005_1462,1,1,TRUE,0,NA
2005,BlkvProj,TSMAR05.SPD,LAOW,Varegg,2005_1463,1,1,TRUE,0,NA
2005,BlkvProj,TSMAR05.SPD,LAOW,Varegg,2005_1464,1,1,TRUE,0,NA
2005,BlkvProj,TSMAR05.SPD,LAOW,Varegg,2005_1465,1,1,TRUE,0,NA
2005,BlkvProj,TSMAR05.SPD,LAOW,Varegg,2005_1466,1,1,TRUE,0,NA
2005,BlkvProj,TSMAR05.SPD,LAOW,Varegg,2005_1467,1,1,TRUE,0,NA
2005,BlkvProj,TSMAR05.SPD,LAOW,Varegg,2005_1468,1,1,TRUE,0,NA
2005,BlkvProj,TSMAR05.SPD,LAOW,Varegg,2005_1469,1,1,TRUE,0,NA
2005,BlkvProj,TSMAR05.SPD,LAOW,Varegg,2005_1470,1,1,TRUE,0,NA
2005,BlkvProj,TSMAR05.SPD,LAOW,Varegg,2005_1471,1,1,TRUE,0,NA
2005,BlkvProj,TSMAR05.SPD,LAOW,Varegg,2005_1472,1,1,TRUE,0,NA
2005,BlkvProj,TSMAR05.SPD,LAOW,Varegg,2005_1473,1,1,TRUE,0,NA
2005,BlkvProj,TSMAR05.SPD,LAOW,Varegg,2005_1474,1,1,TRUE,0,NA
2005,BlkvProj,TSMAR05.SPD,LAOW,Varegg,2005_1475,1,1,TRUE,0,NA
2005,BlkvProj,TSMAR05.SPD,LAOW,Varegg,2005_1476,1,1,TRUE,0,NA
2005,BlkvProj,TSMAR05.SPD,LAOW,Varegg,2005_1477,1,1,TRUE,0,NA
2005,BlkvProj,TSMAR05.SPD,LAOW,Varegg,2005_1478,1,1,TRUE,0,NA
2005,BlkvProj,TSMAR05.SPD,LAOW,Varegg,2005_1479,1,1,TRUE,0,NA
2005,BlkvProj,TSMAR05.SPD,LAOW,Varegg,2005_1480,1,1,TRUE,0,NA
2005,BlkvProj,TSMAR05.SPD,LAOW,Varegg,2005_1481,1,1,TRUE,0,NA
2005,BlkvProj,TSMAR05.SPD,LAOW,Varegg,2005_1482,1,1,TRUE,0,NA
2005,BlkvProj,TSMAR05.SPD,LAOW,Varegg,2005_1483,1,1,TRUE,0,NA
2005,BlkvProj,TSMAR05.SPD,LAOW,Varegg,2005_1484,1,1,TRUE,0,NA
2005,BlkvProj,TSMAR05.SPD,LAOW,Varegg,2005_1485,1,1,TRUE,0,NA
2005,BlkvProj,TSMAR05.SPD,LAOW,Varegg,2005_1486,1,1,TRUE,0,NA
2005,BlkvProj,TSMAR05.SPD,LAOW,Varegg,2005_1487,1,1,TRUE,0,NA
2005,BlkvProj,TSMAR05.SPD,LAOW,Varegg,2005_1488,1,1,TRUE,0,NA
2005,BlkvProj,TSMAR05.SPD,LAOW,Varegg,2005_1489,1,1,TRUE,0,NA
2005,BlkvProj,TSMAR05.SPD,LAOW,Varegg,2005_1490,1,1,TRUE,0,NA
2005,BlkvProj,TSMAR05.SPD,LAOW,Varegg,2005_1491,1,1,TRUE,0,NA
2005,BlkvProj,TSMAR05.SPD,LAOW,Varegg,2005_1492,1,1,TRUE,0,NA
2005,BlkvProj,TSMAR05.SPD,LAOW,Varegg,2005_1493,1,1,TRUE,0,NA
2005,BlkvProj,TSMAR05.SPD,LAOW,Varegg,2005_1494,1,1,TRUE,0,NA
2005,BlkvProj,TSMAR05.SPD,LAOW,Varegg,2005_1495,1,1,TRUE,0,NA
2005,BlkvProj,TSMAR05.SPD,LAOW,Varegg,2005_1496,1,1,TRUE,0,NA
2005,CoastalS,2005212,LDGJ,Johan Hjort,2005_21,53,159,TRUE,0,NA
2005,CoastalS,2005704,LAHV,Jan Mayen,2005_17,82,246,TRUE,0,NA
2005,EcoS,2005111,LMEL,G.O.Sars,2005_10,141,423,FALSE,1,Russian EEZ
2005,EcoS,2005209,LDGJ,Johan Hjort,2005_1,82,246,TRUE,0,NA
2005,EcoS,2005702,LAHV,Jan Mayen,2005_15,106,318,TRUE,0,NA
2005,EcoS,2005703,LAHV,Jan Mayen,2005_16,40,120,FALSE,1,Russian EEZ
2005,EggaN,2005826,JXQN,Brattegg,2005_65,182,546,TRUE,0,NA
2005,Other,2005815,LLRU,Hopen,2005_36,5,15,TRUE,0,NA
2005,WinterS,2005104,LMEL,G.O.Sars,2005_6,109,327,FALSE,1,Russian EEZ
2005,WinterS,2005203,LDGJ,Johan Hjort,2005_4,154,462,FALSE,1,Russian EEZ
2006,BlkvProj,TAUG06.SPD,LAOW,Varegg,2006_1256,1,1,TRUE,0,NA
2006,BlkvProj,TAUG06.SPD,LAOW,Varegg,2006_1257,1,1,TRUE,0,NA
2006,BlkvProj,TAUG06.SPD,LAOW,Varegg,2006_1262,1,1,TRUE,0,NA
2006,BlkvProj,TAUG06.SPD,LAOW,Varegg,2006_1263,1,1,TRUE,0,NA
2006,BlkvProj,TAUG06.SPD,LAOW,Varegg,2006_1264,1,1,TRUE,0,NA
2006,BlkvProj,TAUG06.SPD,LAOW,Varegg,2006_1265,1,1,TRUE,0,NA
2006,CoastalS,2006213,LDGJ,Johan Hjort,2006_12,68,204,TRUE,0,NA
2006,CoastalS,2006705,LAHV,Jan Mayen,2006_19,89,267,TRUE,0,NA
2006,EcoS,2006113,LMEL,G.O.Sars,2006_6,102,306,FALSE,1,Russian EEZ
2006,EcoS,2006211,LDGJ,Johan Hjort,2006_11,113,339,FALSE,1,Russian EEZ
2006,EcoS,2006702,LAHV,Jan Mayen,2006_18,60,180,TRUE,0,NA
2006,EcoS,2006704,LAHV,Jan Mayen,2006_9,83,249,TRUE,0,NA
2006,EggaN,2006806,JXQN,Brattegg,2006_41,192,576,TRUE,0,NA
2006,Other,2006805,LAPQ,Skaregg,2006_107,5,15,TRUE,0,NA
2006,Other,2006805,LMLT,Ramoen,2006_71,5,15,TRUE,0,NA
2006,WinterS,2006103,LMEL,G.O.Sars,2006_14,130,390,FALSE,1,Russian EEZ
2006,WinterS,2006203,LDGJ,Johan Hjort,2006_20,135,405,FALSE,1,Russian EEZ
2007,CoastalS,2007212,LDGJ,Johan Hjort,2007_17,71,213,TRUE,0,NA
2007,CoastalS,2007703,LAHV,Jan Mayen,2007_8,108,324,TRUE,0,NA
2007,EcoS,2007110,LMEL,G.O.Sars,2007_4,111,333,FALSE,1,Russian EEZ
2007,EcoS,2007210,LDGJ,Johan Hjort,2007_16,93,279,FALSE,1,Russian EEZ
2007,EcoS,2007702,LAHV,Jan Mayen,2007_7,89,267,FALSE,1,Russian EEZ
2007,EggaN,2007806,LMLT,Ramoen,2007_23,200,600,TRUE,0,NA
2007,WinterS,2007103,LMEL,G.O.Sars,2007_10,122,366,TRUE,0,NA
2007,WinterS,2007203,LDGJ,Johan Hjort,2007_9,147,441,FALSE,1,Russian EEZ
2008,BlkvProj,2008813.spd,LLNF,Atlantic Viking,2008_1001,1,1,TRUE,0,NA
2008,BlkvProj,2008813.spd,LLNF,Atlantic Viking,2008_1002,1,1,TRUE,0,NA
2008,BlkvProj,2008813.spd,LLNF,Atlantic Viking,2008_1003,1,1,TRUE,0,NA
2008,BlkvProj,2008813.spd,LLNF,Atlantic Viking,2008_1004,1,1,TRUE,0,NA
2008,BlkvProj,2008813.spd,LLNF,Atlantic Viking,2008_1005,1,1,TRUE,0,NA
2008,BlkvProj,2008813.spd,LLNF,Atlantic Viking,2008_1006,1,1,TRUE,0,NA
2008,BlkvProj,2008813.spd,LLNF,Atlantic Viking,2008_1007,1,1,TRUE,0,NA
2008,BlkvProj,2008813.spd,LLNF,Atlantic Viking,2008_1008,1,1,TRUE,0,NA
2008,BlkvProj,2008813.spd,LLNF,Atlantic Viking,2008_1009,1,1,TRUE,0,NA
2008,BlkvProj,2008813.spd,LLNF,Atlantic Viking,2008_1010,1,1,TRUE,0,NA
2008,BlkvProj,2008813.spd,LLNF,Atlantic Viking,2008_1011,1,1,TRUE,0,NA
2008,BlkvProj,2008813.spd,LLNF,Atlantic Viking,2008_1012,1,1,TRUE,0,NA
2008,BlkvProj,2008813.spd,LLNF,Atlantic Viking,2008_1013,1,1,TRUE,0,NA
2008,BlkvProj,2008813.spd,LLNF,Atlantic Viking,2008_1014,1,1,TRUE,0,NA
2008,BlkvProj,2008813.spd,LLNF,Atlantic Viking,2008_1015,1,1,TRUE,0,NA
2008,BlkvProj,2008813.spd,LLNF,Atlantic Viking,2008_1016,1,1,TRUE,0,NA
2008,BlkvProj,2008813.spd,LLNF,Atlantic Viking,2008_1017,1,1,TRUE,0,NA
2008,BlkvProj,2008813.spd,LLNF,Atlantic Viking,2008_1018,1,1,TRUE,0,NA
2008,BlkvProj,2008813.spd,LLNF,Atlantic Viking,2008_1019,1,1,TRUE,0,NA
2008,BlkvProj,2008813.spd,LLNF,Atlantic Viking,2008_1020,1,1,TRUE,0,NA
2008,BlkvProj,2008813.spd,LLNF,Atlantic Viking,2008_1021,1,1,TRUE,0,NA
2008,BlkvProj,2008813.spd,LLNF,Atlantic Viking,2008_1022,1,1,TRUE,0,NA
2008,BlkvProj,2008813.spd,LLNF,Atlantic Viking,2008_1023,1,1,TRUE,0,NA
2008,BlkvProj,2008813.spd,LLNF,Atlantic Viking,2008_1024,1,1,TRUE,0,NA
2008,BlkvProj,2008813.spd,LLNF,Atlantic Viking,2008_1025,1,1,TRUE,0,NA
2008,BlkvProj,2008813.spd,LLNF,Atlantic Viking,2008_1026,1,1,TRUE,0,NA
2008,BlkvProj,2008813.spd,LLNF,Atlantic Viking,2008_1027,1,1,TRUE,0,NA
2008,BlkvProj,2008813.spd,LLNF,Atlantic Viking,2008_1028,1,1,TRUE,0,NA
2008,BlkvProj,2008813.spd,LLNF,Atlantic Viking,2008_1029,1,1,TRUE,0,NA
2008,BlkvProj,2008813.spd,LLNF,Atlantic Viking,2008_1030,1,1,TRUE,0,NA
2008,BlkvProj,2008813.spd,LLNF,Atlantic Viking,2008_1031,1,1,TRUE,0,NA
2008,BlkvProj,2008813.spd,LLNF,Atlantic Viking,2008_1032,1,1,TRUE,0,NA
2008,BlkvProj,2008813.spd,LLNF,Atlantic Viking,2008_1033,1,1,TRUE,0,NA
2008,BlkvProj,2008813.spd,LLNF,Atlantic Viking,2008_1034,1,1,TRUE,0,NA
2008,BlkvProj,2008813.spd,LLNF,Atlantic Viking,2008_1035,1,1,TRUE,0,NA
2008,BlkvProj,2008813.spd,LLNF,Atlantic Viking,2008_1036,1,1,TRUE,0,NA
2008,BlkvProj,2008813.spd,LLNF,Atlantic Viking,2008_1037,1,1,TRUE,0,NA
2008,BlkvProj,2008813.spd,LLNF,Atlantic Viking,2008_1038,1,1,TRUE,0,NA
2008,BlkvProj,2008813.spd,LLNF,Atlantic Viking,2008_1039,1,1,TRUE,0,NA
2008,BlkvProj,2008813.spd,LLNF,Atlantic Viking,2008_1040,1,1,TRUE,0,NA
2008,BlkvProj,2008813.spd,LLNF,Atlantic Viking,2008_1041,1,1,TRUE,0,NA
2008,BlkvProj,2008813.spd,LLNF,Atlantic Viking,2008_1042,1,1,TRUE,0,NA
2008,BlkvProj,2008813.spd,LLNF,Atlantic Viking,2008_1043,1,1,TRUE,0,NA
2008,BlkvProj,2008813.spd,LLNF,Atlantic Viking,2008_1044,1,1,TRUE,0,NA
2008,BlkvProj,2008813.spd,LLNF,Atlantic Viking,2008_1045,1,1,TRUE,0,NA
2008,BlkvProj,2008813.spd,LLNF,Atlantic Viking,2008_1046,1,1,TRUE,0,NA
2008,BlkvProj,2008813.spd,LLNF,Atlantic Viking,2008_1047,1,1,TRUE,0,NA
2008,BlkvProj,2008813.spd,LLNF,Atlantic Viking,2008_1048,1,1,TRUE,0,NA
2008,BlkvProj,2008813.spd,LLNF,Atlantic Viking,2008_1049,1,1,TRUE,0,NA
2008,BlkvProj,2008813.spd,LLNF,Atlantic Viking,2008_1050,1,1,TRUE,0,NA
2008,BlkvProj,2008813.spd,LLNF,Atlantic Viking,2008_1051,1,1,TRUE,0,NA
2008,BlkvProj,2008813.spd,LLNF,Atlantic Viking,2008_1052,1,1,TRUE,0,NA
2008,BlkvProj,2008813.spd,LLNF,Atlantic Viking,2008_1053,1,1,TRUE,0,NA
2008,BlkvProj,2008813.spd,LLNF,Atlantic Viking,2008_1054,1,1,TRUE,0,NA
2008,BlkvProj,2008813.spd,LLNF,Atlantic Viking,2008_1055,1,1,TRUE,0,NA
2008,BlkvProj,2008813.spd,LLNF,Atlantic Viking,2008_1056,1,1,TRUE,0,NA
2008,BlkvProj,2008813.spd,LLNF,Atlantic Viking,2008_1057,1,1,TRUE,0,NA
2008,BlkvProj,2008813.spd,LLNF,Atlantic Viking,2008_1058,1,1,TRUE,0,NA
2008,BlkvProj,2008813.spd,LLNF,Atlantic Viking,2008_1059,1,1,TRUE,0,NA
2008,BlkvProj,2008813.spd,LLNF,Atlantic Viking,2008_1060,1,1,TRUE,0,NA
2008,BlkvProj,2008813.spd,LLNF,Atlantic Viking,2008_1061,1,1,TRUE,0,NA
2008,BlkvProj,2008813.spd,LLNF,Atlantic Viking,2008_1062,1,1,TRUE,0,NA
2008,BlkvProj,2008813.spd,LLNF,Atlantic Viking,2008_1063,1,1,TRUE,0,NA
2008,BlkvProj,2008813.spd,LLNF,Atlantic Viking,2008_1064,1,1,TRUE,0,NA
2008,BlkvProj,2008813.spd,LLNF,Atlantic Viking,2008_1065,1,1,TRUE,0,NA
2008,BlkvProj,2008813.spd,LLNF,Atlantic Viking,2008_1418,1,1,TRUE,0,NA
2008,BlkvProj,2008813.spd,LLNF,Atlantic Viking,2008_1419,1,1,TRUE,0,NA
2008,BlkvProj,2008813.spd,LLNF,Atlantic Viking,2008_1420,1,1,TRUE,0,NA
2008,BlkvProj,2008813.spd,LLNF,Atlantic Viking,2008_1421,1,1,TRUE,0,NA
2008,BlkvProj,2008813.spd,LLNF,Atlantic Viking,2008_1422,1,1,TRUE,0,NA
2008,BlkvProj,2008813.spd,LLNF,Atlantic Viking,2008_1423,1,1,TRUE,0,NA
2008,BlkvProj,2008813.spd,LLNF,Atlantic Viking,2008_1424,1,1,TRUE,0,NA
2008,BlkvProj,2008813.spd,LLNF,Atlantic Viking,2008_1425,1,1,TRUE,0,NA
2008,BlkvProj,2008813.spd,LLNF,Atlantic Viking,2008_1426,1,1,TRUE,0,NA
2008,BlkvProj,2008813.spd,LLNF,Atlantic Viking,2008_1427,1,1,TRUE,0,NA
2008,BlkvProj,2008813.spd,LLNF,Atlantic Viking,2008_1428,1,1,TRUE,0,NA
2008,BlkvProj,2008813.spd,LLNF,Atlantic Viking,2008_1429,1,1,TRUE,0,NA
2008,BlkvProj,2008813.spd,LLNF,Atlantic Viking,2008_1430,1,1,TRUE,0,NA
2008,BlkvProj,2008813.spd,LLNF,Atlantic Viking,2008_1431,1,1,TRUE,0,NA
2008,BlkvProj,2008813.spd,LLNF,Atlantic Viking,2008_1432,1,1,TRUE,0,NA
2008,BlkvProj,2008813.spd,LLNF,Atlantic Viking,2008_1433,1,1,TRUE,0,NA
2008,BlkvProj,2008813.spd,LLNF,Atlantic Viking,2008_1434,1,1,TRUE,0,NA
2008,BlkvProj,2008813.spd,LLNF,Atlantic Viking,2008_1435,1,1,TRUE,0,NA
2008,BlkvProj,2008813.spd,LLNF,Atlantic Viking,2008_1436,1,1,TRUE,0,NA
2008,BlkvProj,2008813.spd,LLNF,Atlantic Viking,2008_1437,1,1,TRUE,0,NA
2008,BlkvProj,2008813.spd,LLNF,Atlantic Viking,2008_1438,1,1,TRUE,0,NA
2008,BlkvProj,2008813.spd,LLNF,Atlantic Viking,2008_1439,1,1,TRUE,0,NA
2008,BlkvProj,2008813.spd,LLNF,Atlantic Viking,2008_1440,1,1,TRUE,0,NA
2008,BlkvProj,2008813.spd,LLNF,Atlantic Viking,2008_1441,1,1,TRUE,0,NA
2008,BlkvProj,2008813.spd,LLNF,Atlantic Viking,2008_1442,1,1,TRUE,0,NA
2008,BlkvProj,2008813.spd,LLNF,Atlantic Viking,2008_1443,1,1,TRUE,0,NA
2008,BlkvProj,2008813.spd,LLNF,Atlantic Viking,2008_1444,1,1,TRUE,0,NA
2008,BlkvProj,2008813.spd,LLNF,Atlantic Viking,2008_1445,1,1,TRUE,0,NA
2008,BlkvProj,2008813.spd,LLNF,Atlantic Viking,2008_1446,1,1,TRUE,0,NA
2008,BlkvProj,2008813.spd,LLNF,Atlantic Viking,2008_1447,1,1,TRUE,0,NA
2008,BlkvProj,2008813.spd,LLNF,Atlantic Viking,2008_1448,1,1,TRUE,0,NA
2008,BlkvProj,2008813.spd,LLNF,Atlantic Viking,2008_1449,1,1,TRUE,0,NA
2008,BlkvProj,2008813.spd,LLNF,Atlantic Viking,2008_1450,1,1,TRUE,0,NA
2008,BlkvProj,2008813.spd,LLNF,Atlantic Viking,2008_1451,1,1,TRUE,0,NA
2008,BlkvProj,2008813.spd,LLNF,Atlantic Viking,2008_1452,1,1,TRUE,0,NA
2008,BlkvProj,2008813.spd,LLNF,Atlantic Viking,2008_1453,1,1,TRUE,0,NA
2008,BlkvProj,2008813.spd,LLNF,Atlantic Viking,2008_1454,1,1,TRUE,0,NA
2008,BlkvProj,2008813.spd,LLNF,Atlantic Viking,2008_1455,1,1,TRUE,0,NA
2008,BlkvProj,2008813.spd,LLNF,Atlantic Viking,2008_1456,1,1,TRUE,0,NA
2008,BlkvProj,2008813.spd,LLNF,Atlantic Viking,2008_1457,1,1,TRUE,0,NA
2008,BlkvProj,2008813.spd,LLNF,Atlantic Viking,2008_1458,1,1,TRUE,0,NA
2008,BlkvProj,2008813.spd,LLNF,Atlantic Viking,2008_1459,1,1,TRUE,0,NA
2008,BlkvProj,2008813.spd,LLNF,Atlantic Viking,2008_1460,1,1,TRUE,0,NA
2008,BlkvProj,2008813.spd,LLNF,Atlantic Viking,2008_1461,1,1,TRUE,0,NA
2008,BlkvProj,2008813.spd,LLNF,Atlantic Viking,2008_1462,1,1,TRUE,0,NA
2008,BlkvProj,2008813.spd,LLNF,Atlantic Viking,2008_1463,1,1,TRUE,0,NA
2008,BlkvProj,2008813.spd,LLNF,Atlantic Viking,2008_1464,1,1,TRUE,0,NA
2008,BlkvProj,2008813.spd,LLNF,Atlantic Viking,2008_1465,1,1,TRUE,0,NA
2008,BlkvProj,2008813.spd,LLNF,Atlantic Viking,2008_1466,1,1,TRUE,0,NA
2008,BlkvProj,2008813.spd,LLNF,Atlantic Viking,2008_1467,1,1,TRUE,0,NA
2008,BlkvProj,2008813.spd,LLNF,Atlantic Viking,2008_1468,1,1,TRUE,0,NA
2008,BlkvProj,2008813.spd,LLNF,Atlantic Viking,2008_1469,1,1,TRUE,0,NA
2008,BlkvProj,2008813.spd,LLNF,Atlantic Viking,2008_1470,1,1,TRUE,0,NA
2008,BlkvProj,2008813.spd,LLNF,Atlantic Viking,2008_1471,1,1,TRUE,0,NA
2008,BlkvProj,2008813.spd,LLNF,Atlantic Viking,2008_1472,1,1,TRUE,0,NA
2008,BlkvProj,2008813.spd,LLNF,Atlantic Viking,2008_1473,1,1,TRUE,0,NA
2008,BlkvProj,2008813.spd,LLNF,Atlantic Viking,2008_1474,1,1,TRUE,0,NA
2008,BlkvProj,2008813.spd,LLNF,Atlantic Viking,2008_1475,1,1,TRUE,0,NA
2008,BlkvProj,2008813.spd,LLNF,Atlantic Viking,2008_1476,1,1,TRUE,0,NA
2008,BlkvProj,2008813.spd,LLNF,Atlantic Viking,2008_1477,1,1,TRUE,0,NA
2008,BlkvProj,2008813.spd,LLNF,Atlantic Viking,2008_1478,1,1,TRUE,0,NA
2008,BlkvProj,2008813.spd,LLNF,Atlantic Viking,2008_1479,1,1,TRUE,0,NA
2008,BlkvProj,2008813.spd,LLNF,Atlantic Viking,2008_1480,1,1,TRUE,0,NA
2008,BlkvProj,2008813.spd,LLNF,Atlantic Viking,2008_1481,1,1,TRUE,0,NA
2008,BlkvProj,2008813.spd,LLNF,Atlantic Viking,2008_1482,1,1,TRUE,0,NA
2008,BlkvProj,2008813.spd,LLNF,Atlantic Viking,2008_1483,1,1,TRUE,0,NA
2008,BlkvProj,2008813.spd,LLNF,Atlantic Viking,2008_1484,1,1,TRUE,0,NA
2008,BlkvProj,2008813.spd,LLNF,Atlantic Viking,2008_1485,1,1,TRUE,0,NA
2008,BlkvProj,2008813.spd,LLNF,Atlantic Viking,2008_1486,1,1,TRUE,0,NA
2008,BlkvProj,2008813.spd,LLNF,Atlantic Viking,2008_1487,1,1,TRUE,0,NA
2008,BlkvProj,2008813.spd,LLNF,Atlantic Viking,2008_1488,1,1,TRUE,0,NA
2008,BlkvProj,2008813.spd,LLNF,Atlantic Viking,2008_1489,1,1,TRUE,0,NA
2008,BlkvProj,2008813.spd,LLNF,Atlantic Viking,2008_1490,1,1,TRUE,0,NA
2008,BlkvProj,2008813.spd,LLNF,Atlantic Viking,2008_1491,1,1,TRUE,0,NA
2008,BlkvProj,2008813.spd,LLNF,Atlantic Viking,2008_1492,1,1,TRUE,0,NA
2008,BlkvProj,2008813.spd,LLNF,Atlantic Viking,2008_1493,1,1,TRUE,0,NA
2008,BlkvProj,2008813.spd,LLNF,Atlantic Viking,2008_1494,1,1,TRUE,0,NA
2008,BlkvProj,2008813.spd,LLNF,Atlantic Viking,2008_1495,1,1,TRUE,0,NA
2008,BlkvProj,2008813.spd,LLNF,Atlantic Viking,2008_1496,1,1,TRUE,0,NA
2008,CoastalS,2008210,LDGJ,Johan Hjort,2008_20,112,336,TRUE,0,NA
2008,CoastalS,2008623,LJIT,Håkon Mosby,2008_11,33,99,TRUE,0,NA
2008,CoastalS,2008705,LAHV,Jan Mayen,2008_16,6,18,TRUE,0,NA
2008,EcoS,2008106,LMEL,G.O.Sars,2008_4,81,243,FALSE,1,Russian EEZ
2008,EcoS,2008208,LDGJ,Johan Hjort,2008_13,40,120,FALSE,1,Russian EEZ
2008,EcoS,2008703,LAHV,Jan Mayen,2008_15,109,327,TRUE,0,NA
2008,EggaN,2008825,LMLT,Ramoen,2008_35,191,573,TRUE,0,NA
2008,WinterS,2008202,LDGJ,Johan Hjort,2008_17,116,348,FALSE,1,Russian EEZ
2008,WinterS,2008701,LAHV,Jan Mayen,2008_7,119,357,TRUE,0,NA
2009,CoastalS,2009209,LDGJ,Johan Hjort,2009_21,69,207,TRUE,0,NA
2009,CoastalS,2009629,LJIT,Håkon Mosby,2009_18,17,51,TRUE,0,NA
2009,CoastalS,2009703,LAHV,Jan Mayen,2009_20,65,195,TRUE,0,NA
2009,CoastalS,2009704,LAHV,Jan Mayen,2009_11,5,15,TRUE,0,NA
2009,EcoS,2009109,LMEL,G.O.Sars,2009_8,32,96,TRUE,0,NA
2009,EcoS,2009208,LDGJ,Johan Hjort,2009_14,85,255,FALSE,1,Russian EEZ
2009,EcoS,2009702,LAHV,Jan Mayen,2009_10,59,177,TRUE,0,NA
2009,EggaN,2009823,LMLT,Ramoen,2009_83,187,561,TRUE,0,NA
2009,EggaS,2009814,LMBG,Atlantic Star,2009_27,41,123,TRUE,0,NA
2009,Other,2009824,LIVA,Eros,2009_238,7,21,TRUE,0,NA
2009,WinterS,2009202,LDGJ,Johan Hjort,2009_12,116,348,TRUE,0,NA
2009,WinterS,2009701,LAHV,Jan Mayen,2009_19,160,480,FALSE,1,Russian EEZ
2010,CoastalS,2010211,LDGJ,Johan Hjort,2010_21,149,447,TRUE,0,NA
2010,CoastalS,2010704,LAHV,Jan Mayen,2010_15,6,18,TRUE,0,NA
2010,EcoS,2010111,LMEL,G.O.Sars,2010_10,49,147,FALSE,1,Russian EEZ
2010,EcoS,2010210,LDGJ,Johan Hjort,2010_20,53,159,FALSE,1,Russian EEZ
2010,EcoS,2010703,LAHV,Jan Mayen,2010_14,41,123,TRUE,0,NA
2010,WinterS,2010202,LDGJ,Johan Hjort,2010_16,145,435,FALSE,1,Russian EEZ
2010,WinterS,2010701,LAHV,Jan Mayen,2010_13,170,510,FALSE,1,Russian EEZ
2011,CoastalS,2011214,LDGJ,Johan Hjort,2011_20,45,135,TRUE,0,NA
2011,CoastalS,2011722,LAHV,Helmer Hanssen,2011_15,92,276,TRUE,0,NA
2011,CoastalS,2011723,LAHV,Helmer Hanssen,2011_9,9,27,TRUE,0,NA
2011,EcoS,2011213,LDGJ,Johan Hjort,2011_12,87,261,TRUE,0,NA
2011,EcoS,2011717,LAHV,Helmer Hanssen,2011_8,60,180,TRUE,0,NA
2011,EcoS,2011830,3YVG,Christina E,2011_32,61,183,TRUE,0,NA
2011,EggaN,2011217,LDGJ,Johan Hjort,2011_13,59,177,TRUE,0,NA
2011,WinterS,2011202,LDGJ,Johan Hjort,2011_10,139,417,TRUE,0,NA
2011,WinterS,2011702,LAHV,Jan Mayen,2011_17,174,522,FALSE,1,Russian EEZ
2012,CoastalS,2012210,LDGJ,Johan Hjort,2012_21,79,237,TRUE,0,NA
2012,CoastalS,2012620,LJIT,Håkon Mosby,2012_15,68,204,TRUE,0,NA
2012,EcoS,2012111,LMEL,G.O.Sars,2012_7,72,216,TRUE,0,NA
2012,EcoS,2012209,LDGJ,Johan Hjort,2012_11,104,312,FALSE,1,Russian EEZ
2012,EcoS,2012845,LAHV,Helmer Hanssen,2012_14,74,222,TRUE,0,NA
2012,EggaS,2012103,LMEL,G.O.Sars,2012_90,42,126,TRUE,0,NA
2012,Other,2012117,LMEL,G.O.Sars,2012_45,19,57,TRUE,0,NA
2012,WinterS,2012839,LAHV,Helmer Hanssen,2012_13,161,483,TRUE,0,NA
2012,WinterS,2012841,LMQI,Libas,2012_50,66,198,TRUE,0,NA
2013,CoastalS,2013210,LDGJ,Johan Hjort,2013_12,58,174,TRUE,0,NA
2013,CoastalS,2013623,LJIT,Håkon Mosby,2013_11,62,186,TRUE,0,NA
2013,CoastalS,2013851,LAHV,Helmer Hanssen,2013_8,10,30,TRUE,0,NA
2013,EcoS,2013111,LMEL,G.O.Sars,2013_6,79,237,TRUE,0,NA
2013,EcoS,2013208,LDGJ,Johan Hjort,2013_18,89,267,TRUE,0,NA
2013,EcoS,2013843,LAHV,Helmer Hanssen,2013_7,66,198,TRUE,0,NA
2013,EggaN,2013113,LMEL,G.O.Sars,2013_3,112,336,TRUE,0,NA
2013,WinterS,2013201,LDGJ,Johan Hjort,2013_13,169,507,FALSE,1,Russian EEZ
2014,CoastalS,2014011,LAHV,Helmer Hanssen,2014_21,8,24,TRUE,0,NA
2014,CoastalS,2014213,LDGJ,Johan Hjort,2014_37,83,249,TRUE,0,NA
2014,CoastalS,2014621,LJIT,Håkon Mosby,2014_26,73,219,TRUE,0,NA
2014,EcoS,2014116,LMEL,G.O.Sars,2014_161,17,51,TRUE,0,NA
2014,EcoS,2014212,LDGJ,Johan Hjort,2014_28,112,336,TRUE,0,NA
2014,EcoS,2014806,LAHV,Helmer Hanssen,2014_11,28,84,TRUE,0,NA
2014,EggaS,2014205,LDGJ,Johan Hjort,2014_29,47,141,TRUE,0,NA
2014,WinterS,2014202,LDGJ,Johan Hjort,2014_32,182,546,FALSE,1,Russian EEZ
2014,WinterS,2014805,LAHV,Helmer Hanssen,2014_22,184,552,TRUE,0,NA
2015,CoastalS,2015211,LDGJ,Johan Hjort,2015_12,74,222,TRUE,0,NA
2015,CoastalS,2015621,LJIT,Håkon Mosby,2015_32,75,225,TRUE,0,NA
2015,CoastalS,2015854,LAHV,Helmer Hanssen,2015_308,8,24,TRUE,0,NA
2015,EcoS,2015114,LMEL,G.O.Sars,2015_311,36,108,TRUE,0,NA
2015,EcoS,2015210,LDGJ,Johan Hjort,2015_17,92,276,TRUE,0,NA
2015,EcoS,2015843,LAHV,Helmer Hanssen,2015_45,25,75,TRUE,0,NA
2015,EggaN,2015115,LMEL,G.O.Sars,2015_38,110,330,TRUE,0,NA
2015,Other,2015203,LDGJ,Johan Hjort,2015_316,1,3,TRUE,0,NA
2015,WinterS,2015202,LDGJ,Johan Hjort,2015_2,197,591,FALSE,1,Russian EEZ
2015,WinterS,2015841,LAHV,Helmer Hanssen,2015_44,125,375,FALSE,1,Russian EEZ
2016,CoastalS,2016210,LDGJ,Johan Hjort,2016_89,81,243,TRUE,0,NA
2016,CoastalS,2016620,LJIT,Håkon Mosby,2016_79,64,192,TRUE,0,NA
2016,EcoS,2016209,LDGJ,Johan Hjort,2016_85,124,372,TRUE,0,NA
2016,EcoS,2016847,LAHV,Helmer Hanssen,2016_77,35,105,TRUE,0,NA
2016,EggaS,2016105,LMEL,G.O.Sars,2016_48,37,111,TRUE,0,NA
2016,Other,2016203,LDGJ,Johan Hjort,2016_91,16,48,TRUE,0,NA
2016,Other,2016838,LAHV,Helmer Hanssen,2016_75,16,48,TRUE,0,NA
2016,WinterS,2016202,LDGJ,Johan Hjort,2016_82,243,729,TRUE,0,NA
2016,WinterS,2016846,LAHV,Helmer Hanssen,2016_76,69,207,TRUE,0,NA
2017,CoastalS,2017210,LDGJ,Johan Hjort,2017_80,103,309,TRUE,0,NA
2017,CoastalS,2017620,LGWS,Kristine Bonnevie,2017_107,83,249,TRUE,0,NA
2017,EcoS,2017113,LMEL,G.O.Sars,2017_82,49,147,TRUE,0,NA
2017,EcoS,2017209,LDGJ,Johan Hjort,2017_79,88,264,TRUE,0,NA
2017,EcoS,2017856,LAHV,Helmer Hanssen,2017_77,26,78,TRUE,0,NA
2017,EggaN,2017848,TFNA,Arni Fridriksson,2017_24,111,333,TRUE,0,NA
2017,Other,2017625,LGWS,Kristine Bonnevie,2017_385,9,27,TRUE,0,NA
2017,WinterS,2017102,LMEL,G.O.Sars,2017_72,166,498,TRUE,0,NA
2017,WinterS,2017849,LAHV,Helmer Hanssen,2017_76,132,396,FALSE,1,Russian EEZ
2018,CoastalS,2018210,LDGJ,Johan Hjort,2018_83,120,360,TRUE,0,NA
2018,CoastalS,2018623,LGWS,Kristine Bonnevie,2018_95,91,273,TRUE,0,NA
2018,EcoS,2018110,LMEL,G.O.Sars,2018_80,44,132,TRUE,0,NA
2018,EcoS,2018209,LDGJ,Johan Hjort,2018_359,78,234,TRUE,0,NA
2018,EcoS,2018838,LAHV,Helmer Hanssen,2018_92,36,108,TRUE,0,NA
2018,EggaS,2018104,LMEL,G.O.Sars,2018_50,65,195,TRUE,0,NA
2018,Other,2018006,LK7560,Katla,2018_108,68,204,TRUE,0,NA
2018,Other,2018203,LDGJ,Johan Hjort,2018_82,3,9,TRUE,0,NA
2018,Other,2018707,3YYQ,Kronprins Haakon,2018_10,4,12,TRUE,0,NA
2018,WinterS,2018202,LDGJ,Johan Hjort,2018_22,188,564,FALSE,1,Russian EEZ
2018,WinterS,2018836,LAHV,Helmer Hanssen,2018_81,208,624,TRUE,0,NA
2019,CoastalS,2019210,LDGJ,Johan Hjort,2019_97,133,399,TRUE,0,NA
2019,CoastalS,2019629,LGWS,Kristine Bonnevie,2019_84,97,291,TRUE,0,NA
2019,EcoS,2019113,LMEL,G.O.Sars,2019_415,57,171,TRUE,0,NA
2019,EcoS,2019209,LDGJ,Johan Hjort,2019_32,87,261,TRUE,0,NA
2019,EcoS,2019813,LAHV,Helmer Hanssen,2019_29,21,63,TRUE,0,NA
2019,EggaN,2019860,TFNA,Arni Fridriksson,2019_422,109,327,TRUE,0,NA
2019,Other,2019203,LDGJ,Johan Hjort,2019_335,12,36,TRUE,0,NA
2019,Other,2019607,LGWS,Kristine Bonnevie,2019_315,6,18,TRUE,0,NA
2019,Other,2019615,LGWS,Kristine Bonnevie,2019_333,7,21,TRUE,0,NA
2019,Other,2019824,LK7560,Katla,2019_314,80,240,TRUE,0,NA
2019,Other,2019825,LK7560,Katla,2019_61,84,252,TRUE,0,NA
2019,WinterS,2019202,LDGJ,Johan Hjort,2019_278,230,690,FALSE,1,Russian EEZ
2019,WinterS,2019802,LAHV,Helmer Hanssen,2019_285,174,522,TRUE,0,NA
2020,CoastalS,2020210,LDGJ,Johan Hjort,2020_312,127,381,TRUE,0,NA
2020,CoastalS,2020620,LGWS,Kristine Bonnevie,2020_249,107,321,TRUE,0,NA
2020,EcoS,2020111,LMEL,G.O.Sars,2020_217,66,198,TRUE,0,NA
2020,EcoS,2020209,LDGJ,Johan Hjort,2020_231,79,237,TRUE,0,NA
2020,EcoS,2020706,3YYQ,Kronprins Haakon,2020_230,51,153,TRUE,0,NA
2020,EggaS,2020103,LMEL,G.O.Sars,2020_101,35,105,TRUE,0,NA
2020,WinterS,2020203,LDGJ,Johan Hjort,2020_93,166,498,FALSE,1,Russian EEZ
2020,WinterS,2020842,LAHV,Helmer Hanssen,2020_72,182,546,TRUE,0,NA
2021,CoastalS,2021210,LDGJ,Johan Hjort,2021_291,137,411,TRUE,0,NA
2021,CoastalS,2021624,LGWS,Kristine Bonnevie,2021_339,105,315,TRUE,0,NA
2021,EcoS,2021108,LMEL,G.O.Sars,2021_239,49,147,TRUE,0,NA
2021,EcoS,2021209,LDGJ,Johan Hjort,2021_251,91,273,TRUE,0,NA
2021,EcoS,2021848,LAHV,Helmer Hanssen,2021_276,46,138,TRUE,0,NA
2021,EggaN,2021110,LMEL,G.O.Sars,2021_280,97,291,TRUE,0,NA
2021,Other,2021204,LDGJ,Johan Hjort,2021_366,7,21,TRUE,0,NA
2021,WinterS,2021203,LDGJ,Johan Hjort,2021_12,197,591,TRUE,0,NA
2021,WinterS,2021701,3YYQ,Kronprins Haakon,2021_337,41,123,TRUE,0,NA
2021,WinterS,2021846,LAHV,Helmer Hanssen,2021_25,99,297,TRUE,0,NA
2022,CoastalS,2022211,LDGJ,Johan Hjort,2022_264,114,342,TRUE,0,NA
2022,CoastalS,2022626,LGWS,Kristine Bonnevie,2022_304,139,417,TRUE,0,NA
2022,EcoS,2022110,LMEL,G.O.Sars,2022_178,64,192,TRUE,0,NA
2022,EcoS,2022210,LDGJ,Johan Hjort,2022_217,95,285,TRUE,0,NA
2022,EggaS,2022104,LMEL,G.O.Sars,2022_41,68,204,TRUE,0,NA
2022,Other,2022114,LMEL,G.O.Sars,2022_274,5,15,TRUE,0,NA
2022,Other,2022205,LDGJ,Johan Hjort,2022_260,3,9,TRUE,0,NA
2022,Other,2022609,LGWS,Kristine Bonnevie,2022_40,27,81,TRUE,0,NA
2022,WinterS,2022204,LDGJ,Johan Hjort,2022_22,192,576,TRUE,0,NA
2022,WinterS,2022840,LAHV,Helmer Hanssen,2022_66,148,444,TRUE,0,NA
2023,CoastalS,2023002012,LDGJ,Johan Hjort,2023_240,138,414,TRUE,0,NA
2023,CoastalS,2023006017,LGWS,Kristine Bonnevie,2023_232,78,234,TRUE,0,NA
2023,EcoS,2023001012,LMEL,G.O.Sars,2023_193,67,201,TRUE,0,NA
2023,EcoS,2023002011,LDGJ,Johan Hjort,2023_226,84,252,TRUE,0,NA
2023,EcoS,2023007016,3YYQ,Kronprins Haakon,2023_200,29,87,TRUE,0,NA
2023,EggaN,2023001015,LMEL,G.O.Sars,2023_250,108,324,TRUE,0,NA
2023,WinterS,2023002003,LDGJ,Johan Hjort,2023_61,236,708,TRUE,0,NA
2023,WinterS,2023007002,3YYQ,Kronprins Haakon,2023_40,79,237,TRUE,0,NA
2024,CoastalS,2024002012,LDGJ,Johan Hjort,2024_64,204,612,TRUE,0,NA
2024,EcoS,2024001012,LMEL,G.O.Sars,2024_309,60,180,TRUE,0,NA
2024,EcoS,2024002011,LDGJ,Johan Hjort,2024_330,63,189,TRUE,0,NA
2024,EcoS,2024007012,3YYQ,Kronprins Haakon,2024_3,33,99,TRUE,0,NA
2024,EggaS,2024001006,LMEL,G.O.Sars,2024_100,57,171,TRUE,0,NA
2024,Other,2024002004,LDGJ,Johan Hjort,2024_116,2,6,TRUE,0,NA
2024,WinterS,2024002003,LDGJ,Johan Hjort,2024_119,229,687,TRUE,0,NA
2024,WinterS,2024007002,3YYQ,Kronprins Haakon,2024_80,128,384,TRUE,0,NA
2025,CoastalS,2025002011,LDGJ,Johan Hjort,2025_359,248,744,TRUE,0,NA
2025,EcoS,2025001013,LMEL,G.O.Sars,2025_299,65,195,TRUE,0,NA
2025,EcoS,2025002010,LDGJ,Johan Hjort,2025_307,74,222,TRUE,0,NA
2025,EcoS,2025202001,LAHV,Helmer Hanssen,2025_302,40,120,TRUE,0,NA
2025,EggaN,2025001017,LMEL,G.O.Sars,2025_335,83,249,TRUE,0,NA
2025,Other,2025202002,LAHV,Helmer Hanssen,2025_183,33,99,TRUE,0,NA
2025,WinterS,2025002002,LDGJ,Johan Hjort,2025_80,287,861,TRUE,0,NA
2025,WinterS,2025007001,3YYQ,Kronprins Haakon,2025_54,88,264,TRUE,0,NA
